tree
version=v4
num_class=3
num_tree_per_iteration=3
label_index=0
max_feature_idx=37
objective=multiclass num_class:3
feature_names=age sex HE_ht HE_wt HE_wc DI1_dg DI2_dg HE_HP BS1_1 BS3_1 BD1_11 BD2_1 BE3_71 BE3_81 pa_aerobic L_BR_FQ L_LN_FQ L_DN_FQ N_EN N_CHO N_SUGAR HE_DMfh1 HE_DMfh2 HE_DMfh3 BMI waist_height_ratio smoking_status alcohol_risk_score total_MET_min_week family_dm_count meal_regularity HE_HbA1c HE_sbp HE_dbp HE_chol HE_TG HE_HDL_st2 HE_anem
feature_infos=[19:80] [1:2] [113.90000000000001:196] [20.600000000000001:164.80000000000001] [46.200000000000003:147.5] [0:9] [0:9] [1:4] [1:9] [1:9] [1:9] [1:9] [1:9] [1:9] [0:1] [1:4] [1:4] [1:4] [301.95707900000008:7796.5857180000003] [10.33953636:1396.0344889999999] [0.0020829146899999998:448.37068463197397] [0:9] [0:9] [0:9] [11.894753374414504:62.640542114361573] [0.31399317406143346:0.88456549935149165] [0:2] [2:81] [0:33600] [0:3] [1:4] [3.1000000000000001:17.600000000000001] [65:243] [30:151] [66:554] [11:1940] [8:150] [0:1]
tree_sizes=3377 3351 3335 3364 3444 3460 3392 3454 3446 3390 3440 3452 3385 3453 3448 3390 3456 3456 3407 3462 3465 3414 3451 3466 3412 3459 3463 3412 3454 3457 3408 3445 3452 3411 3459 3438 3425 3454 3437 3413 3453 3425 3423 3454 3429 3419 3461 3422 3422 3446 3428 3416 3446 3415 3421 3458 3419 3430 3451 3426 3408 3459 3417 3426 3458 3412 3436 3459 3415 3432 3452 3418 3439 3458 3412 3430 3448 3395 3428 3435 3409 3448 3447 3399 3428 3427 3407 3415 3418 3399 3434 3428 3388 3424 3419 3405 3448 3404 3404 3422 3427 3396 3413 3403 3395 3407 3420 3415 3400 3422 3416 3434 3449 3428 3423 3413 3425 3417 3424 3420 3416 3428 3428 3428 3434 3441 3408 3448 3442 3420 3441 3439 3419 3439 3448 3417 3446 3431 3434 3441 3446 3408 3429 3444 3405 3432 3448 3406 3443 3429 3426 3436 3440 3413 3422 3437 3421 3417 3443 3401 3433 3448 3406 3430 3444 3440 3443 3451 3426 3420 3453 3412 3415 3455 3427 3404 3442 3413 3427 3464 3421 3432 3468 3412 3436 3466 3414 3432 3472 3420 3396 3473 3400 3409 3476 3412 3376 3463 3439 3420 3490 3418 3403 3480 3411 3423 3485 3423 3440 3477 3418 3415 3484 3412 3399 3475 3431 3430 3478 3428 3421 3479 3451 3416 3488 3414 3435 3488 3413 3415 3497 3438 3430 3511 3392 3400 3498 3383 3373 3507 3410 3400 3511 3424 3424 3513 3398 3419 3502 3407 3424 3511 3433 3412 3506 3421 3443 3523

Tree=0
num_leaves=31
num_cat=0
split_feature=31 31 6 5 5 4 6 6 6 0 8 31 31 0 4 1 5 20 20 8 1 27 27 25 35 32 35 4 0 7
split_gain=82982.4 1015.3 712.866 581.754 1075.64 285.52 258.969 212.352 109.954 82.3132 93.0109 70.9685 195.315 63.2613 44.4914 43.0445 30.9886 27.6787 39.2138 27.2596 25.1695 23.8896 24.2575 19.7647 17.0577 17.0196 16.7035 16.5773 16.5381 17.2326
threshold=5.6000049957114308 5.4500000000000011 0.02581851184694817 7.9713708910364298 1.0000867206522146 78.300047693209223 1.3865816092077552 7.9999628160976615 0.99995336598937867 38.000665265505837 7.9747254713304363 5.5000361346034827 5.5999934808113094 52.000234348958038 82.608938740929474 1.9999498421511459 0.89161611045848066 46.64913513714427 52.836653738322788 3.2218153508040688 1.9999498421511459 12.000085134999152 14.999246317151824 0.44705528420754587 201.00140018873498 132.00066002733669 159.00449682071277 84.300023921980127 27.009328575640399 1.0124512793791161
decision_type=2 2 2 2 2 2 2 2 2 2 2 2 2 2 2 2 2 2 2 2 2 2 2 2 2 2 2 2 2 2
left_child=1 -1 -3 4 6 13 8 -8 -4 28 11 20 -13 23 24 21 -10 -18 -19 -15 -11 -14 -23 -5 -9 -16 -22 -24 -7 -30
right_child=-2 2 3 5 -6 9 7 14 16 10 -12 12 15 19 25 -17 17 18 -20 -21 26 22 27 -25 -26 -27 -28 -29 29 -31
leaf_value=-0.89861230169516115 -1.1986123194398897 -0.90045604283085623 -1.1986123194398897 -0.9116304989986711 -1.1986123194398897 -0.91626352164277747 -1.1986123194398897 -0.9608359375109311 -0.90062271524918702 -0.89861230169516115 -0.91153238752957788 -1.1986123194398897 -0.98490089893213606 -0.95649167816232583 -1.0028054195862561 -0.89861230169516115 -0.90055076368528875 -0.98156713227852554 -0.90103376565025728 -1.1318572207744393 -0.96255823582672606 -1.1986123194398897 -0.98700599040522996 -0.93074078941534855 -1.0356282711810068 -1.0411008147309602 -0.99706477211114453 -1.0301657747250295 -0.93574168496801025 -0.97120753955408112
leaf_weight=7898.3661187291145 30347.023949146271 2448.9865558445454 15.418645173311232 1545.3576627969742 265.56723302602768 182.37570545077324 60.694456607103348 226.31043019890785 249.22890082001686 50.720986813306808 171.29670733213425 50.634601920843124 419.65683722496033 415.36581742763519 225.9272189438343 42.659373015165329 103.79213348031044 227.96247297525406 82.288031339645386 9.0573017299175245 544.29042506217957 7.3772267699241629 134.29272389411926 832.88125109672546 35.242100268602371 238.63194391131401 188.99325719475746 263.82048243284225 319.70984125137329 239.73403972387314
leaf_count=23514 91434 7291 46 4601 792 543 181 674 742 151 510 151 1250 1237 673 127 309 679 245 27 1621 22 400 2480 105 711 563 786 952 714
internal_value=-1.09861 -0.925167 -0.94702 -0.96297 -1.01344 -0.946846 -0.979881 -1.01892 -0.934619 -0.970609 -0.981771 -0.988838 -1.0077 -0.92467 -1.0039 -0.996563 -0.928483 -0.945253 -0.960207 -0.960234 -0.966739 -1.00163 -1.01894 -0.918323 -0.970914 -1.02248 -0.971452 -1.01561 -0.942415 -0.95094
internal_weight=47843.7 17496.6 9598.27 7149.29 1731.06 5418.22 1465.5 786.806 678.69 2615.56 1873.74 1702.45 918.441 2802.66 726.112 867.807 663.272 414.043 310.251 424.423 784.005 825.147 405.49 2378.24 261.553 464.559 733.284 398.113 741.82 559.444
internal_count=143531 52097 28583 21292 5157 16135 4365 2344 2021 7790 5581 5071 2736 8345 2163 2585 1975 1233 924 1264 2335 2458 1208 7081 779 1384 2184 1186 2209 1666
is_linear=0
shrinkage=1


Tree=1
num_leaves=31
num_cat=0
split_feature=31 31 31 6 5 5 4 6 6 6 0 8 31 31 0 4 1 5 8 20 20 1 27 27 25 35 32 4 0 7
split_gain=23836.1 58911.5 1006.7 714.108 577.315 1071.43 284.052 261.604 212.649 108.017 81.2157 92.315 71.5333 195.755 62.6861 45.1447 42.8448 30.8766 27.3335 27.0917 39.9635 24.8913 24.5542 24.2575 19.897 17.2572 17.0196 16.5773 16.5381 17.2326
threshold=6.4051489207289158 5.6000049957114308 5.4500000000000011 0.307916612642544 7.9713708910364298 1.0000867206522146 78.300047693209223 1.3865816092077552 7.9999628160976615 0.99995336598937867 38.000665265505837 7.9747254713304363 5.5000361346034827 5.5999934808113094 52.000234348958038 82.608938740929474 1.9999498421511459 0.89161611045848066 3.2218153508040688 46.64913513714427 52.836653738322788 1.9999498421511459 12.000085134999152 14.999246317151824 0.44705528420754587 201.00140018873498 132.00066002733669 84.300023921980127 27.009328575640399 1.0124512793791161
decision_type=2 2 2 2 2 2 2 2 2 2 2 2 2 2 2 2 2 2 2 2 2 2 2 2 2 2 2 2 2 2
left_child=1 2 -1 -4 5 7 14 9 -9 -5 28 12 21 -14 24 25 22 -11 -16 -19 -21 -12 -15 -24 -6 -10 -17 -25 -8 -30
right_child=-2 -3 3 4 6 -7 10 8 15 17 11 -13 13 16 18 26 -18 19 -20 20 -22 -23 23 27 -26 -27 -28 -29 29 -31
leaf_value=-1.1986123107390754 -1.1986123107390754 -0.89926833851758048 -1.1970104985358672 -0.89861231073907533 -1.1856579563474681 -0.89935531613211339 -1.1809610918355127 -0.89861231073907533 -1.1368246237923816 -1.196997754055936 -1.1986123107390754 -1.1856922256688698 -0.89861231073907533 -1.1127939072669406 -1.1409704607149804 -1.0944191990109085 -1.1986123107390754 -1.1966738488636059 -0.96536740545602218 -1.1160902709586562 -1.1973897933787148 -1.1261764526548332 -0.89861231073907533 -1.1102186272574128 -1.1664838249192588 -1.0615963493575999 -1.0561238061313423 -1.0670588454904755 -1.1614829296623954 -1.1260170771740976
leaf_weight=7898.3661187291145 15909.741176605225 14437.282772541046 2449.3154189884663 15.089782029390333 1545.3576627969742 265.56723302602768 182.37570545077324 60.694456607103348 226.31043019890785 249.22890082001686 50.720986813306808 171.29670733213425 50.634601920843124 419.65683722496033 415.36581742763519 225.9272189438343 42.659373015165329 103.79213348031044 9.0573017299175245 227.96247297525406 82.288031339645386 733.28368225693703 7.3772267699241629 134.29272389411926 832.88125109672546 35.242100268602371 238.63194391131401 263.82048243284225 319.70984125137329 239.73403972387314
leaf_count=23514 48378 43056 7292 45 4601 792 543 181 674 742 151 510 151 1250 1237 673 127 309 27 679 245 2184 22 400 2480 105 711 786 952 714
internal_value=-1.09861 -1.04879 -1.17217 -1.15041 -1.13445 -1.08416 -1.15051 -1.11766 -1.07843 -1.16317 -1.1268 -1.11572 -1.10868 -1.08974 -1.17263 -1.09346 -1.10089 -1.16919 -1.13722 -1.15245 -1.13765 -1.13086 -1.09584 -1.07829 -1.17894 -1.12669 -1.07475 -1.08162 -1.15481 -1.14629
internal_weight=47843.7 31933.9 17496.6 9598.27 7148.96 1730.73 5418.22 1465.17 786.806 678.361 2615.56 1873.74 1702.45 918.441 2802.66 726.112 867.807 663.272 424.423 414.043 310.251 784.005 825.147 405.49 2378.24 261.553 464.559 398.113 741.82 559.444
internal_count=143531 95153 52097 28583 21291 5156 16135 4364 2344 2020 7790 5581 5071 2736 8345 2163 2585 1975 1264 1233 924 2335 2458 1208 7081 779 1384 1186 2209 1666
is_linear=0
shrinkage=1


Tree=2
num_leaves=31
num_cat=0
split_feature=31 25 34 4 35 20 5 10 18 33 19 35 12 18 20 34 19 24 19 18 5 23 33 19 23 3 36 14 31 6
split_gain=95344.4 0.51516 1.17193 1.02879 0.717515 2.28509 3.8748 3.26448 13.0516 1.15227 0.473657 0.807045 0.36639 2.85235 21.6557 0.286922 2.00781 0.166836 0.27702 0.905684 2.89851 0.513654 1.42807 3.27904 0.461845 0.469625 0.163467 1.12041 0.134264 0.320675
threshold=6.4051489207289158 0.55362742704479029 99.324308117898298 76.800767565638338 263.0650485609408 45.59752770998778 1.6179508249256476 1.844912699887258 1188.1385530103973 97.00096425714159 576.70143839226409 337.21527486917614 3.9276554430766191 979.63991597029997 48.902322702405037 291.04424081531926 399.69389713907998 26.347182043348891 253.22772251565021 1292.7162729971992 6.0053365900452427 0.053921090563001102 62.384099598516933 339.13083635750962 0.14316187366249092 75.100437401930705 33.29955939267159 0.12870319667707894 6.3000100808444772 1.4469561112096274
decision_type=2 2 2 2 2 2 2 2 2 2 2 2 2 2 2 2 2 2 2 2 2 2 2 2 2 2 2 2 2 2
left_child=1 28 -3 -4 12 6 7 8 -6 -9 -7 -12 15 14 -14 17 -17 18 -5 20 -20 26 23 -23 -24 -26 27 -21 -1 -30
right_child=-2 2 3 4 5 10 -8 9 -10 -11 11 -13 13 -15 -16 16 -18 -19 19 21 -22 22 24 -25 25 -27 -28 -29 29 -31
leaf_value=-1.1984853878571837 -0.89861223582536609 -1.1667504643024083 -1.1617779092968183 -1.1986122358253661 -1.035087370295382 -1.1984081695025626 -1.1269559722700351 -1.1969961685031776 -1.1986122358253661 -1.1543745695605265 -1.15435943408371 -1.1986122358253661 -1.1986122358253661 -1.1986122358253661 -1.0174248148354743 -1.1986122358253661 -1.1395615196096638 -1.198585252895251 -1.1986122358253661 -1.1986122358253661 -1.1304442903246099 -1.1098492195574612 -1.1691338209298068 -1.1986122358253661 -1.1969085308387086 -1.1705447061475387 -1.1983444304522015 -1.1543632189237909 -1.1980673723267716 -1.1891764116789789
leaf_weight=24888.740646600723 15909.741176605225 12.38587039709091 8.0353533625602704 1033.6179943680763 6.6365954279899624 483.46509027481079 11.014690220355986 122.09756588935852 18.449361503124237 6.6906067728996268 6.6883184313774136 10.736805558204649 48.981419324874878 311.68438297510147 7.6231848597526541 41.600759387016296 6.682997226715087 3656.3465403914452 22.142551898956302 39.598513722419739 8.6837538480758649 6.6689223051071194 6.693639636039733 11.070417821407316 173.72539955377579 7.0301123261451712 736.79584550857544 6.6888905167579642 181.07093507051468 52.278922140598297
leaf_count=74152 48378 37 24 3081 20 1441 33 364 55 20 20 32 146 929 23 124 20 10898 66 118 26 20 20 33 518 21 2196 20 540 156
internal_value=-1.09861 -1.19825 -1.19748 -1.19754 -1.19758 -1.19446 -1.18425 -1.18835 -1.15535 -1.19478 -1.19782 -1.18163 -1.19792 -1.19486 -1.17421 -1.19812 -1.19044 -1.19818 -1.19746 -1.19629 -1.17941 -1.19682 -1.19236 -1.16524 -1.19493 -1.19588 -1.19798 -1.19222 -1.19846 -1.19608
internal_weight=47843.7 31933.9 6811.84 6799.45 6791.41 665.779 164.889 153.874 25.086 128.788 500.89 17.4251 6125.64 368.289 56.6046 5757.35 48.2838 5709.06 2052.72 1019.1 30.8263 988.272 205.188 17.7393 187.449 180.756 783.083 46.2874 25122.1 233.35
internal_count=143531 95153 20305 20268 20244 1985 492 459 75 384 1493 52 18259 1098 169 17161 144 17017 6119 3038 92 2946 612 53 559 539 2334 138 74848 696
is_linear=0
shrinkage=1


Tree=3
num_leaves=31
num_cat=0
split_feature=31 31 6 7 7 25 6 6 31 31 9 4 25 0 35 14 20 20 6 6 7 7 1 1 5 5 35 35 25 4
split_gain=65231.4 662.658 471.436 398.93 528.069 172.411 97.2419 169.754 95.15 636.337 58.0983 44.1046 32.3052 23.8195 24.3007 20.8017 19.7092 24.7626 18.7862 64.7261 18.1268 85.2903 18.5675 17.073 16.4916 47.517 15.0844 14.191 12.9557 12.8045
threshold=5.6000049957114308 5.4500000000000011 0.02581851184694817 2.0000072118457903 2.9999957838943483 0.45466363491950834 1.1608587868022424 7.9999628160976615 5.5000361346034827 5.5999934808113094 2.9929295703187844 83.300045616672904 0.54759382611431962 38.000665265505837 115.00077596112443 0.99998693382312853 45.139532238350192 52.836653738322788 7.9999628160976615 4.1688756413562267 1.0000092959755851 1.9991072473805913 1.9999498421511459 1.9999498421511459 7.9713708910364298 1.0000867206522146 118.00239311196896 307.7083945827406 0.5744204078763121 86.800142421327919
decision_type=2 2 2 2 2 2 2 2 2 2 2 2 2 2 2 2 2 2 2 2 2 2 2 2 2 2 2 2 2 2
left_child=1 -1 -3 5 -5 18 15 -8 12 -10 13 27 20 -11 -15 16 -6 29 19 -4 -7 -22 -23 28 25 26 -13 -9 -12 -18
right_child=-2 2 3 4 6 8 7 11 9 10 23 24 -14 14 -16 -17 17 -19 -20 -21 21 22 -24 -25 -26 -27 -28 -29 -30 -31
leaf_value=0.16545179885375791 -0.095039232093571763 0.16401280609623484 0.15009446797238651 -0.096665270842543352 0.164631956855703 0.14500368733084346 -0.09546403968224329 0.11047147039404369 -0.097402821153803734 0.12395390375852194 0.13540592397402254 0.08757679562203656 0.1070925605145191 0.11426474572721559 0.070631770652645601 0.16628391675884935 0.11539331494663518 0.16271741676388651 0.15350213924113787 -0.096550639805845911 -0.10573101698137342 0.16834365262697781 0.1179950259139556 0.16805470285061871 0.08758942799010401 -0.095048082215232657 0.049120693953009227 0.033024835069073992 0.069743113307661517 0.070711106762619685
leaf_weight=8550.8051840364933 28597.588213175535 2649.9002143144608 51.010481059551239 161.33009192347527 74.093943178653717 1012.4021170139313 54.249675542116165 514.48946979641914 151.93061172962189 277.61926618218422 422.56084835529327 167.81494274735451 454.31019434332848 210.81113547086716 323.52778291702271 116.09212046861649 130.78325891494751 64.676354289054871 1993.6870975494385 13.443994522094725 16.032944113016129 94.345988214015961 327.48786142468452 167.82058212161064 298.12399983406067 19.594344228506088 260.07687306404114 24.800012499094009 32.348854243755341 125.85100856423378
leaf_count=23514 91434 7291 141 503 204 2821 171 1449 471 775 1185 483 1277 598 923 321 370 178 5516 42 46 261 917 464 846 62 749 71 91 357
internal_value=2.10954e-05 0.144915 0.127717 0.114997 0.0768501 0.128828 0.0919763 0.0778095 0.115294 0.0972064 0.117815 0.0851252 0.130362 0.100192 0.0878462 0.129066 0.118139 0.107418 0.151784 0.0986489 0.137651 0.120652 0.129256 0.140794 0.0693686 0.0572296 0.0642028 0.10691 0.130737 0.0934816
internal_weight=47359.6 18762 10211.2 7561.32 2011.98 5549.34 1850.65 1339.15 3491.2 1586.62 1434.69 1284.9 1904.58 811.958 534.339 511.497 395.405 321.311 2058.14 64.4545 1450.27 437.867 421.834 622.73 745.61 447.486 427.892 539.289 454.91 256.634
internal_count=143531 52097 28583 21292 5764 15528 5261 3831 9829 4507 4036 3660 5322 2296 1521 1430 1109 905 5699 183 4045 1224 1178 1740 2140 1294 1232 1520 1276 727
is_linear=0
shrinkage=0.1


Tree=4
num_leaves=31
num_cat=0
split_feature=31 31 31 6 25 31 31 1 7 7 20 7 7 5 5 0 20 5 5 35 14 0 9 24 32 6 25 25 32 35
split_gain=19824.9 44143.1 923.641 640.722 493.013 233.367 977.922 177.225 84.1763 90.3119 77.8093 86.4664 78.1583 65.2528 163.08 42.618 41.8782 37.3563 94.4319 31.6162 26.2256 19.2074 20.6462 18.8404 18.4293 18.039 17.2571 16.9188 12.9907 12.1206
threshold=6.4051489207289158 5.6000049957114308 5.4500000000000011 0.307916612642544 0.47405655764515325 5.5000361346034827 5.5999934808113094 1.9999498421511459 2.017501842968223 2.9999957838943483 47.524496263239179 1.0000092959755851 1.9991072473805913 7.9713708910364298 1.2982128456757782 53.447302053512466 47.503460379324636 7.9713708910364298 1.1130198933640301 99.000327270889201 0.99998693382312853 38.000665265505837 2.9929295703187844 23.053148184366076 133.5002140303329 6.3442571416428164 0.44837051811051692 0.54759382611431962 131.22826221284259 162.00427228574543
decision_type=2 2 2 2 2 2 2 2 2 2 2 2 2 2 2 2 2 2 2 2 2 2 2 2 2 2 2 2 2 2
left_child=1 2 -1 -4 13 10 -7 8 19 -10 11 27 -13 14 25 26 -14 18 23 -8 24 -21 -23 -18 -11 -5 -15 -6 -25 -26
right_child=-2 -3 3 4 5 6 7 -9 9 20 -12 12 16 15 -16 -17 17 -19 -20 21 -22 22 -24 28 29 -27 -28 -29 -30 -31
leaf_value=-0.095034915660214103 -0.095037167270798306 0.16492811594325091 -0.09341189582905346 -0.08704475143519548 -0.061739782282345557 0.16931675036620561 -0.050264623881803173 -0.096181894637010837 0.17781151282471333 -0.00072102698959958331 -0.09461402479681795 0.19397992194993016 -0.093597266347373406 -0.0815086001562767 0.16552212238249128 -0.031693752097673153 -0.041804351159105441 -0.0267908291414721 0.16552053327387192 -0.038309374929416072 -0.087741431035145923 0.01392680898809453 -0.03068588533695309 -0.012227840702898759 0.017900747506166725 -0.022560187933555537 -0.062064321786381431 -0.02923913818051152 0.027184050968792808 0.058050512013278779
leaf_weight=7442.5957369208336 14992.165615797043 15627.312667399645 2310.4340105652809 90.564112216234207 624.38316735625267 331.46332669258118 305.99831759929657 246.19685018062592 35.612319588661194 272.66832834482193 200.44095277786255 18.315593630075455 62.801852017641068 1540.3967281579971 41.016511917114258 244.08928740024567 91.977553158998489 564.17336258292198 36.660890221595764 189.25193095207214 24.343555986881256 318.45463871955872 153.85024452209473 153.43690326809883 176.68372175097466 83.26701095700264 648.64403629302979 215.43779182434082 183.83506992459297 130.89319568872452
leaf_count=23514 48378 43056 7292 283 1919 923 930 767 101 817 625 54 198 4824 113 743 278 1715 101 581 76 949 466 460 525 252 2003 657 544 387
internal_value=2.74053e-05 0.0440631 -0.0687824 -0.0477625 -0.0326627 -0.0119031 0.011113 -0.0171718 -0.00507295 0.0230567 -0.0352823 -0.0291868 -0.0108852 -0.0666629 -0.0138354 -0.0713276 -0.0143185 -0.00948508 0.0114705 -0.0236855 0.0139411 -0.0113915 -0.000605486 -0.00168639 0.0182071 -0.0561559 -0.075747 -0.0534024 0.00925419 0.034987
internal_weight=47357.4 32365.2 16737.9 9295.29 6984.86 4336.88 2185.42 1853.95 1607.76 640.201 2151.46 1951.02 1111.2 2647.98 214.848 2433.13 1092.89 1030.08 465.91 967.555 604.589 661.557 472.305 429.25 580.245 173.831 2189.04 839.821 337.272 307.577
internal_count=143531 95153 52097 28583 21291 13073 6522 5599 4832 1906 6551 5926 3350 8218 648 7570 3296 3098 1383 2926 1805 1996 1415 1282 1729 535 6827 2576 1004 912
is_linear=0
shrinkage=0.1


Tree=5
num_leaves=31
num_cat=0
split_feature=31 25 34 4 35 20 33 10 18 5 19 25 12 18 20 34 19 24 19 18 18 23 33 10 3 26 36 20 31 6
split_gain=74154.6 0.505199 1.16213 1.01403 0.705705 2.28733 3.88201 4.27433 14.0872 1.0467 0.468768 0.85178 0.370845 2.80924 20.0029 0.285344 1.95599 0.165375 0.273405 0.896107 2.88342 0.52206 1.40523 3.3979 0.470843 1.66123 0.161589 1.17508 0.137672 0.320518
threshold=6.4051489207289158 0.55362742704479029 99.324308117898298 76.800767565638338 263.0650485609408 45.59752770998778 98.007950120403976 1.3453561937783403 1196.3232159976753 2.7077414656599696 576.70143839226409 0.58465074078665358 3.9276554430766191 979.63991597029997 48.902322702405037 291.04424081531926 399.69389713907998 26.347182043348891 253.22772251565021 1292.7162729971992 1278.2573038147227 0.053921090563001102 62.384099598516933 2.0181427948330515 69.000023012666432 0.422378750372645 33.29955939267159 74.725894926585411 6.3000100808444772 1.4469561112096274
decision_type=2 2 2 2 2 2 2 2 2 2 2 2 2 2 2 2 2 2 2 2 2 2 2 2 2 2 2 2 2 2
left_child=1 28 -3 -4 12 6 7 8 -6 -9 -7 -12 15 14 -14 17 -17 18 -5 20 -20 26 23 -23 -24 -26 27 -21 -1 -30
right_child=-2 2 3 4 5 10 -8 9 -10 -11 11 -13 13 -15 -16 16 -18 -19 19 21 -22 22 24 -25 25 -27 -28 -29 29 -31
leaf_value=-0.09494384787046295 0.16544242603018344 -0.062597875219879917 -0.057688080272910031 -0.095078874239509656 0.079190342771586555 -0.094908537893457282 -0.0041432002932011679 -0.09273254671885664 -0.095134624337693416 -0.05148372044066632 -0.095679745852231324 -0.049040445199987098 -0.095054037937711278 -0.09505055247805258 0.079294378867990095 -0.095091958809574592 -0.035673174431514021 -0.095053213220144095 -0.095665713825297094 -0.095304378540330248 -0.026720104671845851 -0.0035180498070025053 -0.093755797349059339 -0.095944594780226516 -0.091634989486640728 -0.035774487676187475 -0.094826555147793368 -0.048753937419313415 -0.094485332389815879 -0.085342912649940872
leaf_weight=23466.94004252553 17224.275363564491 11.823057144880293 7.6903198361396781 974.57499739527702 6.6118941903114345 456.14112773537636 6.4097912907600394 121.26993963122368 15.508651435375212 6.4804927110671988 10.202978849411013 6.3547175228595725 46.167448073625565 293.76402902603149 7.6743488311767569 39.231606423854828 6.451115518808364 3447.6332613527775 20.720107525587085 37.447197139263153 8.5767675042152387 6.3837017714977291 143.35701549053192 10.552812844514845 26.954263150691986 6.6340678930282584 695.01652073860168 6.3409950435161582 170.69123730063438 49.457978874444962
leaf_count=74152 48378 37 24 3081 20 1441 20 383 49 20 32 20 146 929 23 124 20 10898 65 118 27 20 453 33 85 21 2196 20 540 156
internal_value=-4.85181e-05 -0.0947072 -0.0939208 -0.0939785 -0.0940221 -0.0908411 -0.0803533 -0.0836127 -0.0430284 -0.0906401 -0.0943086 -0.0777799 -0.0943684 -0.0912019 -0.0702033 -0.0945711 -0.0867011 -0.0946378 -0.0938984 -0.0927024 -0.0754816 -0.0932434 -0.088625 -0.0611072 -0.0912589 -0.0806019 -0.0944553 -0.0885634 -0.0949205 -0.0924314
internal_weight=47337.3 30113.1 6425.97 6414.15 6406.46 628.98 156.281 149.871 22.1205 127.75 472.699 16.5577 5777.48 347.606 53.8418 5429.87 45.6827 5384.19 1936.56 961.983 29.2969 932.687 193.882 16.9365 176.945 33.5883 738.805 43.7882 23687.1 220.149
internal_count=143531 95153 20305 20268 20244 1985 492 472 69 403 1493 52 18259 1098 169 17161 144 17017 6119 3038 92 2946 612 53 559 106 2334 138 74848 696
is_linear=0
shrinkage=0.1


Tree=6
num_leaves=31
num_cat=0
split_feature=31 31 6 25 31 31 1 7 7 1 25 31 31 32 7 7 6 6 20 0 9 35 20 35 35 35 6 6 35 32
split_gain=52525 493.556 351.183 298.282 111.904 559.482 109.482 79.356 130.729 46.4156 43.7647 35.0314 286.607 34.4694 33.8962 36.9071 20.7047 27.4913 19.2837 20.7433 16.564 15.9959 15.0615 13.7898 13.6447 10.4951 10.1604 34.878 9.67532 8.12552
threshold=5.6000049957114308 5.4500000000000011 0.02581851184694817 0.50798977926993516 5.5000361346034827 5.5999934808113094 1.9999498421511459 2.0000072118457903 2.9999957838943483 1.9999498421511459 0.44837051811051692 5.5000361346034827 5.5999934808113094 120.22234807923563 1.0000092959755851 1.9991072473805913 1.3865816092077552 7.9999628160976615 53.498553596108671 34.997897351121473 2.9929295703187844 144.0004728485809 52.835884892710332 103.00139577212856 223.33631604039701 234.01078119082493 7.9999628160976615 4.1688756413562267 175.00333859064446 112.00027761310507
decision_type=2 2 2 2 2 2 2 2 2 2 2 2 2 2 2 2 2 2 2 2 2 2 2 2 2 2 2 2 2 2
left_child=1 -1 -3 7 9 -6 13 10 -9 -5 26 29 -13 23 -11 -16 -10 -18 19 -15 25 -17 -21 -7 -19 -14 27 -4 -24 -12
right_child=-2 2 3 4 5 6 -8 8 16 14 11 12 20 18 15 21 17 24 -20 22 -22 -23 28 -25 -26 -27 -28 -29 -30 -31
leaf_value=0.14280579718559958 -0.090900141879515062 0.14153826947134523 0.12677353528743013 0.14788514191086896 -0.092615120451496946 0.11588941840909708 0.14695185778441097 -0.094455319584393849 0.12912688562631996 0.10865822507798401 0.12925304398654 -0.096758024084597632 0.10620944995532494 0.11164475354790167 -0.099997259714901102 0.090004539639317815 -0.093171691267682072 0.094663803482884917 0.14754649337851486 0.14229662169042662 0.12828807618106389 0.063117011707537071 0.05193749832016175 0.07797978309491882 0.042085920667521148 0.06265527048653996 0.13345220150344267 -0.091604658844182549 0.024064912164622101 0.11105588081680513
leaf_weight=8846.5508808791637 26700.645155310631 2742.0605992972851 40.831032305955887 146.86769339442253 215.56302526593208 132.22375881671906 212.85693070292473 38.723413795232773 137.79215314984322 552.82377153635025 749.22195157408714 70.558135569095612 429.10792163014412 48.486849546432495 11.571668595075606 576.96805617213249 8.4954474568366987 410.79590660333633 20.583846122026443 14.935202360153196 384.55783870816231 358.89574006199837 301.53473648428917 349.79756617546082 56.098361134529114 63.515112847089767 1866.2671557068825 8.9094818830490095 212.17241314053535 364.89005371928215
leaf_count=23514 91434 7291 109 393 717 359 569 126 371 1493 2009 225 1166 132 35 1587 28 1120 55 40 1034 997 842 963 156 174 4980 30 599 983
internal_value=4.90186e-05 0.125395 0.110763 0.0999231 0.0762124 0.0565315 0.0814044 0.116082 0.0837422 0.0942328 0.121382 0.111271 0.0971385 0.0684825 0.0889805 0.0774987 0.0949956 0.0851026 0.0524373 0.0490452 0.112735 0.0796934 0.0433036 0.0883788 0.0883465 0.100594 0.132263 0.0876578 0.0404255 0.123293
internal_weight=46074.3 19373.7 10527.1 7785.05 3155.28 1508.15 1292.59 4629.76 651.905 1647.13 3977.86 2061.85 947.739 1079.73 1500.26 947.435 613.182 475.39 597.713 577.129 877.181 935.864 528.642 482.021 466.894 492.623 1916.01 49.7405 513.707 1114.11
internal_count=143531 52097 28583 21292 8781 4276 3559 12511 1801 4505 10710 5591 2599 2990 4112 2619 1675 1304 1668 1613 2374 2584 1481 1322 1276 1340 5119 139 1441 2992
is_linear=0
shrinkage=0.1


Tree=7
num_leaves=31
num_cat=0
split_feature=31 31 31 6 25 31 31 1 32 20 7 7 5 5 0 20 35 0 5 5 20 20 35 6 24 25 25 4 35 0
split_gain=16640 34297.9 858.788 580.909 427.175 193.27 752.711 157.604 72.0764 71.5554 73.1508 60.6364 56.6317 129.311 40.1886 36.9041 35.0445 31.3216 30.4156 73.2406 27.0195 21.6234 19.1207 16.5786 15.9245 15.4329 14.7666 12.2579 11.1595 11.1427
threshold=6.4051489207289158 5.6000049957114308 5.4500000000000011 0.307916612642544 0.47405655764515325 5.5000361346034827 5.5999934808113094 1.9999498421511459 120.22234807923563 47.524496263239179 1.0000092959755851 1.9991072473805913 7.9713708910364298 1.2982128456757782 52.000234348958038 47.503460379324636 103.00139577212856 34.997897351121473 7.9713708910364298 1.1130198933640301 53.498553596108671 52.835884892710332 175.00333859064446 6.3442571416428164 23.053148184366076 0.44837051811051692 0.54631633092207554 86.400449241054773 136.00060403936365 28.002972263727042
decision_type=2 2 2 2 2 2 2 2 2 2 2 2 2 2 2 2 2 2 2 2 2 2 2 2 2 2 2 2 2 2
left_child=1 2 -1 -4 12 9 -7 8 16 10 26 -12 13 23 25 -13 -8 -10 19 24 21 -19 27 -5 -17 -14 -6 -23 -26 -18
right_child=-2 -3 3 4 5 6 7 -9 17 -11 11 15 14 -15 -16 18 29 20 -20 -21 -22 22 -24 -25 28 -27 -28 -29 -30 -31
leaf_value=-0.090892339569680375 -0.09089578343968728 0.142335317007771 -0.089204323503316543 -0.082817217079419497 -0.057230201914976353 0.14621466313380499 -0.056502674614173742 -0.092157603180310008 -0.047376366922245686 -0.090710487300012799 0.1652605715596962 -0.089528757251654281 -0.077057733794476835 0.14346926549239655 -0.029554679066321615 -0.038478022542540319 -0.064034220122555108 -0.087067023401573768 -0.023931680457814714 0.14401894629419321 -0.093030362431507613 -0.0035155867519822805 0.049102675590971909 -0.01985295443890861 -0.0080485024175344401 -0.058097708456187593 -0.026817873560751521 0.030211343506853186 0.028403329712934605 -0.0069706486188891876
leaf_weight=6948.3034539818764 13996.984979510307 16168.717210263014 2160.0031200945377 85.521584361791611 590.49249696731567 344.1598274409771 250.33636516332626 231.30237317085266 69.550362288951874 188.97350069880486 19.527568638324738 58.866487175226212 1447.018598139286 42.407005101442337 257.87982025742531 89.834524184465408 36.815135091543198 16.566308885812759 553.81941485404968 37.880784183740616 19.622124969959259 191.02811655402184 276.24714368581772 81.829955846071243 180.67197459936142 610.40541532635689 218.81725034117699 247.22393134236336 156.94021192193031 485.34340918064117
leaf_count=23514 48378 43056 7292 283 1895 923 784 767 216 625 54 198 4798 113 807 278 118 54 1715 101 64 576 810 252 540 1965 681 734 464 1476
internal_value=7.58006e-05 0.0397853 -0.0645151 -0.0440351 -0.0296641 -0.0103611 0.0105704 -0.015023 -0.00382128 -0.0320154 -0.0261986 -0.00937965 -0.0622606 -0.0125054 -0.0667682 -0.0125432 -0.0257416 0.0168232 -0.00809643 0.0107502 0.0227712 0.0258793 0.0284981 -0.0520296 -0.00106018 -0.0714326 -0.0490075 0.0155102 0.00889626 -0.010994
internal_weight=46063.1 32066.1 15897.4 8949.08 6789.08 4264.02 2168.2 1824.04 1592.73 2095.82 1906.85 1097.54 2525.06 209.759 2315.3 1078.01 772.495 820.238 1019.15 465.327 750.688 731.066 714.499 167.352 427.447 2057.42 809.31 438.252 337.612 522.159
internal_count=143531 95153 52097 28583 21291 13073 6522 5599 4832 6551 5926 3350 8218 648 7570 3296 2378 2454 3098 1383 2238 2174 2120 535 1282 6763 2576 1310 1004 1594
is_linear=0
shrinkage=0.1


Tree=8
num_leaves=31
num_cat=0
split_feature=31 25 34 4 35 20 5 10 15 19 19 4 12 18 20 34 19 24 19 18 5 23 32 4 5 1 14 20 24 25
split_gain=59438.4 0.490104 1.18086 1.02023 0.716575 2.33764 3.80507 3.11288 11.2259 1.2052 0.472497 0.908894 0.378222 2.81264 18.6474 0.28871 1.94662 0.170523 0.27289 0.906676 2.95531 0.547055 1.44944 5.29474 0.848551 1.65263 0.510367 0.166668 1.26251 0.15809
threshold=6.4051489207289158 0.55362742704479029 99.324308117898298 76.800767565638338 263.0650485609408 45.59752770998778 1.6179508249256476 1.844912699887258 2.4350011380807599 352.56578554415853 576.70143839226409 96.600160010361733 3.9276554430766191 979.63991597029997 52.835884892710332 291.04424081531926 399.69389713907998 26.347182043348891 253.22772251565021 1292.7162729971992 6.0053365900452427 0.053921090563001102 113.99960496189101 87.000057036231695 3.1308077800073564 1.4939521309296857 0.58431319695019213 100.9505857154757 25.955266194218453 0.65369267290129596
decision_type=2 2 2 2 2 2 2 2 2 2 2 2 2 2 2 2 2 2 2 2 2 2 2 2 2 2 2 2 2 2
left_child=1 -1 -3 -4 12 6 7 8 -6 29 -7 -12 15 14 -14 17 -17 18 -5 20 -20 27 23 -23 -24 -26 -25 -21 -29 -9
right_child=-2 2 3 4 5 10 -8 9 -10 -11 11 -13 13 -15 -16 16 -18 -19 19 21 -22 22 24 26 25 -27 -28 28 -30 -31
leaf_value=-0.090814273511384144 0.14279128367475466 -0.057395373012485013 -0.052577980411370122 -0.090989132605652834 -0.091789967640364789 -0.090847069103067835 -0.016804357625375466 -0.091159720776575678 0.061596092292483307 -0.055327909093730768 -0.042577390132694591 -0.092145608589701 -0.088953795092450008 -0.090959807749606977 0.090035756869609365 -0.091066433534702507 -0.030525526316167131 -0.090981136354597536 -0.091526219363557731 -0.090793667963902341 -0.019430084561569298 0.01706335309638609 -0.091198542058851403 -0.091379561518578539 -0.02492654585568967 -0.09109765473711616 -0.058385156047429235 -0.091004761254139976 -0.041531765797839515 -0.074311801397706184
leaf_weight=22138.04557454586 17819.933894634247 11.227293610572813 7.3323587775230399 910.91683825850487 16.135201603174213 426.77682316303253 10.219209909439085 96.960253715515137 6.7748708128929129 10.972887158393858 5.9962023496627799 9.6564995348453504 44.149673134088516 274.53871160745621 6.7044093012809745 36.714801907539368 6.2092969715595236 3223.6458301842213 19.702408254146579 646.19544869661331 7.9919139742851248 6.3080685138702384 131.14399898052216 22.024101763963703 5.9350339770317087 10.3672995865345 5.9559685885906211 39.335488557815552 5.9366808533668509 5.9088637232780448
leaf_count=74848 48378 37 24 3081 54 1441 33 327 21 37 20 32 149 929 20 124 20 10898 66 2181 26 21 442 74 20 35 20 133 20 20
internal_value=-0.00012508 -0.0905968 -0.0897961 -0.0898567 -0.0899024 -0.0865915 -0.0756648 -0.0800633 -0.0464313 -0.0868315 -0.0902212 -0.0731571 -0.0902635 -0.0869584 -0.0653565 -0.0904753 -0.0823087 -0.0905449 -0.0897686 -0.0885346 -0.070721 -0.0890995 -0.0842172 -0.0656978 -0.0885239 -0.0670074 -0.0843562 -0.0903827 -0.0845172 -0.090192
internal_weight=45969.7 28149.8 6011.74 6000.51 5993.18 589.401 146.971 136.752 22.9101 113.842 442.43 15.6527 5403.78 325.393 50.8541 5078.38 42.9241 5035.46 1811.81 900.896 27.6943 873.202 181.734 34.2881 147.446 16.3023 27.9801 691.468 45.2722 102.869
internal_count=143531 95153 20305 20268 20244 1985 492 459 75 384 1493 52 18259 1098 169 17161 144 17017 6119 3038 92 2946 612 115 497 55 94 2334 153 347
is_linear=0
shrinkage=0.1


Tree=9
num_leaves=31
num_cat=0
split_feature=31 31 6 25 31 31 1 7 7 20 25 31 31 32 7 20 0 20 6 6 5 5 9 20 32 35 35 36 8 6
split_gain=42975.2 403.518 284.566 234.132 83.1156 447.466 87.1117 63.7981 106.135 37.6542 35.4164 26.93 216.632 26.6958 24.3597 21.789 19.1192 18.1257 16.6701 22.1503 15.9638 71.203 14.4214 13.1938 11.0197 10.9663 10.2414 10.1685 9.24233 8.57554
threshold=5.6000049957114308 5.4500000000000011 0.02581851184694817 0.50798977926993516 5.5000361346034827 5.5999934808113094 1.9999498421511459 2.0000072118457903 2.9999957838943483 47.524496263239179 0.45218379002003767 5.5000361346034827 5.5999934808113094 118.23427068711295 1.0000092959755851 47.503460379324636 34.997897351121473 53.498553596108671 1.3865816092077552 7.9999628160976615 7.9713708910364298 1.1130198933640301 2.9929295703187844 52.835884892710332 127.97037552820858 223.33631604039701 103.00139577212856 40.805056167970712 7.9747254713304363 7.9999628160976615
decision_type=2 2 2 2 2 2 2 2 2 2 2 2 2 2 2 2 2 2 2 2 2 2 2 2 2 2 2 2 2 2
left_child=1 -1 -3 7 9 -6 13 10 -9 14 29 -12 -13 26 -5 -16 -15 23 -10 -20 21 24 -14 -18 27 -21 -7 -17 -25 -4
right_child=-2 2 3 4 5 6 -8 8 18 -11 11 12 22 16 15 20 17 -19 19 25 -22 -23 -24 28 -26 -27 -28 -29 -30 -31
leaf_value=0.12694383564821671 -0.087424913535086524 0.12573083641737029 0.078676582385640861 0.094752641916515778 -0.088887695848529846 0.10551087040292664 0.12998063768575716 -0.091730724254077481 0.11393925404263919 0.12993039979841742 0.10850070755111095 -0.093310691470934612 0.086950899261065362 0.10150749270383388 0.12680901218614538 0.045168932287241087 0.12644378399454778 0.13069872449239803 -0.090357734684733571 0.083079132394781013 0.077194389662984364 -0.091679488171413359 0.11345009494828487 0.035147663345104892 0.049916788263031829 0.036276597021684315 0.070506370946010602 0.10294116728493866 0.12126724564908349 0.11759358416405681
leaf_weight=8863.1040659248829 24725.991387963295 2749.0602871179581 58.271980106830597 553.29595738649368 199.998265594244 116.14781975746155 214.46337115764618 36.59888768196106 139.55004408955574 153.87676364183426 1060.1669366657734 63.352678626775742 471.59265542030334 61.120491981506348 59.989769697189331 44.517643511295319 16.986130625009537 22.652225881814957 7.9955393970012656 418.44710719585419 476.275470495224 32.506655424833298 363.80239102244377 569.04136961698532 256.88854342699051 56.867020577192307 298.09673577547073 96.522198230028152 12.740730464458464 1999.3218193054199
leaf_count=23514 91434 7291 164 1470 717 309 569 126 371 408 2811 215 1260 163 159 121 45 60 28 1120 1277 109 965 1575 701 156 804 260 34 5295
internal_value=8.23111e-05 0.111194 0.0980372 0.0883526 0.0674423 0.0504414 0.0716925 0.102596 0.0737691 0.0827914 0.107329 0.0977052 0.0849708 0.060295 0.0780193 0.0684419 0.0481409 0.0428919 0.0834938 0.074703 0.0645802 0.0506227 0.0984909 0.0395701 0.0622473 0.0774796 0.0803211 0.084706 0.0370336 0.116491
internal_weight=44199.2 19473.3 10610.1 7861.09 3185.12 1511.25 1311.25 4675.97 659.459 1673.87 4016.51 1958.91 898.748 1096.79 1520 966.7 682.541 621.42 622.86 483.31 906.711 430.435 835.395 598.768 397.928 475.314 414.245 141.04 581.782 2057.59
internal_count=143531 52097 28583 21292 8781 4276 3559 12511 1801 4505 10710 5251 2440 2990 4097 2627 1877 1714 1675 1304 2468 1191 2225 1654 1082 1276 1113 381 1609 5459
is_linear=0
shrinkage=0.1


Tree=10
num_leaves=31
num_cat=0
split_feature=31 31 31 6 25 31 31 1 20 7 7 7 5 5 7 0 20 5 5 35 20 20 25 6 24 25 0 5 8 11
split_gain=14062.4 27284.1 807.137 530.985 370.187 157.792 588.509 139.755 66.0614 62.1974 59.2767 62.5417 48.7548 104.205 48.5869 38.3441 33.3133 26.1303 62.1268 24.8524 20.3386 21.075 15.5632 15.3103 14.7407 13.6099 13.5259 12.8818 13.1849 14.157
threshold=6.4051489207289158 5.6000049957114308 5.4500000000000011 0.307916612642544 0.47405655764515325 5.5000361346034827 5.5999934808113094 1.9999498421511459 47.524496263239179 1.0000092959755851 2.017501842968223 2.9999957838943483 7.9713708910364298 1.2982128456757782 1.9991072473805913 53.447302053512466 47.503460379324636 7.9713708910364298 1.1130198933640301 133.00038525106223 53.753626439925135 52.835884892710332 0.44837051811051692 6.3442571416428164 27.602139238685904 0.54759382611431962 38.000665265505837 0.99811100428669308 7.9747254713304363 2.0000405439524505
decision_type=2 2 2 2 2 2 2 2 2 2 2 2 2 2 2 2 2 2 2 2 2 2 2 2 2 2 2 2 2 2
left_child=1 2 -1 -4 12 8 -7 10 9 25 19 -12 13 23 -11 22 -16 18 24 -8 21 -13 -14 -5 -18 -6 -21 -28 29 -29
right_child=-2 -3 3 4 5 6 7 -9 -10 14 11 20 15 -15 16 -17 17 -19 -20 26 -22 -23 -24 -25 -26 -27 27 28 -30 -31
leaf_value=-0.087414606207118273 -0.087418353165962137 0.12648845384705695 -0.08562349049575449 -0.079009145818569854 -0.052712285479544631 0.12944067193974093 -0.03487428292713441 -0.088564086658300678 -0.087204779264179508 0.14643747204209753 0.14583324158376784 -0.085221012205384986 -0.072904422894062432 0.12795054928777908 -0.086319253306592889 -0.023953668141554391 -0.010494154264103245 -0.021329303062545199 0.13335612993058538 -0.029147312444457143 -0.089693474127654896 0.019794143294083712 -0.053535569773117679 -0.017273352833629338 0.033027517084288631 -0.022738714727138509 -0.09330851855684702 -0.017284858505911282 -0.059145917532167927 0.031725906323271616
leaf_weight=6433.741600394249 12960.821839034557 16202.154046535492 2003.5224600881338 80.278683692216873 571.99029329419136 346.46287798881531 470.98799839615822 214.99934715032578 176.62522485852242 20.070241391658783 37.637452691793442 19.777208209037781 1366.5011495351791 42.507041066884995 55.112344473600388 231.034723341465 322.02178207039833 544.0916990339756 38.080720812082291 133.36869272589684 18.697768777608871 566.54583746194839 595.69190689921379 80.403866022825241 102.62394759058952 206.06302255392075 11.959868371486662 81.430566549301147 23.828664004802704 213.36234536767006
leaf_count=23514 48378 43056 7292 283 1919 923 1501 767 625 54 101 68 4824 113 198 743 979 1715 101 429 65 1672 2003 252 303 657 39 246 78 633
internal_value=0.000139766 0.0364989 -0.0606418 -0.040556 -0.0268171 -0.00883789 0.0101303 -0.0129293 -0.0287596 -0.0232098 -0.00262162 0.0207584 -0.0581458 -0.011284 -0.00770328 -0.0624873 -0.0106165 -0.0064726 0.0109965 -0.0186926 0.0129777 0.0162519 -0.0670243 -0.0481172 2.3709e-05 -0.044774 -0.00226547 0.00857965 0.0124041 0.0181877
internal_weight=44172.4 31211.6 15009.4 8575.68 6572.16 4175.74 2139.06 1792.6 2036.68 1860.05 1577.6 642.658 2396.42 203.19 1082 2193.23 1061.93 1006.82 462.726 934.938 605.021 586.323 1962.19 160.683 424.646 778.053 463.95 330.581 318.622 294.793
internal_count=143531 95153 52097 28583 21291 13073 6522 5599 6551 5926 4832 1906 8218 648 3350 7570 3296 3098 1383 2926 1805 1740 6827 535 1282 2576 1425 996 957 879
is_linear=0
shrinkage=0.1


Tree=11
num_leaves=31
num_cat=0
split_feature=31 31 18 20 15 36 19 34 5 5 20 8 0 6 6 24 24 31 27 20 3 33 18 34 9 8 36 25 4 35
split_gain=48594.6 0.529731 0.45596 5.51937 7.67338 2.62088 3.27805 0.567493 3.63709 0.257262 1.50656 1.63321 0.365499 0.569848 1.89081 2.44595 3.34952 0.536135 0.520631 0.303509 0.372612 0.190946 0.721121 1.89447 0.148119 0.891945 1.31528 0.142655 0.982035 0.275066
threshold=6.4051489207289158 5.9072426333762333 1000.8635582462206 53.753626439925135 1.9880253094637366 31.000434981961579 167.0481096799833 291.04424081531926 3.7748678250097112 1.4248529255552376 35.474083307523465 2.9999916318710329 64.605417964453196 6.7188516029697114 4.2236066430492576 24.158048365373524 25.64946489937164 6.2588656271220184 6.3978174772867407 41.322128782962373 64.239733411398547 48.279058621723912 1476.9961116394234 156.75924902607034 4.94986455327735 2.2437889817111163 46.318953435732482 0.55362742704479029 77.400203973573028 266.00829249243219
decision_type=2 2 2 2 2 2 2 2 2 2 2 2 2 2 2 2 2 2 2 2 2 2 2 2 2 2 2 2 2 2
left_child=1 21 3 5 -5 6 -3 9 -9 -4 11 -11 19 14 17 18 -17 -14 -16 20 -12 22 23 -1 25 -7 -27 -23 -29 -30
right_child=-2 2 7 4 -6 24 -8 8 -10 10 12 -13 13 -15 15 16 -18 -19 -20 -21 -22 27 -24 -25 -26 26 -28 28 29 -31
leaf_value=-0.015869634645899435 0.12692750312778919 -0.087552463771405326 -0.087008529253244274 -0.088074342519620194 0.058209316265321824 -0.087525703528454582 0.018463626546261224 -0.087526690530203274 0.00042592147710883779 -0.019118725315507068 -0.087670892376208412 -0.087983161043568181 -0.087483283550039828 -0.087541058306137398 -0.051288291272008395 0.036330615794168734 -0.071348658207572122 -0.057765718559658168 -0.087520780425011366 -0.087289402431846075 -0.052085991883422111 -0.087489942985008159 -0.087537411852050689 -0.087525882486638049 -0.087208580959377946 -0.0258381097659331 -0.087444993668885029 -0.051196263599625515 -0.087163209985271009 -0.084274455601416817
leaf_weight=5.4907856285572079 17852.869842767715 6.3027508556842786 3246.1434655189514 7.9958957433700544 6.5016233325004578 61.582929164171219 5.4286355078220367 30.668314218521118 5.5530423223972312 7.1612763404846174 6.3169703483581525 6.6345213651657104 77.153195917606354 102.18525388836861 5.4569467604160371 5.5369851589202863 6.0400906205177307 6.5893104672431937 14.513473600149153 541.03891003131866 5.5085428357124329 17643.701722472906 58.987365275621414 11.247496694326399 368.16660413146019 6.3326539099216443 7.6540350914001465 7.7233886420726767 3487.7246272265911 364.02487397193909
leaf_count=20 48378 23 11870 29 22 225 19 112 20 26 23 24 282 373 20 20 22 24 53 1978 20 64278 215 41 1346 23 28 27 12676 1314
internal_value=-0.000223156 -0.0871453 -0.086163 -0.083214 -0.0224713 -0.0851474 -0.0384941 -0.0865039 -0.0740428 -0.0866159 -0.0849903 -0.0522362 -0.0855769 -0.0821038 -0.0772847 -0.0564196 -0.0198487 -0.0851449 -0.0776202 -0.086943 -0.0710948 -0.0873518 -0.0823391 -0.0640199 -0.0863808 -0.0823482 -0.0595517 -0.0873695 -0.0868188 -0.0868902
internal_weight=43968.2 26115.4 4536.47 469.965 14.4975 455.468 11.7314 4066.5 36.2214 4030.28 784.135 13.7958 770.34 217.475 115.29 31.5475 11.5771 83.7425 19.9704 552.864 11.8255 21578.9 75.7256 16.7383 443.736 75.5696 13.9867 21503.2 3859.47 3851.75
internal_count=143531 95153 16582 1715 51 1664 42 14867 132 14735 2865 50 2815 794 421 115 42 306 73 2021 43 78571 276 61 1622 276 51 78295 14017 13990
is_linear=0
shrinkage=0.1


Tree=12
num_leaves=31
num_cat=0
split_feature=31 31 5 25 31 31 20 1 20 32 32 0 5 5 35 0 24 8 35 32 6 33 5 5 0 8 19 2 33 7
split_gain=35561.6 352.118 245.29 178.537 84.5807 516.935 84.9398 42.1691 36.6348 39.7621 29.0584 26.2616 27.4054 40.2756 21.4228 20.387 18.8511 15.0081 14.0321 10.227 9.38661 9.02674 8.6659 30.8509 8.57522 8.06117 8.6542 8.50674 9.7671 9.90918
threshold=5.6000049957114308 5.4500000000000011 0.28665966950380045 0.47405655764515325 5.5000361346034827 5.5999934808113094 51.477500242735154 1.9999498421511459 52.836653738322788 120.22234807923563 105.00010080844477 52.000234348958038 7.9713708910364298 1.3670681315295632 103.00139577212856 34.997897351121473 24.502141486017027 3.2218153508040688 175.00333859064446 117.54602248370112 0.99995336598937867 72.117360110781291 7.9713708910364298 1.1130198933640301 28.002972263727042 1.9999927881542103 395.33258407223838 162.0003710987867 100.01982341896981 2.017501842968223
decision_type=2 2 2 2 2 2 2 2 2 2 2 2 2 2 2 2 2 2 2 2 2 2 2 2 2 2 2 2 2 2
left_child=1 -1 -3 11 7 -6 -7 -5 9 14 -9 12 13 -4 -8 -11 -12 -13 25 -18 -21 -14 23 -22 -16 -17 27 -27 29 -29
right_child=-2 2 3 4 5 6 8 10 -10 15 16 17 21 -15 24 18 19 -19 -20 20 22 -23 -24 -25 -26 26 -28 28 -30 -31
leaf_value=0.11531461712272145 -0.084492912515888918 0.11488034659276528 0.087774916207546363 0.11805915053814904 -0.08600124725128161 0.11706872077351296 0.095894563724668383 0.097546898296879528 0.11700675682922845 0.091591153395609484 0.081385221842853281 0.07889897221502476 0.10843932601273863 -0.08668433781966918 0.1040760510473947 -0.039176459457234324 0.07558491890182098 -0.046274729538069721 0.020590049880032775 0.10415885928923665 0.04645273783205673 0.096015721329441236 0.061496894354817692 -0.08812554098940617 0.058346380843436088 0.071763073646716982 0.074068517353536159 0.05577728315789713 0.10731108588067069 0.015991899069565798
leaf_weight=8668.6470990777016 22732.77432128787 2579.2130316495895 46.542740404605865 265.19312325119972 237.3270051330328 319.93236571550369 276.31379038095474 485.50712108612061 110.50059923529625 77.29632493853569 788.86185164749622 444.34429226815701 1607.5347103178501 18.489827424287796 44.499070644378662 10.360025763511656 308.74093994498253 9.7895415276288968 296.63425150513649 34.699844539165497 266.70145192742348 919.28360420465469 340.30184844136238 18.196213141083717 522.41119906306267 78.512025892734528 113.94982197880745 96.844282001256943 17.406210631132126 177.05417832732201
leaf_count=23514 91434 6981 125 715 920 862 733 1291 298 205 2111 1194 4309 70 118 29 824 29 821 94 719 2460 903 66 1397 211 307 259 47 485
internal_value=0.000117145 0.100394 0.0880905 0.0793808 0.0675375 0.0540297 0.0695468 0.0803497 0.0612012 0.0575978 0.0758913 0.0983831 0.10227 0.0381733 0.0730637 0.0425743 0.0699089 0.0762007 0.0377829 0.0605627 0.0535343 0.103919 0.0507246 0.0378573 0.0619359 0.0481041 0.0499732 0.0425489 0.0346751 0.0300591
internal_weight=41913.9 19181.1 10512.4 7933.23 4887.24 2379.04 2141.71 2508.2 1821.78 1711.28 2243.01 3045.98 2591.85 65.0326 843.224 868.057 1757.5 454.134 790.761 968.64 659.899 2526.82 625.2 284.898 566.91 494.127 483.767 369.817 291.305 273.898
internal_count=143531 52097 28583 21602 13415 6692 5772 6723 4910 4612 6008 8187 6964 195 2248 2364 4717 1223 2159 2606 1782 6769 1688 785 1515 1338 1309 1002 791 744
is_linear=0
shrinkage=0.1


Tree=13
num_leaves=31
num_cat=0
split_feature=31 31 31 6 25 31 31 1 20 7 32 32 7 20 6 6 35 0 24 20 5 5 20 25 0 8 0 33 35 7
split_gain=11948.5 22063.7 764.372 487.964 319.95 128.36 467.859 124.533 60.8171 52.7071 50.6907 44.0662 41.3223 29.6163 29.5861 71.6034 28.1727 23.1337 22.9763 19.8797 18.7282 35.5813 15.5344 15.0433 13.9768 14.4169 13.8082 12.6278 12.5794 10.474
threshold=6.4051489207289158 5.6000049957114308 5.4500000000000011 0.307916612642544 0.47405655764515325 5.5000361346034827 5.5999934808113094 1.9999498421511459 47.524496263239179 1.0000092959755851 120.22234807923563 120.00000872530545 1.9991072473805913 47.503460379324636 7.9999628160976615 1.27694660368819 103.00139577212856 34.997897351121473 23.053148184366076 53.498553596108671 7.9713708910364298 1.1838636154727771 52.835884892710332 0.44837051811051692 31.001136097670699 7.9747254713304363 39.000846645922714 67.672146057405541 175.00333859064446 1.9991072473805913
decision_type=2 2 2 2 2 2 2 2 2 2 2 2 2 2 2 2 2 2 2 2 2 2 2 2 2 2 2 2 2 2
left_child=1 2 -1 -4 11 8 -7 10 9 26 16 14 -11 -14 15 -5 -8 -12 -15 22 21 -20 -19 -16 -13 29 -6 -28 -24 -26
right_child=-2 -3 3 4 5 6 7 -9 -10 12 17 24 13 18 23 -17 -18 19 20 -21 -22 -23 28 -25 25 -27 27 -29 -30 -31
leaf_value=-0.08448166669154461 -0.084484796745409624 0.11485728507512516 -0.082551824313315286 -0.063781719780271959 -0.059276041955936276 0.11719536890810492 -0.049154604185992837 -0.085533119520203205 -0.084067495356753369 0.13586464348376995 -0.041086042918416256 -0.074374215791312578 -0.083230931148176174 -0.033435372657722721 -0.070125275318957556 0.12691483768761916 -0.007170000773436068 -0.079606648527288326 0.0097755319870265738 -0.086304018227586266 -0.011754289915744873 0.11955057951077455 0.014634208178358194 -0.049872191627260774 0.12160855612904294 -0.071518226516833594 -0.053759535523282387 -0.019464623449591559 0.041694566139473102 -0.014240770902477782
leaf_weight=5914.4975049346685 11914.871917963028 15851.871519118547 1845.6806627959013 65.245234400033951 261.56343606114388 340.19990682601929 233.00037753582001 198.44212833046913 163.55555419623852 20.114661663770676 65.86893767118454 51.892856746912003 50.90623040497303 221.2765240073204 1211.4087934792042 28.200671494007111 508.91623646020889 14.413262873888014 335.82465988397598 16.965303152799606 403.93374443054199 32.372989773750305 438.20526415109634 525.97615802288055 5.7740982472896567 46.129555642604828 160.21322786808014 325.49538606405258 282.55754369497299 332.00045990943909
leaf_count=23514 48378 43056 7292 240 917 923 784 767 625 54 216 188 198 713 4553 77 1594 54 1004 64 1294 87 1310 1843 18 172 552 1107 810 1127
internal_value=0.000216591 0.0339101 -0.0570903 -0.0373 -0.0241274 -0.00737137 0.00984983 -0.0109188 -0.0256677 -0.0203955 -0.00142694 -0.054243 -0.00610416 -0.00883864 -0.0610457 -0.00623216 -0.0203553 0.0157407 -0.00502648 0.0207173 0.00311491 0.0194273 0.023187 -0.0639939 -0.0256641 -0.0190799 -0.0407523 -0.030777 0.0252426 -0.0119185
internal_weight=41867.4 29952.5 14100.6 8186.13 6340.45 4073.83 2098.57 1758.37 1975.26 1811.7 1559.93 2266.63 1064.43 1044.31 1830.83 93.4459 741.917 818.01 993.408 752.141 772.131 368.198 735.176 1737.38 435.797 383.904 747.272 485.709 720.763 337.775
internal_count=143531 95153 52097 28583 21291 13073 6522 5599 6551 5926 4832 8218 3350 3296 6713 317 2378 2454 3098 2238 2385 1091 2174 6396 1505 1317 2576 1659 2120 1145
is_linear=0
shrinkage=0.1


Tree=14
num_leaves=31
num_cat=0
split_feature=31 31 18 20 15 36 19 34 18 5 20 8 0 6 6 24 24 0 31 20 34 33 18 34 31 31 5 33 9 35
split_gain=40286.9 0.597212 0.478982 7.19086 7.55979 2.68369 3.14866 0.590294 3.98761 0.262652 1.5187 1.64703 0.375604 0.57459 1.8559 2.38564 2.87199 0.567204 0.555053 0.310263 0.409352 0.200149 0.743664 1.8789 0.182364 0.179571 1.48142 0.922685 0.253274 1.45476
threshold=6.4051489207289158 5.9072426333762333 979.63991597029997 53.753626439925135 1.5915270313191614 31.000434981961579 167.0481096799833 291.04424081531926 2701.85598151565 1.4248529255552376 35.474083307523465 2.9999916318710329 64.605417964453196 6.7188516029697114 4.2236066430492576 24.158048365373524 25.64946489937164 67.135974582628833 6.2588656271220184 41.322128782962373 192.73986619192181 48.279058621723912 1476.9961116394234 156.75924902607034 5.6118259625383446 5.6717916998647677 0.21458824667557588 62.384099598516933 1.0465505539819961 97.00087311084252
decision_type=2 2 2 2 2 2 2 2 2 2 2 2 2 2 2 2 2 2 2 2 2 2 2 2 2 2 2 2 2 2
left_child=1 21 3 5 -5 6 -3 9 -9 -4 11 -11 19 14 18 17 -17 -16 -14 20 -12 22 23 -1 -23 26 -26 -28 29 -29
right_child=-2 2 7 4 -6 -7 -8 8 -10 10 12 -13 13 -15 15 16 -18 -19 -20 -21 -22 24 -24 -25 25 -27 27 28 -30 -31
leaf_value=-0.011269793969490483 0.11530117120322576 -0.084605015253704313 -0.084017498475758179 -0.085270475069223778 0.080625736620763333 -0.083525697965391943 0.021992006819505968 -0.084711917436437953 0.012047973690011609 -0.014278997854736603 -0.084992729251729168 -0.084952515123556782 -0.084546143278598981 -0.084595018790443122 -0.045710982979395479 0.033332843105508179 -0.067422483632057439 -0.084729429185305086 -0.053289302392236441 -0.084342047789180349 -0.046665623129093274 -0.084687082049145004 -0.084643965235965068 -0.084621430553875304 -0.028722211854388443 -0.084170250677242653 -0.049901577572236074 -0.02547495219760694 -0.084238861495501971 -0.084520522472143478
leaf_weight=5.2684482634067527 17460.690706551075 5.7969317436218244 3014.9809622913599 5.3502749502658826 5.6450768113136292 378.08750051259995 5.3085190057754517 28.570929527282715 5.0052880942821494 6.8500944674015027 6.1191561520099622 6.3583484590053558 72.20896390080452 94.485170543193817 5.054555267095572 5.7084439694881421 5.6088074743747711 14.170338749885557 6.1664129495620719 498.34785909950733 5.1169044971466064 13250.18268238008 54.339369177818298 10.357055097818373 5.165473759174346 6204.8180601596832 8.4023852348327619 5.0130857229232815 325.27368286252022 24.89054062962532
leaf_count=20 48378 23 11985 21 19 1502 19 113 19 26 24 25 287 375 20 21 22 56 24 1981 20 52159 215 41 20 24671 33 20 1293 99
internal_value=-0.000336582 -0.0842264 -0.0831391 -0.0798494 -9.84062e-05 -0.0821025 -0.0336505 -0.0834878 -0.0702877 -0.0836063 -0.081899 -0.0483002 -0.0825214 -0.0788885 -0.0739382 -0.0530275 -0.0166013 -0.0744708 -0.0820869 -0.0839715 -0.0675386 -0.0844546 -0.0791155 -0.0598895 -0.0844735 -0.0840428 -0.0818989 -0.0826544 -0.0834292 -0.074622
internal_weight=41529.3 24068.7 4174.94 400.188 10.9954 389.193 11.1055 3774.75 33.5762 3741.18 726.195 13.2084 712.987 203.403 108.918 30.5421 11.3173 19.2249 78.3754 509.584 11.2361 19893.7 69.9649 15.6255 19823.7 6573.56 368.745 363.58 355.177 29.9036
internal_count=143531 95153 16582 1584 40 1544 42 14998 132 14866 2881 51 2830 805 430 119 43 76 311 2025 44 78571 276 61 78295 26136 1465 1445 1412 119
is_linear=0
shrinkage=0.1


Tree=15
num_leaves=31
num_cat=0
split_feature=31 31 6 32 4 4 6 6 5 5 6 0 8 5 35 5 5 0 35 8 3 8 0 8 31 31 1 14 6 6
split_gain=29666.5 323.284 221.258 165.358 50.9066 50.565 38.5908 106.115 27.0486 59.7882 21.5736 19.191 19.2452 21.2943 18.3999 15.3305 66.5206 13.2087 13.0563 12.5777 12.801 10.7702 11.1722 18.7945 10.3992 107.627 14.1206 9.41893 8.50866 20.4291
threshold=5.6000049957114308 5.4500000000000011 0.02581851184694817 117.00002951273957 78.300047693209223 83.300045616672904 1.0536233692857484 7.9999628160976615 7.9713708910364298 1.0000867206522146 0.99995336598937867 38.000665265505837 7.9747254713304363 0.28665966950380045 158.00019898385133 7.9713708910364298 1.7639690405016217 34.997897351121473 114.00074750994411 7.9747254713304363 57.865259381446414 7.9747254713304363 31.001136097670699 3.0004720400429199 5.5000361346034827 5.5999934808113094 1.9999498421511459 0.99998693382312853 1.0536233692857484 7.9999628160976615
decision_type=2 2 2 2 2 2 2 2 2 2 2 2 2 2 2 2 2 2 2 2 2 2 2 2 2 2 2 2 2 2
left_child=1 -1 -3 4 15 14 10 -8 9 -9 -7 -6 13 -13 21 16 -4 -10 -15 20 -19 22 -5 24 -24 -26 -27 -12 -16 -30
right_child=-2 2 3 5 11 6 7 8 17 -11 27 12 -14 18 28 -17 -18 19 -20 -21 -22 -23 23 -25 25 26 -28 -29 29 -31
leaf_value=0.10650100346011859 -0.082009326672062802 0.10528472112602816 0.096060569094764334 0.10136872528202873 0.08704616220718929 -0.084815319470572192 -0.087682179516193059 0.034091923356938163 0.083334885288862737 -0.086902781619132272 0.06780628767459157 0.11045771843876694 0.1030784157986447 0.068790724999280697 0.082825460378912683 0.095490822226678332 -0.084379811073583486 0.08566928646232666 0.046652666719658988 0.098274940359267912 0.039735143908538578 0.10321343061656124 0.07722354473203788 -0.10502729086395182 -0.087027178459507318 0.064239546443228504 0.11094561199580266 0.10779514234304764 -0.088498664312663761 0.045848969857432822
leaf_weight=8321.5604448020458 20768.564719721675 2588.5179384946823 101.93469454348087 105.94745907187462 566.66929262876511 8.4876009970903379 66.423450991511345 414.62183871865273 117.39289379119873 45.301918387413025 268.84617678821087 80.728376120328903 119.64921334385872 508.5091325044632 56.453268125653267 2373.7369322925806 25.552489206194878 66.948382899165154 559.54265794157982 45.490395575761795 646.92866681516171 109.75398987531662 580.20228536427021 6.2915417551994315 46.564691185951233 330.75919389724731 80.48002016544342 75.426142007112503 11.796472132205961 279.34282051026821
leaf_count=23514 91434 7291 282 289 1538 35 266 1125 314 176 733 223 327 1402 155 6522 105 179 1539 124 1756 302 1560 21 188 887 223 210 47 764
internal_value=0.00015294 0.0918459 0.0799922 0.0714894 0.0843958 0.0548498 0.0431178 0.0356843 0.0418147 0.0221741 0.0726844 0.0717463 0.0649111 0.0609359 0.067664 0.0936765 0.0598946 0.0521177 0.0571928 0.0472917 0.0440429 0.0732831 0.0704272 0.0672881 0.0683325 0.0570645 0.07338 0.0765674 0.047295 0.0404054
internal_weight=39378.4 18609.9 10288.3 7699.78 4336.32 3363.46 1755.87 1403.11 1336.68 459.924 352.76 1835.1 1268.43 1148.78 1607.59 2501.22 127.487 876.76 1068.05 759.367 713.877 1260 1150.25 1044.3 1038.01 457.804 411.239 344.272 347.593 291.139
internal_count=143531 52097 28583 21292 11938 9354 4918 3940 3674 1301 978 5029 3491 3164 4436 6909 387 2373 2941 2059 1935 3470 3168 2879 2858 1298 1110 943 966 811
is_linear=0
shrinkage=0.1


Tree=16
num_leaves=31
num_cat=0
split_feature=31 31 31 6 25 7 7 14 7 7 32 8 7 31 31 1 6 6 1 33 8 0 0 5 5 25 31 31 5 35
split_gain=10196.8 18054.2 729.24 451.473 274.724 104.463 167.443 66.2393 70.5103 175.329 42.4341 33.0312 32.6864 24.4214 81.8997 50.2428 23.7968 51.2109 21.2314 20.88 18.3972 19.2291 17.8056 18.3633 17.9438 17.2287 15.3823 49.2338 14.5159 13.0072
threshold=6.4051489207289158 5.6000049957114308 5.4500000000000011 0.307916612642544 0.47405655764515325 1.0000092959755851 1.9991072473805913 0.99998693382312853 2.0000072118457903 2.9999957838943483 116.00025175034681 7.9747254713304363 3.9999698480228596 5.5000361346034827 5.5999934808113094 1.9999498421511459 7.9999628160976615 1.27694660368819 1.9999498421511459 67.339154551451159 7.9747254713304363 31.001136097670699 37.001035304682524 0.78125696525724009 7.9713708910364298 0.51186120026740589 5.5000361346034827 5.5999934808113094 0.99811100428669308 139.00056016072199
decision_type=2 2 2 2 2 2 2 2 2 2 2 2 2 2 2 2 2 2 2 2 2 2 2 2 2 2 2 2 2 2
left_child=1 2 -1 -4 10 19 -7 8 11 -10 16 25 13 18 -15 -16 17 -5 -11 -6 21 -12 -21 -24 -25 -8 -23 -28 -27 -20
right_child=-2 -3 3 4 5 6 7 -9 9 12 20 -13 -14 14 15 -17 -18 -19 29 22 -22 26 23 24 -26 28 27 -29 -30 -31
leaf_value=-0.081998298794549451 -0.082000225322798756 0.10603296259935149 -0.079916612858503433 -0.05911915663113302 -0.049958432841635231 0.13127982476456931 -0.029420474779979652 -0.082009419917860066 0.11343781121421317 -0.084521468700560806 -0.06541022604192713 -0.071242336313892748 -0.083495385376501016 0.11155262110177654 0.016249572905893277 -0.084146875574465888 -0.061917126722996235 0.11957664204056279 -0.015790576873979858 -0.046148314864381576 -0.072773963238076125 -0.034256895271936164 -0.07668376674352248 0.06700208423230869 -0.01266431883966348 -0.081285578414482529 0.14481607748300526 -0.010141533044397501 0.0025320018852944921 0.014344444106396639
leaf_weight=5403.0113162249327 10884.217085570097 15224.712765336037 1691.5206868946552 52.308769270777702 370.25951814651489 101.03828966617584 332.67412243783474 94.716849014163017 166.62763544917107 33.490934133529663 80.883045434951782 102.86080254614353 40.668331623077393 86.081485390663147 577.06838242709637 54.559613555669785 1474.0085693746805 23.128304570913315 328.30880796909332 220.13101842999458 78.145109251141548 182.86414580047131 42.583830028772354 29.737872630357742 573.73024614155293 21.48695407807827 22.562080040574074 224.77495431900024 538.23616233468056 254.0822546184063
leaf_count=23514 48378 43056 7292 205 1341 286 1108 388 465 134 315 387 169 240 1700 221 5804 65 1040 791 313 661 170 91 1958 85 64 791 1723 776
internal_value=0.000307157 0.0318221 -0.0537618 -0.0341988 -0.0215359 -0.00596547 0.00494971 9.80031e-05 0.00316445 0.016565 -0.0504272 -0.0175826 0.00481923 0.00751241 0.0200481 0.00757739 -0.0591135 -0.00433269 -0.00709587 -0.0300824 -0.0275853 -0.0206759 -0.0215862 -0.013217 -0.0087385 -0.0113976 -0.0122654 0.0039937 -0.000685633 -0.00264344
internal_weight=39310.5 28426.3 13201.6 7798.54 6107.02 3968.34 2731.9 2630.86 2536.15 1540.89 2138.67 995.258 1374.26 1333.59 717.709 631.628 1549.45 75.4371 615.882 1236.44 589.229 511.084 866.183 646.052 603.468 892.397 430.201 247.337 559.723 582.391
internal_count=143531 95153 52097 28583 21291 13073 8722 8436 8048 4745 8218 3303 4280 4111 2161 1921 6074 270 1950 4351 2144 1831 3010 2219 2049 2916 1516 855 1808 1816
is_linear=0
shrinkage=0.1


Tree=17
num_leaves=31
num_cat=0
split_feature=31 31 18 20 12 36 10 0 34 19 35 18 2 34 6 33 20 31 11 23 31 6 36 25 36 35 0 34 5 32
split_gain=33747.5 0.692862 0.681621 3.58897 15.0161 2.52112 8.49751 0.706603 0.524807 8.99324 0.5244 4.04168 0.427199 0.230168 1.92436 0.212565 3.07603 0.20768 1.414 0.187474 0.178977 0.138245 0.132301 1.45124 0.121811 0.177286 0.443422 1.71566 7.45382 0.824266
threshold=6.4051489207289158 5.6118259625383446 1010.9852736542058 53.753626439925135 3.9276554430766191 31.000434981961579 1.6243081935986505 76.999400606212092 291.04424081531926 448.15905562533288 269.5820066745211 979.63991597029997 139.41817403117145 133.0020140027743 5.3143298827660539 100.01982341896981 24.558261678158676 5.6241022653462256 1.06002419302625 0.3840127413132039 6.2860469644010042 7.7056124722590136 29.002370547613442 0.59927307180249489 52.738374698234956 92.000345492101786 64.913235596685141 217.00110788982744 4.2153335596809169 110.99995822105198
decision_type=2 2 2 2 2 2 2 2 2 2 2 2 2 2 2 2 2 2 2 2 2 2 2 2 2 2 2 2 2 2
left_child=1 21 3 5 7 6 -3 -5 15 -10 12 20 -7 14 -14 17 -17 18 -4 -20 -12 22 23 -1 25 26 -19 29 -29 -28
right_child=-2 2 8 4 -6 10 -8 -9 9 -11 11 -13 13 -15 -16 16 -18 24 19 -21 -22 -23 -24 -25 -26 -27 27 28 -30 -31
leaf_value=-0.082234094671969529 0.10649358860055734 0.065891755117181747 -0.02634845402437393 -0.08254165202405217 0.092406768683098495 -0.058732722329348945 -0.08281816357314005 -0.040462288952862101 -0.082251202853972513 0.059866901450580261 -0.082394598923136567 0.015393682553521011 -0.082055435672014482 -0.081931579221360601 -0.026702763458498188 -0.013365522212339756 -0.082079767877971374 -0.081641327703553479 -0.082091581046972742 -0.061103032149913417 -0.061711172080734678 -0.082604101535583618 -0.08197124483359948 -0.024991656329974042 -0.082049909427112461 -0.081553907606853951 -0.068974022229620832 -0.08204088506348918 0.058468365211222596 -0.081163377980554299
leaf_weight=47.943835780024529 16761.5500908494 5.1557198017835644 5.3008704632520667 27.299034431576732 6.310371220111846 8.3549948930740339 15.085409685969351 4.6738120615482321 67.82880936563015 4.7654656767845145 39.269397974014282 4.9187542349100104 53.110473528504372 759.70126764476299 7.1230798661708823 7.0810926109552375 81.453970596194267 719.98213362693787 51.801984190940857 4.6366666108369818 4.6824852079153052 5749.3666812032461 6417.3879795819521 4.879769653081893 3119.2292085140944 4432.9575201421976 67.16280934214592 16.544610574841503 4.8917414397001258 318.81702910363674
leaf_count=207 48378 20 23 117 21 36 64 20 293 19 169 20 231 3304 31 30 354 3132 225 20 20 24346 27817 20 13570 19275 291 72 21 1385
internal_value=-0.000466189 -0.0817444 -0.0811198 -0.0785523 -0.048567 -0.0798315 -0.0449395 -0.0763905 -0.0813896 -0.0729218 -0.0806366 -0.0705706 -0.0812306 -0.0814598 -0.0755096 -0.0814592 -0.076584 -0.0815086 -0.0757293 -0.0803673 -0.0801911 -0.0822473 -0.0819302 -0.0769461 -0.0815497 -0.0812691 -0.0801495 -0.0775131 -0.0499769 -0.0790424
internal_weight=38819.3 22057.7 9838.14 935.685 38.2832 897.402 20.2411 31.9728 8902.45 72.5943 877.16 48.8706 828.29 819.935 60.2336 8829.86 88.5351 8741.32 61.7395 56.4387 43.9519 12219.6 6470.21 52.8236 8679.59 5560.36 1127.4 407.416 21.4364 385.98
internal_count=143531 95153 42763 4053 158 3895 84 137 38710 312 3811 209 3602 3566 262 38398 384 38014 268 245 189 52390 28044 227 37746 24176 4901 1769 93 1676
is_linear=0
shrinkage=0.1


Tree=18
num_leaves=31
num_cat=0
split_feature=31 31 5 25 31 31 20 1 7 7 32 35 20 0 35 35 24 0 0 20 36 10 27 0 5 5 3 0 33 32
split_gain=24895.5 309.296 207.323 134.886 71.5176 426.753 76.2661 38.5837 34.2965 50.6948 30.5114 20.6459 20.1339 13.4352 12.6601 12.4467 11.7538 11.5338 11.0153 11.0366 11.3283 10.9972 14.9385 10.5052 11.6021 18.6935 10.3582 10.3486 11.0488 9.11384
threshold=5.6000049957114308 5.4500000000000011 0.28665966950380045 0.45466363491950834 5.5000361346034827 5.5999934808113094 52.835884892710332 1.9999498421511459 1.0000092959755851 1.9991072473805913 127.00014242377244 88.002019241458555 52.836653738322788 53.652839099121152 155.00144034948264 254.16532355448655 26.69308029463836 32.00364764427696 38.000665265505837 53.498553596108671 47.00013493277411 7.9277153157001656 10.000604972925757 53.652839099121152 7.9713708910364298 1.3670681315295632 50.300589228367251 43.511505941346705 81.278115699933608 140.84609942137914
decision_type=2 2 2 2 2 2 2 2 2 2 2 2 2 2 2 2 2 2 2 2 2 2 2 2 2 2 2 2 2 2
left_child=1 -1 -3 23 7 -6 -7 -5 13 -10 11 -8 17 -9 -11 18 -15 -12 -13 20 -20 22 -19 24 25 -4 -16 29 -29 -24
right_child=-2 2 3 4 5 6 10 8 9 14 12 15 -14 16 26 -17 -18 21 19 -21 -22 -23 27 -25 -26 -27 -28 28 -30 -31
leaf_value=0.099655596944870306 -0.079898452733019126 0.099072076163302589 0.076368123628538551 0.10311787174527616 -0.084436733215974724 0.10176855550361573 0.079877460347505272 0.082129422729299351 -0.10442706608620012 0.061895529434322062 0.087444984275483764 0.074746339613690232 0.10080858538640886 0.064688866511074986 0.086572810484707469 0.026917096159461973 0.0018233622846584728 0.04089370913996386 0.055041600014978868 0.10417830635401371 0.023931219245470065 0.073351041125041219 0.065053636281161717 0.066506753151768322 0.090129078758957717 -0.08398619173121448 0.035072896120440206 0.038469928857725877 -0.011198781038038445 -0.013051919344204695
leaf_weight=7870.7969804704189 18870.044093713164 2356.5063004493713 27.370788007974625 280.45737904310226 232.15610292553902 335.11610907316208 354.25681856274605 928.06908795237541 20.073112487792969 958.8758402466774 32.559143364429474 243.38744550943375 41.938400983810425 222.27382576465607 43.863311499357224 167.22238701581955 34.334811240434647 257.05357396602631 417.94539424777031 34.9657863676548 162.5735144764185 46.324071139097214 51.334550708532333 232.83788360655308 1853.0367966890335 9.8992590606212598 356.23853215575218 57.267156600952148 205.50405071675777 21.071983277797699
leaf_count=23514 91434 6981 76 815 1007 972 972 2573 63 2610 88 661 124 604 118 453 92 695 1123 101 438 125 138 645 5321 42 969 155 565 57
internal_value=0.000190929 0.0848319 0.0731463 0.0651371 0.0568787 0.0450941 0.0574767 0.067903 0.0640507 0.0533306 0.0503864 0.0590634 0.0335891 0.0765297 0.0556608 0.0518774 0.0562773 0.0293885 0.0567372 0.0496156 0.0463292 0.0264283 0.022758 0.0865493 0.089018 0.0337766 0.0407189 0.00884945 -0.000374209 0.0423231
internal_weight=36725.4 17855.3 9984.51 7628.01 5504.86 2660.68 2428.52 2844.19 2563.73 1379.05 2093.4 1380.35 713.053 1184.68 1358.98 1026.09 256.609 671.115 858.872 615.485 580.519 638.555 592.231 2123.14 1890.31 37.27 400.102 335.178 262.771 72.4065
internal_count=143531 52097 28583 21602 15518 7674 6667 7844 7029 3760 5695 3748 1947 3269 3697 2776 696 1823 2323 1662 1561 1735 1610 6084 5439 118 1087 915 720 195
is_linear=0
shrinkage=0.1


Tree=19
num_leaves=31
num_cat=0
split_feature=31 31 31 6 25 7 7 8 14 31 31 1 1 0 31 31 1 32 24 25 32 5 5 35 19 35 0 25 2 7
split_gain=8733.85 14897.5 701.313 418.981 244.433 117.553 185.029 63.5694 64.1665 45.808 187.466 72.0261 39.6817 34.1587 26.4264 115.853 23.3488 20.3243 20.2989 17.9381 15.1604 13.8712 26.8542 13.3251 11.4203 11.273 10.4976 9.71564 10.7011 12.0314
threshold=6.4051489207289158 5.6000049957114308 5.4500000000000011 0.307916612642544 0.45466363491950834 1.0000092959755851 1.9991072473805913 7.9747254713304363 0.99998693382312853 5.5000361346034827 5.5999934808113094 1.9999498421511459 1.9999498421511459 34.997897351121473 5.5000361346034827 5.5999934808113094 1.9999498421511459 121.00016181637459 22.984577283955804 0.54631633092207554 111.50049302913273 7.9713708910364298 3.910427447453884 192.65887367275033 412.71747876419619 139.00056016072199 38.000665265505837 0.56193000035961349 162.0003710987867 2.017501842968223
decision_type=2 2 2 2 2 2 2 2 2 2 2 2 2 2 2 2 2 2 2 2 2 2 2 2 2 2 2 2 2 2
left_child=1 2 -1 -4 17 14 -7 8 9 12 -11 13 -8 -12 19 -16 26 21 -14 -6 -15 22 -5 27 25 -20 -17 28 -22 -30
right_child=-2 -3 3 4 5 6 7 -9 -10 10 11 -13 18 20 15 16 -18 -19 24 -21 23 -23 -24 -25 -26 -27 -28 -29 29 -31
leaf_value=-0.07988717038921446 -0.079888449891213742 0.099160591909894069 -0.077591496406521757 -0.057785670113213165 -0.048115747594895716 0.13008729837576363 -0.082467440904371914 -0.067575009765716565 -0.079792211466876831 0.10305225422037297 -0.040897679559812744 -0.082018421469134184 -0.028491188753170263 -0.031657647813309805 0.11643115215565225 -0.041478137927041657 -0.081544275318775922 -0.026783962685229867 -0.0034998037260442201 -0.014368146888640547 -0.027063234041930107 -0.061711411476110881 0.10533201666043573 0.035321852740317822 -0.034258637915337106 0.021875543185820363 -0.0090446073005645659 0.038234866313614328 -0.0078525368693034073 0.024635175939759682
leaf_weight=4908.5295150578022 9887.9551167190075 14409.148451238871 1541.124023064971 31.8575669080019 717.11398470401764 112.41310259699821 70.075386852025986 135.46999743580818 91.247399508953094 216.7175107896328 122.02904787659645 93.707823440432549 269.36248189210892 65.123040720820427 61.418017387390137 152.52129597961903 72.357151612639427 222.74315814673901 418.34495247900486 201.83313345909119 88.087172850966454 1185.7066840231419 14.772979021072386 309.02508501708508 73.518692374229431 301.05959558486938 288.66455420851707 103.82759390771389 197.13260447978973 270.29109567403793
leaf_count=23514 48378 43056 7292 128 2796 328 302 547 405 637 430 412 935 211 176 567 323 843 1358 707 277 5086 43 893 236 935 959 311 638 808
internal_value=0.000415232 0.0301042 -0.050557 -0.031174 -0.0190215 -0.00734449 0.00427074 -0.00073575 0.00263088 0.00552542 0.0171951 0.00230048 -0.00958204 0.00913841 -0.0301832 -0.0133687 -0.0288924 -0.0545828 -0.00477404 -0.0407036 0.0150464 -0.0596074 -0.00610851 0.0181873 0.00328287 0.00711938 -0.0202571 0.0101565 0.00490855 0.0109337
internal_weight=36633.2 26745.2 12336.1 7427.55 5886.42 4431.34 2937.43 2825.02 2689.55 2598.3 1465.94 1249.22 1132.36 1155.52 1493.91 574.961 513.543 1455.08 1062.29 918.947 1033.49 1232.34 46.6305 968.364 792.923 719.405 441.186 659.338 555.511 467.424
internal_count=143531 95153 52097 28583 21291 15191 9663 9335 8788 8383 4617 3980 3766 3568 5528 2025 1849 6100 3464 3503 3138 5257 171 2927 2529 2293 1526 2034 1723 1446
is_linear=0
shrinkage=0.1


Tree=20
num_leaves=31
num_cat=0
split_feature=31 31 18 20 12 36 10 26 35 18 34 19 2 34 9 33 7 31 11 2 16 6 36 18 36 35 23 23 4 25
split_gain=28498.8 0.798562 0.73009 3.73456 13.9708 2.63436 8.04191 0.759244 0.564907 4.02301 0.561876 9.20135 0.452751 0.245544 2.09179 0.227872 3.21226 0.222435 1.45336 0.205964 0.19569 0.17219 0.140209 1.49468 0.131804 0.18989 0.481488 2.42349 5.22833 0.825715
threshold=6.4051489207289158 5.6118259625383446 1010.9852736542058 53.753626439925135 3.9276554430766191 31.000434981961579 1.6243081935986505 0.8053865456035213 269.5820066745211 979.63991597029997 291.04424081531926 460.81704244495381 139.41817403117145 133.0020140027743 3.6733625811781789 100.01982341896981 3.8116922886343745 5.6241022653462256 1.06002419302625 153.15221875517389 2.1007662831059748 7.7056124722590136 29.002370547613442 943.59205921725152 52.738374698234956 92.000345492101786 0.35397570171698073 0.52033311604367849 80.200165465319742 0.55909682580433551
decision_type=2 2 2 2 2 2 2 2 2 2 2 2 2 2 2 2 2 2 2 2 2 2 2 2 2 2 2 2 2 2
left_child=1 21 3 5 7 6 -3 -5 12 20 15 -12 -7 14 -14 17 -17 18 -4 -20 -10 22 23 -1 25 26 -19 28 -28 -29
right_child=-2 2 10 4 -6 8 -8 -9 9 -11 11 -13 13 -15 -16 16 -18 24 19 -21 -22 -23 -24 -25 -26 -27 27 29 -30 -31
leaf_value=-0.020137202369579159 0.09965139873393318 0.065875145349807915 -0.021614934640354945 -0.034925314660785765 0.089647940884398425 -0.054946996439480637 -0.080593902506912549 -0.080412537978909987 -0.080262287590068926 0.019257451469587104 -0.080115367944482041 0.067670059892269832 -0.019728755495872278 -0.079805457280102632 -0.080021885148896049 -0.080024313364332897 -0.0079100323693677751 -0.078907447767607095 -0.056952594114406563 -0.079992844642294503 -0.057686220852312314 -0.080605665019936323 -0.079863728263347422 -0.08015025370429564 -0.079936623380074512 -0.079393990453820618 0.059574783630656318 -0.079971651020379425 -0.080014723845187916 -0.064020995210744613
leaf_weight=4.5852991789579383 15853.696430683136 5.1561699658632305 4.99925273656845 4.3036087900400188 6.3786958158016196 7.7172863632440558 13.731600686907766 24.902706071734428 35.732987895607948 4.7765890657901755 61.899761825799942 4.5206478983163825 6.5295634865760794 690.51875422894955 48.454991906881332 74.036425098776817 6.7391069680452338 834.63864301145077 4.2279008328914633 47.132005453109741 4.3016885668039313 5284.1405254304409 5839.8167835921049 43.725504279136658 2834.8662909269333 4030.3377588689327 4.2295163571834546 137.27699230611324 7.3393544703722 42.502622097730637
leaf_count=20 48378 20 23 20 21 36 64 117 169 20 294 18 31 3304 231 353 31 3989 20 225 20 24346 27817 207 13570 19275 20 656 35 201
internal_value=-0.000617768 -0.0796275 -0.0789235 -0.0761399 -0.0444276 -0.0775213 -0.0406093 -0.0737099 -0.0783949 -0.0674869 -0.0792166 -0.0700569 -0.0790439 -0.0792933 -0.0728619 -0.0792924 -0.0740078 -0.0793461 -0.0730861 -0.0780962 -0.0778365 -0.0801913 -0.0798193 -0.0744543 -0.0793908 -0.0790848 -0.0778702 -0.0733458 -0.0289816 -0.0762007
internal_weight=35973.2 20119.5 8947.25 852.505 35.585 816.92 18.8878 29.2063 798.032 44.8113 8094.75 66.4204 753.221 745.503 54.9846 8028.33 80.7755 7947.55 56.3592 51.3599 40.0347 11172.3 5888.13 48.3108 7891.19 5056.32 1025.99 191.348 11.5689 179.78
internal_count=143531 95153 42763 4053 158 3895 84 137 3811 209 38710 312 3602 3566 262 38398 384 38014 268 245 189 52390 28044 227 37746 24176 4901 912 55 857
is_linear=0
shrinkage=0.1


Tree=21
num_leaves=31
num_cat=0
split_feature=31 31 5 25 31 31 20 1 7 7 20 0 8 7 7 0 20 32 24 11 11 0 25 24 19 0 35 20 5 5
split_gain=20997.8 300.753 196.141 119.647 58.331 359.906 69.3377 36.84 30.8178 41.0872 27.7434 31.5328 24.2007 18.3888 57.5734 12.9716 12.557 12.2098 11.6926 10.991 13.1444 13.5041 10.4317 10.3326 9.00441 8.86236 8.71819 8.56722 9.70291 28.7423
threshold=5.6000049957114308 5.4500000000000011 0.28665966950380045 0.45218379002003767 5.5000361346034827 5.5999934808113094 52.835884892710332 1.9999498421511459 1.0000092959755851 1.9991072473805913 52.836653738322788 32.00364764427696 7.9747254713304363 1.0124512793791161 1.9991072473805913 53.652839099121152 47.503460379324636 127.00014242377244 23.053148184366076 2.0950007376045283 7.9999025157879391 43.511505941346705 0.51490642613497406 26.69308029463836 412.71747876419619 53.652839099121152 307.7083945827406 47.730911273170499 7.9713708910364298 1.1838636154727771
decision_type=2 2 2 2 2 2 2 2 2 2 2 2 2 2 2 2 2 2 2 2 2 2 2 2 2 2 2 2 2 2
left_child=1 -1 -3 25 7 -6 -7 -5 15 -10 11 -8 13 -13 -15 -9 -11 22 -18 -19 21 -21 26 -17 27 -4 -16 28 29 -20
right_child=-2 2 3 4 5 6 10 8 9 16 -12 12 -14 14 17 23 18 19 24 20 -22 -23 -24 -25 -26 -27 -28 -29 -30 -31
leaf_value=0.094231946115717502 -0.078098597490027136 0.093500025672595063 0.08328575355164379 0.097195421818401725 -0.082769224580896389 0.095725909898905184 0.07739983103293202 0.075636133654984256 -0.098877494394304377 0.098726059022574503 0.096176266301180563 0.053224487884303055 0.084979008468324804 -0.12309259870251264 0.0614728610166769 0.058074257927725949 0.063455186257364279 0.042485697322788805 0.032269696233230422 0.040645238861443972 0.044523674543531622 -0.0071954657616266409 0.029166380370070844 -0.0010366908401123461 0.072713952006362922 0.061354246195858865 -0.00039915159265704398 0.090094105285176085 0.047177349852281128 -0.085860592988927481
leaf_weight=7355.6152797937393 17063.292477324605 2210.5736363530159 1725.4979515075684 268.75404125452042 214.77821125090122 319.15940248966217 236.34747067093849 925.17706009745598 18.756233558058739 51.204221785068512 103.56583559513092 434.81941351294518 105.36601108312607 24.303202390670776 266.70718064904213 219.52387073636055 364.52093148231506 195.05197566747665 352.6723564863205 77.094503074884415 106.04621586203575 251.42175045609474 280.02814021706581 34.175214648246765 88.588639512658119 206.27888165414333 24.900123655796051 31.868142247200012 448.2238517999649 21.874262198805809
leaf_count=23514 91434 6981 5224 829 1021 982 665 2657 63 155 320 1185 303 66 726 610 1007 526 947 208 285 693 755 92 240 586 69 96 1207 85
internal_value=0.000226089 0.0790144 0.0673633 0.0595521 0.0519904 0.0413017 0.0522914 0.0619764 0.0582741 0.048118 0.0457079 0.0430972 0.0385057 0.0355566 0.0292881 0.0701431 0.0501469 0.032371 0.0482448 0.0227646 0.0139128 0.00403154 0.0429517 0.0501116 0.0423665 0.0809439 0.0561897 0.0392208 0.0372504 0.0253707
internal_weight=34026.2 16962.9 9607.28 7396.71 5464.93 2639.59 2424.81 2825.34 2556.58 1377.71 2105.65 2002.09 1765.74 1660.37 1225.55 1178.88 1358.95 1201.25 1307.75 629.614 434.562 328.516 571.635 253.699 943.227 1931.78 291.607 854.639 822.77 374.547
internal_count=143531 52097 28583 21602 15792 7804 6783 7988 7159 3800 5801 5481 4816 4513 3328 3359 3737 3262 3582 1712 1186 901 1550 702 2575 5810 795 2335 2239 1032
is_linear=0
shrinkage=0.1


Tree=22
num_leaves=31
num_cat=0
split_feature=31 31 31 6 25 7 7 8 14 5 5 20 20 31 31 1 0 3 35 32 25 24 18 32 5 5 0 5 0 19
split_gain=7503.13 12378.6 673.684 388.86 211.678 99.6239 155.145 58.4749 56.753 40.0764 130.84 31.1357 26.2449 23.1717 104.287 21.9048 20.6567 19.0989 17.3728 17.3019 16.9695 13.7638 12.0298 11.2879 10.7084 21.0591 10.1494 10.1492 8.54134 8.26927
threshold=6.4051489207289158 5.6000049957114308 5.4500000000000011 0.307916612642544 0.45218379002003767 1.0000092959755851 1.9991072473805913 7.9747254713304363 0.99998693382312853 7.9713708910364298 1.0000867206522146 41.591740557421112 53.047519003151358 5.5000361346034827 5.5999934808113094 1.9999498421511459 34.000745462805661 64.239733411398547 202.57938126468983 121.00016181637459 0.54631633092207554 27.13737398437846 1146.5965248918199 132.00066002733669 7.9713708910364298 3.910427447453884 37.961821577729481 7.9713708910364298 45.000189413644037 229.08640475000001
decision_type=2 2 2 2 2 2 2 2 2 2 2 2 2 2 2 2 2 2 2 2 2 2 2 2 2 2 2 2 2 2
left_child=1 2 -1 27 19 13 -7 8 9 10 11 -8 18 20 -15 26 -11 -18 21 24 -6 23 -19 29 25 -5 -16 -4 -24 -13
right_child=-2 -3 3 4 5 6 7 -9 -10 16 -12 12 -14 14 15 -17 17 22 -20 -21 -22 -23 28 -25 -26 -27 -28 -29 -30 -31
leaf_value=-0.07808699987322823 -0.078087779130440252 0.093697448160558194 -0.076262193727456476 -0.057030652011733754 -0.044698747127335105 0.12178272056651823 -0.07448514817213317 -0.065153777543287272 -0.077715795531659027 -0.038585373515680442 0.1025575538876537 0.014031440533903412 -0.064914170085815903 0.1115282318239228 -0.040631226603923334 -0.079561328150090024 -0.013863436355901943 -0.041460136072121123 0.039252797901663201 -0.024996638604235229 -0.011477282604857655 0.031304330011593551 -0.00023418300225327776 0.012922563675456756 -0.059092068514511868 0.099901784015729994 -0.0080254441234919229 0.028052590787086773 0.024081525009066185 -0.026186723468231834
leaf_weight=4437.9135167449713 8939.7778443396091 13476.501536309719 1389.996207639575 26.096661180257797 701.20391860604286 108.68302232027054 45.816015243530273 131.2679313570261 83.914022848010063 166.1562334895134 163.40523213148117 68.414506420493126 44.684877067804337 61.349195331335068 139.85386750102043 67.466319844126701 601.92179483175278 41.083563879132271 204.4035946726799 196.97959968447685 196.9395699352026 166.1622459590435 239.02494919300079 268.24623817205429 1054.4367129206657 12.718271166086195 300.7918408960104 9.3899892568588239 365.15078304708004 202.28173279762268
leaf_count=23514 48378 43056 7245 112 2894 329 218 568 407 614 492 228 206 185 547 331 2050 135 607 781 707 507 759 851 4891 39 1022 47 1141 670
internal_value=0.000528012 0.0286716 -0.0475585 -0.0283624 -0.0166894 -0.00617779 0.0045643 1.28054e-06 0.0032158 0.00585141 0.019597 0.00604095 0.00990744 -0.0274088 -0.0116285 -0.0264984 -0.00546354 -0.00105087 0.0135835 -0.0522778 -0.0374141 0.00614219 0.0109012 -0.00161559 -0.0571932 -0.00560948 -0.018374 -0.0755622 0.0144617 -0.0160222
internal_weight=33912 24972.3 11495.8 7057.84 5658.45 4368.22 2900.62 2791.93 2660.67 2576.75 1163.41 1000.01 954.193 1467.6 569.461 508.112 1413.34 1247.18 909.508 1290.23 898.143 705.105 645.259 538.942 1093.25 38.8149 440.646 1399.39 604.176 270.696
internal_count=143531 95153 52097 28583 21291 15468 9782 9453 8885 8478 3779 3287 3069 5686 2085 1900 4699 4085 2863 5823 3601 2256 2035 1749 5042 151 1569 7292 1900 898
is_linear=0
shrinkage=0.1


Tree=23
num_leaves=31
num_cat=0
split_feature=31 31 18 20 12 36 10 26 35 18 34 19 2 34 6 33 20 31 0 35 31 6 36 25 36 35 0 34 5 32
split_gain=24215.9 0.890818 0.78798 3.90439 13.0201 2.76368 7.61996 0.839367 0.612395 4.01381 0.6046 9.52793 0.484185 0.26522 2.168 0.247111 3.41885 0.240739 1.57125 1.99944 0.210396 0.193608 0.151903 1.58457 0.144323 0.206201 0.527427 1.98156 7.83556 0.972893
threshold=6.4051489207289158 5.6118259625383446 1010.9852736542058 53.753626439925135 3.9276554430766191 31.000434981961579 1.6243081935986505 0.74710800101518859 269.5820066745211 979.63991597029997 291.04424081531926 465.27474786170899 139.41817403117145 133.0020140027743 5.3143298827660539 100.01982341896981 24.558261678158676 5.6241022653462256 67.928528889289808 93.002707904158854 6.2860469644010042 7.7056124722590136 29.002370547613442 0.59927307180249489 52.738374698234956 92.000345492101786 64.913235596685141 217.00110788982744 4.2153335596809169 110.99995822105198
decision_type=2 2 2 2 2 2 2 2 2 2 2 2 2 2 2 2 2 2 2 2 2 2 2 2 2 2 2 2 2 2
left_child=1 21 3 5 7 6 -3 -5 12 20 15 -12 -7 14 -14 17 -17 18 -4 -20 -10 22 23 -1 25 26 -19 29 -29 -28
right_child=-2 2 10 4 -6 8 -8 -9 9 -11 11 -13 13 -15 -16 16 -18 24 19 -21 -22 -23 -24 -25 -26 -27 27 28 -30 -31
leaf_value=-0.078414021148120808 0.094230377931940751 0.065890612941264359 -0.078284003017437764 -0.027937979895535259 0.087250876266814825 -0.051201667856160094 -0.078698664414784084 -0.078544664186705956 -0.078415186454933325 0.022965866215384823 -0.07831848155435521 0.076639324626802563 -0.07821430225030318 -0.077988291055046025 -0.014793029364149163 -0.00066878765867919756 -0.078214820109920008 -0.077663054089667713 0.020579696345159545 -0.078380791623752596 -0.053919587344719071 -0.078885971701238011 -0.078061166560649597 -0.014590994588025289 -0.078134450319200702 -0.077536194657070623 -0.062552411843527653 -0.078141136674924366 0.074728613753016079 -0.077081651513414909
leaf_weight=39.71892537176609 14816.313547074795 5.1557507812976864 43.069081336259842 3.8293142318725613 6.4382749497890464 7.1139918714761725 12.437656953930853 22.741883561015129 32.369112625718117 4.6448322236537924 56.266417697072029 4.2690621912479392 43.853345528244972 624.66215404868126 6.1453392952680579 6.2109622657299033 67.188919931650162 592.7835735976696 3.9583733230829221 4.2164458036422729 3.9323742389678946 4840.1395665109158 5289.7103740572929 4.3124195039272299 2564.1777405738831 3647.1081885397434 55.889383271336555 13.611198395490648 4.4488754272460929 262.77289147675037
leaf_count=207 48378 20 226 19 21 36 64 118 169 20 295 17 231 3304 31 30 354 3132 20 22 20 24346 27817 20 13570 19275 291 72 21 1385
internal_value=-0.000773624 -0.0778051 -0.0770225 -0.0739866 -0.0403367 -0.075487 -0.0363268 -0.0712515 -0.0764403 -0.0645623 -0.077343 -0.0673906 -0.0771537 -0.0774273 -0.0704192 -0.0774259 -0.071653 -0.0774848 -0.0706552 -0.0304626 -0.0757617 -0.078428 -0.0780125 -0.0721632 -0.0775338 -0.0771973 -0.0758677 -0.0727071 -0.0404836 -0.0745334
internal_weight=33089.5 18273.2 8099.3 773.324 33.0095 740.315 17.5934 26.5712 722.721 40.9463 7325.97 60.5355 681.775 674.661 49.9987 7265.44 73.3999 7192.04 51.2439 8.17482 36.3015 10173.9 5333.74 44.0313 7140.79 4576.61 929.506 336.722 18.0601 318.662
internal_count=143531 95153 42763 4053 158 3895 84 137 3811 209 38710 312 3602 3566 262 38398 384 38014 268 42 189 52390 28044 227 37746 24176 4901 1769 93 1676
is_linear=0
shrinkage=0.1


Tree=24
num_leaves=31
num_cat=0
split_feature=31 31 6 25 8 8 0 5 5 5 31 31 5 1 6 6 8 32 0 3 35 9 0 32 20 32 32 35 35 22
split_gain=17777.1 296.801 187.984 113.93 37.3418 52.2293 49.2553 31.3326 36.4869 130.124 29.7734 138.142 23.1353 22.5306 20.9666 22.0301 15.8293 12.8268 12.7063 17.4082 10.4392 10.0878 8.51481 8.5851 8.29874 9.32424 8.1908 7.96116 7.86098 7.24211
threshold=5.6000049957114308 5.4500000000000011 0.02581851184694817 0.50798977926993516 7.9747254713304363 3.0004720400429199 32.00364764427696 0.31542938332960169 7.9713708910364298 1.0000867206522146 5.5000361346034827 5.5999934808113094 0.99811100428669308 1.9999498421511459 1.7852244696068869 7.9999628160976615 7.9747254713304363 126.53604373861984 39.000846645922714 64.362339769864022 118.00239311196896 2.9929295703187844 63.962563388232972 148.00055930432214 47.524496263239179 97.000379502481408 137.00010415666037 298.01654963882612 157.00356527887794 8.9991807487128703
decision_type=2 2 2 2 2 2 2 2 2 2 2 2 2 2 2 2 2 2 2 2 2 2 2 2 2 2 2 2 2 2
left_child=1 -1 -3 4 5 6 -4 -5 9 12 24 -12 -9 17 21 -16 18 27 -10 -20 -17 -14 23 -19 25 -8 -22 -13 -25 -21
right_child=-2 2 3 7 -6 -7 10 8 16 -11 11 13 14 -15 15 20 -18 22 19 29 26 -23 -24 28 -26 -27 -28 -29 -30 -31
leaf_value=0.089866766974544141 -0.076559440066378895 0.088326516334803692 0.08320311889104523 0.085802842221491704 0.084988672213749727 -0.12391825562362396 0.083966906636044975 -0.078140186476902032 0.058608261056128957 -0.081846607105401314 -0.093114893253545175 0.057257266462203651 0.018775209598295595 0.094802931828800993 -0.084849242313510598 0.045403303116596995 0.083804430447914038 0.026879512588714394 0.050105556697822379 0.025448586618400045 0.030391972014949808 0.065992318008621154 0.052336861831288543 0.014258792611705783 0.094681936872290609 0.059299418247763115 -0.0020686199311738518 0.011247770577685123 -0.088715684510133563 0.09458642386178133
leaf_weight=6806.8097059726715 15365.562848165631 2134.1525409519672 794.17313958704472 139.71350175142288 779.39598885178566 15.260299623012541 180.46520984172821 17.881463557481766 417.55121174454689 107.79409435391426 69.888681158423424 668.37654334306717 54.980922430753708 109.70542043447495 17.59500190615654 224.34595748782158 102.78524306416512 177.16372649371624 656.10788130760193 641.83689264953136 193.13422524929047 255.60096003115177 115.86788725852966 16.913806349039081 88.944954365491867 1015.6326514929533 130.09724076092243 39.850423708558083 13.198271393775938 15.517022222280501
leaf_count=23514 91434 7291 2487 447 2491 55 563 99 1197 534 319 1928 158 351 85 609 319 491 1855 1785 524 772 319 46 281 3032 354 112 36 43
internal_value=0.000264214 0.0740382 0.0623194 0.0544575 0.0652987 0.0606559 0.061512 0.0395718 0.0372936 0.0219425 0.0546104 0.0433595 0.034462 0.0517183 0.0367611 0.0252909 0.0456768 0.0471355 0.0434128 0.0385822 0.02883 0.0576337 0.0306257 0.0184891 0.0652126 0.0630212 0.0173269 0.0546684 -0.0308754 0.0270806
internal_weight=31366.3 16000.7 9193.93 7059.78 4084.84 3305.44 3290.18 2974.94 2835.23 1001.43 2496.01 1210.96 893.636 1141.08 875.754 565.172 1833.8 1031.37 1731.01 1313.46 547.577 310.582 323.144 207.276 1285.04 1196.1 323.231 708.227 30.1121 657.354
internal_count=143531 52097 28583 21292 12511 10020 9965 8781 8334 3135 7478 3602 2601 3283 2502 1572 5199 2932 4880 3683 1487 930 892 573 3876 3595 878 2040 82 1828
is_linear=0
shrinkage=0.1


Tree=25
num_leaves=31
num_cat=0
split_feature=31 31 31 6 25 7 7 8 14 5 5 20 20 0 5 5 0 7 8 35 3 0 24 24 8 8 0 5 32 27
split_gain=6461.52 10338.9 648.067 360.367 182.103 81.0292 125.795 49.9716 49.759 32.3579 110.521 26.8905 22.388 21.4721 22.8999 21.959 17.7327 17.1102 17.1068 14.3926 12.8928 12.3535 11.8144 11.3926 10.5085 39.0655 18.3344 9.86625 9.55296 9.39926
threshold=6.4051489207289158 5.6000049957114308 5.4500000000000011 0.307916612642544 0.45218379002003767 1.0000092959755851 1.9991072473805913 7.9747254713304363 0.99998693382312853 7.9713708910364298 1.0000867206522146 41.591740557421112 53.047519003151358 37.001035304682524 0.78125696525724009 7.9713708910364298 27.009328575640399 2.0329174639243757 7.9747254713304363 202.57938126468983 64.239733411398547 45.000189413644037 26.032811469545475 27.13737398437846 7.9747254713304363 3.2218153508040688 32.00364764427696 7.9713708910364298 132.00066002733669 4.1740386207645743
decision_type=2 2 2 2 2 2 2 2 2 2 2 2 2 2 2 2 2 2 2 2 2 2 2 2 2 2 2 2 2 2
left_child=1 2 -1 27 17 13 -7 8 9 10 11 -8 19 -6 -15 -16 -11 24 22 23 -18 -22 29 28 25 26 -5 -4 -13 -17
right_child=-2 -3 3 4 5 6 7 -9 -10 16 -12 12 -14 14 15 18 20 -19 -20 -21 21 -23 -24 -25 -26 -27 -28 -29 -30 -31
leaf_value=-0.076547477338817241 -0.076547908726721139 0.089281332644553513 -0.074504940417504661 -0.066436018701380328 -0.043682497431096506 0.11295832449673947 -0.07220502716247551 -0.061878557624653198 -0.075809602222499883 -0.059446827768833782 0.097483750324950463 -0.014261098227407142 -0.062220272522657577 -0.074232368419897582 0.061471288022609961 -0.03503779597270551 -0.012479906097860835 -0.0080966015604051166 -0.061445229044951914 0.036427493980290562 -0.0067880350675767285 0.019324379532037805 0.013462870624777213 0.029160775607320173 -0.065940562040255932 0.2194183726093335 -0.034151506519533782 0.028618219475976148 0.012528972033687809 -0.0093009057099643615
leaf_weight=3995.6600893288851 8048.7648575305939 12482.585912674665 1256.0838530659676 297.92803354561329 409.22258912026882 103.92493239045143 41.711099207401276 121.29938282072544 76.256199166178703 55.474845036864281 153.9062639772892 265.7035781443119 41.231913626194 64.205277919769287 38.487462475895882 205.65365019440651 609.60731163620949 94.949001669883728 74.813118562102318 204.99065728485584 337.51290687918663 391.12822239100933 154.03431153297424 166.04727704823017 375.13299044966698 5.5301179885864249 429.48294642567635 9.3467185944318754 266.71343164145947 457.7309758067131
leaf_count=23514 48378 43056 7245 1502 1752 329 218 568 407 225 492 898 206 322 133 835 2122 364 342 607 1127 1225 546 507 1906 19 2032 47 851 1756
internal_value=0.000648577 0.0274461 -0.0446653 -0.0256749 -0.0144989 -0.00475517 0.00497334 0.00086498 0.00378066 0.00617576 0.0186686 0.00637123 0.00984064 -0.0244007 -0.01647 -0.0124852 -0.00404556 -0.0488374 -0.0156754 0.0131294 -0.00174899 0.00722888 -0.0114864 0.00629164 -0.0523284 -0.0453614 -0.0473744 -0.0737433 -0.000840656 -0.0172795
internal_weight=31235.1 23186.4 10703.8 6708.11 5442.68 4239.66 2835.51 2731.58 2610.28 2534.03 1140.3 986.398 944.687 1404.15 994.925 930.72 1393.72 1203.02 892.232 903.455 1338.25 728.641 817.419 698.464 1108.07 732.941 727.411 1265.43 532.417 663.385
internal_count=143531 95153 52097 28583 21291 15468 9782 9453 8885 8478 3779 3287 3069 5686 3934 3612 4699 5823 3479 2863 4474 2352 3137 2256 5459 3553 3534 7292 1749 2591
is_linear=0
shrinkage=0.1


Tree=26
num_leaves=31
num_cat=0
split_feature=31 31 18 20 12 36 10 19 35 19 34 19 2 34 9 33 7 31 0 36 16 6 36 25 36 35 23 23 3 25
split_gain=20681.7 0.980621 0.855832 4.09533 12.1437 2.90747 7.22242 0.915795 0.666992 4.03737 0.653359 10.7409 0.521109 0.288814 2.36722 0.269839 3.58567 0.262494 1.64117 2.04548 0.232636 0.207365 0.167302 1.84354 0.15928 0.225529 0.576546 2.78064 5.77311 0.981759
threshold=6.4051489207289158 5.6118259625383446 1010.9852736542058 53.753626439925135 3.9276554430766191 31.000434981961579 1.6243081935986505 118.80835657223902 269.5820066745211 188.59562110101589 291.04424081531926 474.80731358719765 139.41817403117145 133.0020140027743 3.6733625811781789 100.01982341896981 3.8116922886343745 5.6241022653462256 67.928528889289808 48.338355405419641 2.1230482737474712 7.7056124722590136 29.002370547613442 0.60067966095443748 52.738374698234956 92.000345492101786 0.35397570171698073 0.52033311604367849 58.126558673527946 0.55909682580433551
decision_type=2 2 2 2 2 2 2 2 2 2 2 2 2 2 2 2 2 2 2 2 2 2 2 2 2 2 2 2 2 2
left_child=1 21 3 5 7 6 -3 -5 12 20 15 -12 -7 14 -14 17 -17 18 -4 -20 -10 22 23 -1 25 26 -19 28 -28 -29
right_child=-2 2 10 4 -6 8 -8 -9 9 -11 11 -13 13 -15 -16 16 -18 24 19 -21 -22 -23 -24 -25 -26 -27 27 29 -30 -31
leaf_value=-0.076892231664552266 0.089867229721026273 0.065922600315789115 -0.076721415914246235 -0.022166619922130738 0.085150082551977646 -0.047452486227454377 -0.077078844146158287 -0.077084675134404854 -0.077025928763887891 0.026080605964258353 -0.076848049915028541 0.0980997463353004 -0.0074170630238681147 -0.076429600829980557 -0.076734927993873547 -0.076719799294747718 0.00493894822808105 -0.075351108638334122 0.025893587269586456 -0.077622456786044014 -0.050087003079788611 -0.077410796091617939 -0.076516235312637876 -0.0029109083774270308 -0.076593140570897569 -0.075929505452337953 0.081130061201002329 -0.076644530770047917 -0.076952830615821588 -0.057508762527385238
leaf_weight=36.258561551570892 13711.347378194332 5.1548840701580074 38.808792769908905 3.5635736733675065 6.4905953705310813 6.5495133548974982 11.217387720942495 20.528226613998413 29.11924210190773 4.5908788740634909 51.231072217226028 3.7673873901367179 5.62475562095642 562.76476994156837 39.692136347293854 60.569017261266708 5.9012230932712546 681.71258705854416 3.8075006157159796 3.8280926942825317 3.6022110730409613 4422.9290457069874 4773.0665078014135 3.7132231295108786 2309.766863271594 3286.9401857554913 3.7174476981163007 112.06493635475636 6.1023651659488678 35.24264107644558
leaf_count=209 48378 20 226 20 21 36 64 117 167 22 297 15 31 3304 231 353 31 3989 21 21 20 24346 27817 18 13570 19275 20 656 35 201
internal_value=-0.000943672 -0.0762318 -0.0753658 -0.0720381 -0.0362538 -0.0736756 -0.0320542 -0.0689614 -0.0747209 -0.061739 -0.075718 -0.0648641 -0.075509 -0.0758112 -0.0681312 -0.0758092 -0.0694701 -0.0758742 -0.0683833 -0.026004 -0.0740603 -0.0769165 -0.0764623 -0.0700197 -0.0759282 -0.075556 -0.0740925 -0.0686317 -0.017108 -0.0720664
internal_weight=30249.7 16538.3 7302.36 698.898 30.5824 668.316 16.3723 24.0918 651.944 37.3123 6603.46 54.9985 614.631 608.082 45.3169 6548.46 66.4702 6481.99 46.4444 7.63559 32.7215 9235.97 4813.04 39.9718 6435.55 4125.78 838.84 157.127 9.81981 147.308
internal_count=143531 95153 42763 4053 158 3895 84 137 3811 209 38710 312 3602 3566 262 38398 384 38014 268 42 187 52390 28044 227 37746 24176 4901 912 55 857
is_linear=0
shrinkage=0.1


Tree=27
num_leaves=31
num_cat=0
split_feature=31 31 5 25 31 31 20 1 0 20 0 32 24 8 35 35 11 32 32 18 32 3 0 2 35 20 5 5 19 35
split_gain=15089 297.398 182.393 97.7788 43.4606 261.649 64.2526 36.1915 24.9499 24.4539 24.2642 17.7498 15.9214 12.6095 11.7671 11.4423 11.1828 10.2021 9.72622 9.39917 9.12895 8.77373 9.6702 8.06388 7.73353 7.67893 7.51886 12.7996 7.46479 7.31941
threshold=5.6000049957114308 5.4500000000000011 0.28665966950380045 0.45218379002003767 5.5000361346034827 5.5999934808113094 52.835884892710332 1.9999498421511459 39.000846645922714 52.836653738322788 30.0021227740543 112.00027761310507 27.602139238685904 1.9999927881542103 254.16532355448655 219.01354646169878 7.9999025157879391 148.00055930432214 98.001889275943952 1956.5717487148072 120.96743654601582 64.239733411398547 45.000189413644037 149.54246673262048 83.996252901905564 47.503460379324636 7.9713708910364298 3.910427447453884 393.1863314257925 103.00139577212856
decision_type=2 2 2 2 2 2 2 2 2 2 2 2 2 2 2 2 2 2 2 2 2 2 2 2 2 2 2 2 2 2
left_child=1 -1 -3 20 7 -6 -7 -5 -9 10 -8 14 15 -13 24 18 17 21 -10 -16 26 -15 -23 -17 -12 -20 27 -4 -27 -19
right_child=-2 2 3 4 5 6 9 8 12 -11 11 13 -14 16 19 23 -18 29 25 -21 -22 22 -24 -25 -26 28 -28 -29 -30 -31
leaf_value=0.086308386267889364 -0.075239733558254307 0.085232180894150189 0.067658240789771368 0.089578306573735167 -0.080439876968413399 0.087830356514353725 0.070815092008691002 0.067797396330893753 0.078935123158909534 0.087777360286927272 0.07501907139057569 -0.035996166652213328 0.020805551668209535 0.043113532087781931 0.064744019795538718 0.060514159955563113 0.04672468271735844 0.037828341255628978 0.090376577998893981 -0.031367745008049258 0.054300752195600349 0.033991788068631727 0.010243332061939768 0.0077660548027948919 0.044605829508488515 0.043206849610707761 0.075011437576403703 -0.081589527186665123 0.065615176116205251 -0.021344682884851751
leaf_weight=6247.7586399614811 13786.941300131381 1895.0475161075592 18.663326859474186 236.09382531046867 185.49139498174191 280.85377842187881 167.58648860454559 527.35406415164471 105.46513867378235 89.945737034082413 112.67163792252541 33.139601439237595 271.82008472084999 217.44530235230923 15.009218424558638 38.714392721652985 224.51328141987324 27.901611924171448 40.368206471204758 31.591682404279709 280.48901276290417 293.92711344361305 411.51666343212128 115.28911657631397 324.1384234726429 1151.0070345103741 1416.9450468122959 8.302358463406561 170.71023820340633 83.349823147058487
leaf_count=23514 91434 6981 59 829 1021 982 514 1636 329 320 340 94 762 603 41 107 629 75 139 87 879 815 1139 330 915 3360 4833 39 496 229
internal_value=0.000305035 0.0696336 0.0577618 0.0501956 0.0433014 0.0338349 0.0429969 0.0522058 0.0485608 0.0368025 0.0344425 0.0310087 0.0432029 0.0248918 0.0473547 0.0469574 0.0264949 0.022103 0.0496786 -0.000412067 0.0708091 0.0255515 0.0201383 0.0210262 0.0524507 0.0474133 0.074016 0.0217069 0.0461011 -0.00650422
internal_weight=28810.1 15023.1 8775.35 6880.3 5155.9 2499.08 2313.59 2656.82 2420.73 2032.74 1942.79 1775.2 1893.37 1291.79 483.411 1621.55 1258.65 1034.14 1467.55 46.6009 1724.4 922.889 705.444 154.004 436.81 1362.09 1443.91 26.9657 1321.72 111.251
internal_count=143531 52097 28583 21602 15792 7804 6783 7988 7159 5801 5481 4967 5523 3584 1383 4761 3490 2861 4324 128 5810 2557 1954 437 1255 3995 4931 98 3856 304
is_linear=0
shrinkage=0.1


Tree=28
num_leaves=31
num_cat=0
split_feature=31 31 31 6 25 31 31 1 20 7 0 8 7 20 20 32 32 0 4 35 24 8 5 19 32 35 20 27 2 5
split_gain=5576.52 8666.46 625.217 333.766 157.969 69.0793 242.136 90.1039 51.9573 36.6713 28.9413 28.3831 24.7084 20.8966 17.2746 16.5982 16.18 15.9692 13.8402 13.2197 12.4726 11.8477 9.89673 9.85497 9.71194 10.382 9.7931 9.53924 8.94039 8.87976
threshold=6.4051489207289158 5.6000049957114308 5.4500000000000011 0.307916612642544 0.45218379002003767 5.5000361346034827 5.5999934808113094 1.9999498421511459 47.524496263239179 1.0000092959755851 30.0021227740543 7.9747254713304363 1.9991072473805913 47.503460379324636 53.498553596108671 121.00016181637459 112.00027761310507 40.000433835407399 82.608938740929474 83.996252901905564 23.053148184366076 1.9999927881542103 7.9713708910364298 412.71747876419619 148.00055930432214 102.00487427797906 51.477500242735154 12.168165730191134 165.22656481738724 7.9713708910364298
decision_type=2 2 2 2 2 2 2 2 2 2 2 2 2 2 2 2 2 2 2 2 2 2 2 2 2 2 2 2 2 2
left_child=1 2 -1 22 15 8 -7 10 9 17 -8 14 -11 -14 16 29 19 -6 -19 -12 -15 -18 -4 -22 26 -26 -23 28 -21 -5
right_child=-2 -3 3 4 5 6 7 -9 -10 12 11 -13 13 20 -16 -17 21 18 -20 27 23 24 -24 -25 25 -27 -28 -29 -30 -31
leaf_value=-0.075227398938991039 -0.075227591952340578 0.085660229380689346 -0.072923463309915601 -0.0016148507456436173 -0.04642021178501838 0.093502441898019803 -0.044861097264399068 -0.077425217847141486 -0.075995922827523016 0.10969138860069277 -0.048510574607236519 -0.052303083187648237 -0.074537448080203822 -0.018474201002407525 -0.079178913527518491 -0.017938445865217787 0.077500313087382033 -0.03032939418526184 0.0049175624584412653 0.022043713943737608 0.010605688573625149 -0.078951211206531424 0.031629235881950012 -0.029127186069244144 -0.0096437812257017617 0.05710296337314287 0.012327940376713344 0.020014092192508121 -0.03221235679533236 -0.052885203932207581
leaf_weight=3584.4020404964685 7220.2247782945633 11469.832035601139 1130.9474902004004 35.088017553091049 309.15131682157516 293.57713522017002 120.3041820526123 154.33570630848408 137.7091124355793 20.05615596473217 66.152285650372505 79.175904557108879 38.632308930158615 259.78070795536041 21.818884134292603 181.36875782907009 30.828822746872902 300.12535950541496 177.16591621935368 42.700465098023415 679.78733210265636 11.901991650462149 9.1266637295484525 68.736593827605247 30.873587518930435 95.039363697171211 943.77186295390129 137.92627535760403 105.18398803472519 906.65700505673885
leaf_count=23514 48378 43056 7245 151 1422 1024 521 874 743 62 263 380 221 958 111 781 96 1325 668 148 2201 62 47 232 93 273 2948 469 374 4891
internal_value=0.000784806 0.0263805 -0.0418011 -0.0230448 -0.0123907 -0.00333739 0.00916438 -0.00429189 -0.0167335 -0.0123304 0.00240398 0.00603646 -0.000254264 -0.00236049 0.00914445 -0.04564 0.0104604 -0.0287144 -0.0172461 -0.0082269 0.000404906 0.016373 -0.0720865 0.00695704 0.0146307 0.0407368 0.0111911 0.00109696 -0.0165463 -0.0509749
internal_weight=28662.4 21442.2 9972.33 6387.92 5247.85 4124.74 2133.59 1840.01 1991.14 1853.44 1685.68 1565.37 1066.99 1046.94 1486.2 1123.11 1464.38 786.443 477.291 351.963 1008.3 1112.42 1140.07 748.524 1081.59 125.913 955.674 285.811 147.884 941.745
internal_count=143531 95153 52097 28583 21291 15468 7636 6612 7832 7089 5738 5217 3674 3612 4837 5823 4726 3415 1993 1254 3391 3472 7292 2433 3376 366 3010 991 522 5042
is_linear=0
shrinkage=0.1


Tree=29
num_leaves=31
num_cat=0
split_feature=31 31 18 20 12 36 10 1 35 18 34 19 2 34 6 33 20 31 11 34 25 6 36 25 36 35 0 34 9 32
split_gain=17739.3 1.07552 0.93497 4.30551 11.3248 3.06372 6.84244 1.02953 0.730827 4.15126 0.707909 10.9846 0.563174 0.316825 2.46986 0.2967 3.82725 0.288184 1.77472 0.270966 0.262806 0.214182 0.183735 1.89347 0.177111 0.249056 0.64079 2.32444 11.056 1.17422
threshold=6.4051489207289158 5.6118259625383446 1010.9852736542058 53.753626439925135 3.9276554430766191 31.000434981961579 1.6243081935986505 1.5882818443171141 269.5820066745211 979.63991597029997 291.04424081531926 480.09898679059523 139.41817403117145 133.0020140027743 5.3143298827660539 100.01982341896981 24.558261678158676 5.6241022653462256 1.06002419302625 152.00089695574863 0.62856561641395048 7.7056124722590136 29.002370547613442 0.60067966095443748 52.738374698234956 92.000345492101786 64.913235596685141 217.00110788982744 2.9929295703187844 110.99995822105198
decision_type=2 2 2 2 2 2 2 2 2 2 2 2 2 2 2 2 2 2 2 2 2 2 2 2 2 2 2 2 2 2
left_child=1 21 3 5 7 6 -3 -5 12 20 15 -12 -7 14 -14 17 -17 18 -4 -20 -10 22 23 -1 25 26 -19 29 -29 -28
right_child=-2 2 10 4 -6 8 -8 -9 9 -11 11 -13 13 -15 -16 16 -18 24 19 -21 -22 -23 -24 -25 -26 -27 27 28 -30 -31
leaf_value=-0.075587359869773801 0.086310340905042415 0.065960340739791123 -0.0027473326170965938 -0.013410460540311642 0.083295045693366779 -0.043663563104574261 -0.075690613994730496 -0.075635143084425427 -0.075579800942082082 0.032669693599097105 -0.075529579635541619 0.10582229173457434 -0.075406684830709489 -0.075087897341853754 -0.0022322738437129765 0.012429735094221218 -0.075390704212012077 -0.074698499123331069 -0.044942523857019585 -0.075429107638012374 -0.045263890893936315 -0.07614407873278084 -0.075191329422498204 0.0011833093105620075 -0.07527147994293204 -0.074531726839342727 -0.056360339565305062 0.13089990054811801 -0.075879135910626019 -0.073984975427799388
leaf_weight=32.687823712825775 12585.818589270115 5.1538614928722373 3.9872258007526389 3.1001153439283433 6.5368328690528861 6.0262031853198996 10.079244554042814 18.685996830463409 26.417460009455684 4.3166022449731818 46.243574529886246 3.5999762415885916 35.670920044183731 505.19775421917439 5.2977576404809943 5.4588366597890845 54.572796836495399 480.2265742123127 3.1818265914916983 34.816723868250847 3.2066259682178488 4035.2641654461622 4294.388554893434 3.5628606379032126 2073.1591764986515 2951.9834829717875 45.944203302264214 3.312924683094022 11.780252069234848 213.29179522395134
leaf_count=209 48378 20 23 18 21 36 64 119 169 20 298 14 231 3304 31 30 354 3132 20 225 20 24346 27817 18 13570 19275 291 19 74 1385
internal_value=-0.00113701 -0.0748682 -0.0739097 -0.0702459 -0.0321438 -0.0720405 -0.0277654 -0.0667807 -0.0731911 -0.0589484 -0.0742986 -0.0624313 -0.0740666 -0.074402 -0.0659443 -0.0743992 -0.067405 -0.0744713 -0.0662164 -0.0728763 -0.0722983 -0.0756199 -0.0751315 -0.068042 -0.0745313 -0.0741173 -0.072496 -0.0686403 -0.0304915 -0.0708614
internal_weight=27513 14927.2 6561.25 629.689 28.3229 601.366 15.2331 21.7861 586.133 33.9407 5931.56 49.8436 552.193 546.166 40.9687 5881.72 60.0316 5821.68 41.9858 37.9986 29.6241 8365.9 4330.64 36.2507 5779.7 3706.54 754.556 274.329 15.0932 259.236
internal_count=143531 95153 42763 4053 158 3895 84 137 3811 209 38710 312 3602 3566 262 38398 384 38014 268 245 189 52390 28044 227 37746 24176 4901 1769 93 1676
is_linear=0
shrinkage=0.1


Tree=30
num_leaves=31
num_cat=0
split_feature=31 31 6 4 14 5 5 32 6 6 0 8 6 8 8 0 4 5 20 10 10 20 35 34 25 35 18 35 31 31
split_gain=12836 298.985 177.056 91.6428 29.237 31.5827 116.53 27.8567 21.7577 26.4592 19.9263 18.5614 10.93 10.7477 34.9172 16.4325 10.4394 9.76557 8.86705 8.342 27.4713 8.28101 8.25197 7.63411 7.33981 6.70888 6.34351 6.0638 5.72583 70.5116
threshold=5.6000049957114308 5.4500000000000011 0.02581851184694817 78.600061851569009 0.99998693382312853 7.9713708910364298 1.0000867206522146 118.00016079706155 1.3865816092077552 7.9999628160976615 30.0021227740543 7.9747254713304363 0.99995336598937867 7.9747254713304363 3.0004720400429199 32.00364764427696 89.000160647991279 0.89161611045848066 45.139532238350192 4.0240267219315689 4.9999488137370776 52.836653738322788 202.57938126468983 287.00047982336702 0.60210318968794285 138.00065368177508 943.59205921725152 159.00449682071277 5.5000361346034827 5.5999934808113094
decision_type=2 2 2 2 2 2 2 2 2 2 2 2 2 2 2 2 2 2 2 2 2 2 2 2 2 2 2 2 2 2
left_child=1 -1 -3 7 5 6 8 13 12 -10 -7 16 -5 14 15 -4 19 -14 -19 -12 -21 -20 24 28 -11 -9 -22 -18 -17 -30
right_child=-2 2 3 4 -6 10 -8 25 9 22 11 -13 17 -15 -16 23 27 18 21 20 26 -23 -24 -25 -26 -27 -28 -29 29 -31
leaf_value=0.083377055253700427 -0.074105512392361683 0.08144523742423572 0.078210510732166866 -0.078128020027475015 0.085175244769518862 0.06634656354797433 -0.080859211362247566 0.048845570035547521 -0.080382957212582623 0.035695464455268236 0.046012062191129535 0.073194623763854536 0.084097184265090538 0.07765258734332349 -0.13000812884714205 0.060840546097707587 0.033453136378422225 0.086809283429265749 0.027611366687228269 -0.11133312105739135 0.079465711920736981 0.081709268912434838 0.0025667908973426856 -0.057868205791836318 0.0027816990746050724 0.02709089219289882 0.031418447932910432 0.014589208994379824 -0.10200792860966433 0.061242935467440307
leaf_weight=5695.6400826275349 12331.861019305885 1799.1203955262899 461.54648287594318 6.4406846165657035 116.2599410712719 264.13625401258469 103.64881817251444 587.59554107487202 25.341633185744286 398.67226089537144 876.01618200540543 135.7114599943161 79.193754941225052 561.96836112439632 9.4708293154835683 705.09369526803493 376.11119902133942 40.668211326003075 183.9220939129591 13.33469298481941 28.9649488478899 33.440566867589951 140.72941654920578 5.9187078177928916 81.625066578388214 186.82965430617332 535.43672215938568 311.56419764459133 29.599822141230106 249.22581090033054
leaf_count=23514 91434 7291 1681 39 440 862 586 1902 151 1101 2625 477 293 2068 35 2404 1069 153 523 45 85 123 385 20 221 582 1551 874 143 854
internal_value=0.000339632 0.0657126 0.0536599 0.0460262 0.0358107 0.0342319 0.0200232 0.0597256 0.0305847 0.0197752 0.0403469 0.037331 0.0509155 0.0659002 0.0613792 0.0626281 0.0350582 0.0533801 0.0439526 0.0398603 0.0305325 0.0359342 0.0238622 0.0553623 0.0301019 0.0435973 0.0338842 0.0249065 0.0560434 0.0439124
internal_weight=26375.1 14043.2 8347.59 6548.47 3751.22 3634.96 1093.68 2797.25 990.034 646.368 2541.28 2277.14 343.665 2022.82 1460.86 1451.38 2141.43 337.225 258.031 1453.75 577.736 217.363 621.027 989.838 480.297 774.425 564.402 687.675 983.919 278.826
internal_count=143531 52097 28583 21292 11603 11163 3575 9689 2989 1858 7588 6726 1131 7205 5137 5102 6249 1092 799 4306 1681 646 1707 3421 1322 2484 1636 1943 3401 997
is_linear=0
shrinkage=0.1


Tree=31
num_leaves=31
num_cat=0
split_feature=31 31 31 5 25 31 31 20 1 0 20 0 8 24 0 10 10 6 35 19 32 6 4 8 35 32 34 32 5 18
split_gain=4821.52 7289.05 601.117 309.081 131.849 55.2316 200.699 85.8437 52.9066 30.5242 30.4163 26.0499 18.4044 17.1314 15.9533 13.3102 52.3472 12.8309 12.3931 11.5615 11.2349 11.2156 11.1628 11.1027 9.296 9.27817 8.20389 8.06189 7.87735 7.744
threshold=6.4051489207289158 5.6000049957114308 5.4500000000000011 0.28665966950380045 0.45218379002003767 5.5000361346034827 5.5999934808113094 52.835884892710332 1.9999498421511459 39.000846645922714 52.836653738322788 30.0021227740543 7.9747254713304363 27.602139238685904 53.652839099121152 4.0000495923495549 4.9999488137370776 7.9999628160976615 122.00300015291575 418.12722261595974 126.40573877457309 4.1688756413562267 89.100129863786762 3.8800511776902895 171.00468211638048 98.001889275943952 251.000606508701 117.97044967054346 7.9713708910364298 3872.6686111462004
decision_type=2 2 2 2 2 2 2 2 2 2 2 2 2 2 2 2 2 2 2 2 2 2 2 2 2 2 2 2 2 2
left_child=1 2 -1 -4 14 8 -7 -8 -6 27 11 24 15 18 17 20 -17 21 25 -20 22 -5 29 -16 -9 -11 -18 -10 -24 -13
right_child=-2 -3 3 4 5 6 7 10 9 13 -12 12 -14 -15 23 16 26 -19 19 -21 -22 -23 28 -25 -26 -27 -28 -29 -30 -31
leaf_value=-0.074092806927195429 -0.074092840689971656 0.082654425625938013 -0.071266862448111368 -0.0416002214302853 -0.075914068600447193 0.089478448530449436 -0.073707706608064402 -0.057575959333388028 -0.043567565370793267 -0.055540891554175131 -0.073629726104636334 -0.022325297477894791 -0.044540488698344448 0.021323127861834764 -0.015670806467256142 0.14077609190264181 0.01244700728652217 -0.048887800634489942 0.0082861666182245108 -0.045252877503785385 0.018207559823154161 0.10214673529679393 0.062455640080581382 0.14264369575505306 0.0082819825762586955 -0.013462088507235973 0.057098586465197811 -0.0041641430656615876 0.003396387273739988 0.066667805981109593
leaf_weight=3205.3032126873732 6456.4997729659081 10469.34812143445 1004.2348897829652 11.065378218889238 130.75228382647038 269.4944978505373 156.85631440579891 82.818473950028419 288.77369098365307 56.868204027414322 49.375659853219986 280.98030735552311 60.444329798221588 230.72115406394005 131.89178663492203 34.866518914699554 657.95380213856697 885.43404613435268 462.78340831398964 44.18503075838089 265.02983428537846 10.653616428375242 27.829035609960556 4.5837906599044791 28.916125774383545 666.99089482426643 43.892775937914848 63.307299688458443 119.8309485912323 10.130603387951849
leaf_count=23514 48378 43056 6981 61 829 1021 982 387 1392 271 320 1015 303 762 572 98 2096 5127 1682 165 804 36 87 14 127 2643 131 244 397 36
internal_value=0.000928838 0.0254477 -0.0390494 -0.0205769 -0.0105492 -0.00235083 0.00894121 -0.0029913 -0.0144794 -0.0100503 0.0036825 0.00604956 0.00951723 -0.00368288 -0.0422296 0.0117855 0.0211808 -0.0470252 -0.0083703 0.00361995 0.00195089 0.0289106 -0.0078686 -0.0103535 -0.0405324 -0.0167679 0.0152395 -0.0364825 0.0145271 -0.0192284
internal_weight=26211.8 19755.3 9285.97 6080.66 5076.43 4032.8 2088.42 1818.92 1944.38 1813.63 1662.07 1612.69 1500.96 1461.55 1043.63 1440.51 736.713 907.153 1230.83 506.968 703.801 21.719 438.771 136.476 111.735 723.859 701.847 352.081 147.66 291.111
internal_count=143531 95153 52097 28583 21602 15792 7804 6783 7988 7159 5801 5481 4967 5523 5810 4664 2325 5224 4761 1847 2339 97 1535 586 514 2914 2227 1636 484 1051
is_linear=0
shrinkage=0.1


Tree=32
num_leaves=31
num_cat=0
split_feature=31 31 18 20 7 36 10 31 35 19 34 19 2 34 9 33 7 31 9 23 16 6 36 18 36 0 5 9 11 34
split_gain=15266.7 1.16344 1.02512 4.53033 11.2538 3.2308 6.4751 1.8488 0.800591 4.16825 0.767777 13.608 0.610089 0.349083 2.69413 0.327392 4.01148 0.318228 1.93224 0.29239 0.279606 0.214831 0.202397 1.94489 0.197822 0.276751 0.819168 2.14895 8.68731 2.40792
threshold=6.4051489207289158 5.6118259625383446 1010.9852736542058 53.753626439925135 3.1399642815909883 31.000434981961579 1.6243081935986505 6.099987045672699 269.5820066745211 188.59562110101589 291.04424081531926 497.40499230133247 139.41817403117145 133.0020140027743 3.6733625811781789 100.01982341896981 3.8116922886343745 5.6241022653462256 1.0465505539819961 0.5155385706679082 2.1230482737474712 7.7056124722590136 29.002370547613442 943.59205921725152 52.738374698234956 60.329844537998788 2.4743345581448017 2.0656316156319585 1.5094976073159763 226.00023969314128
decision_type=2 2 2 2 2 2 2 2 2 2 2 2 2 2 2 2 2 2 2 2 2 2 2 2 2 2 2 2 2 2
left_child=1 21 3 5 7 6 -3 -5 12 20 15 -12 -7 14 -14 17 -17 18 -4 -20 -10 22 23 -1 25 -19 -27 28 -28 -30
right_child=-2 2 10 4 -6 8 -8 -9 9 -11 11 -13 13 -15 -16 16 -18 24 19 -21 -22 -23 -24 -25 -26 26 27 -29 29 -31
leaf_value=0.0043662554624514108 0.083380080468233642 0.065996427157271553 0.0040112188561344676 -0.0763787328833333 0.095597907499852627 -0.039806959859908314 -0.074497939440248975 0.003292918346463196 -0.074554092131798852 0.035668293679082259 -0.074539587430380652 0.14834832243935578 0.0055941332934249339 -0.073928894570877368 -0.074321763547941164 -0.074294438439762647 0.018155037315890139 -0.073674940644684647 -0.074435123803242007 -0.041397716101821823 -0.042071000153252595 -0.075042623164915168 -0.074042693471153234 -0.074561256420543703 -0.074135492841023332 -0.072857799654158215 0.095355638663397815 -0.070035236466185424 -0.07426169720322949 0.019137898004188351
leaf_weight=3.4942067563533774 11474.264942407608 5.1528840363025656 3.7515811324119559 16.965824082493789 5.7522366344928733 5.5448204129934302 9.0274228602647764 3.5162720680236808 23.579161018133171 4.2583322674036017 42.150357648730278 2.9295600950717917 4.8565818667411795 452.12603013217449 32.105026662349701 48.904096961021423 5.1917597800493231 1820.2917465120554 31.192603558301926 2.9305444657802573 2.9854323863983145 3675.9428680986166 3851.1797996386886 29.312476813793182 1855.0324047058821 1260.8121781647205 4.0228023827075985 209.39093828201294 22.39107804000378 3.1483861356973639
leaf_count=20 48378 20 26 113 25 36 64 20 167 22 301 11 31 3304 231 353 31 13278 222 20 20 24346 27817 207 13570 9175 26 1513 162 22
internal_value=-0.00133687 -0.0736742 -0.072619 -0.0685728 -0.0279919 -0.0705456 -0.0234447 -0.0627011 -0.0718167 -0.0561801 -0.07305 -0.060055 -0.0727911 -0.073165 -0.0638212 -0.0731612 -0.0654218 -0.0732415 -0.0641086 -0.0715978 -0.0709035 -0.0744947 -0.0739761 -0.0661548 -0.0733084 -0.0728462 -0.0718404 -0.066472 -0.0412333 -0.0627478
internal_weight=24912.2 13437.9 5878.01 565.87 26.2343 539.636 14.1803 20.4821 525.455 30.8229 5312.14 45.0799 494.632 489.088 36.9616 5267.06 54.0959 5212.96 37.8747 34.1231 26.5646 7559.93 3883.99 32.8067 5175.09 3320.06 1499.77 238.953 29.5623 25.5395
internal_count=143531 95153 42763 4053 158 3895 84 133 3811 209 38710 312 3602 3566 262 38398 384 38014 268 242 187 52390 28044 227 37746 24176 10898 1723 210 184
is_linear=0
shrinkage=0.1


Tree=33
num_leaves=31
num_cat=0
split_feature=31 31 6 32 4 14 4 35 35 20 34 5 5 34 20 0 5 8 19 34 35 8 0 21 0 5 23 3 25 27
split_gain=10934.5 302.22 172.884 83.1846 36.3475 25.8506 23.1278 13.3806 11.6005 11.0802 10.7609 10.4623 44.0527 9.87704 8.81326 8.42691 7.59459 7.9496 7.50299 6.945 7.21828 6.65045 7.62191 6.90443 6.5824 6.39536 6.37858 6.27846 6.42774 7.41467
threshold=5.6000049957114308 5.4500000000000011 0.02581851184694817 117.00002951273957 78.300047693209223 0.99998693382312853 83.300045616672904 234.01078119082493 158.00019898385133 52.836653738322788 156.00084625712034 7.9713708910364298 1.0000867206522146 189.00023522664949 41.591740557421112 38.000665265505837 0.28665966950380045 7.9747254713304363 202.26864343254479 213.00035868084987 361.32895879916725 7.9747254713304363 31.001136097670699 8.9991807487128703 34.000745462805661 0.31542938332960169 7.999647219797331 57.865259381446414 0.57608688937035901 6.0547582633240049
decision_type=2 2 2 2 2 2 2 2 2 2 2 2 2 2 2 2 2 2 2 2 2 2 2 2 2 2 2 2 2 2
left_child=1 -1 -3 4 13 6 8 10 21 11 -6 12 14 -4 -8 -12 -17 26 -13 20 -10 22 -5 -24 -20 -16 -18 -26 29 -29
right_child=-2 2 3 5 7 -7 9 -9 19 -11 15 18 -14 -15 25 16 17 -19 24 -21 -22 -23 23 -25 27 -27 -28 28 -30 -31
leaf_value=0.080941168733782598 -0.073128618774969373 0.078781737025300336 0.067025939043240945 0.070642687835721849 0.063532847620056052 0.082030821389652661 0.074011621837677052 0.015598303805627246 0.040438970453532376 0.076348747931777719 0.054730240076552854 0.054007149338252125 -0.079237380362238638 0.05011421651574003 0.060704745053827683 0.081321201487300696 0.029099465297004953 0.071872303475213881 0.048222878648322587 0.0029635483337166128 -0.0285355939064676 0.072470575631036357 0.036342330131411651 0.08021408395717608 0.052046494542913303 0.011792432745571112 0.091767321201270735 0.045037045733551939 -0.0020818165584300758 0.015522231902766798
leaf_weight=5162.6077434271574 11000.47364294529 1639.232472717762 1348.0560095235705 79.307657316327095 257.35190063714981 92.690705329179764 25.803263425827026 173.08300292491913 157.24222537130117 34.168200954794884 312.97977738082409 85.792070403695107 51.910195112228394 464.28300958871841 28.141164004802704 34.390978515148163 693.53661496192217 49.866296216845512 90.32606403529644 126.08601038902998 16.792817287147045 72.177649095654488 825.53870763629675 37.501743674278259 54.586639538407326 533.76913999021053 16.631294414401054 109.5798010379076 141.46869251132011 381.25985813140869
leaf_count=23514 91434 7291 5183 289 877 382 108 539 485 143 1060 248 321 1726 92 140 2175 188 284 397 52 275 2651 120 157 1549 50 314 402 1085
internal_value=0.000371275 0.0621095 0.0498551 0.0423218 0.0530986 0.0300586 0.0283692 0.0417911 0.0381065 0.0200395 0.045113 0.0187591 0.00906666 0.0626935 0.0168662 0.0408323 0.035357 0.0332771 0.0259427 0.0208355 0.0337835 0.0432157 0.040975 0.0382487 0.0228448 0.014242 0.0305671 0.0195076 0.0166986 0.0221114
internal_weight=24096.6 13096.2 7933.55 6294.32 3350.18 2944.14 2851.45 1537.84 1314.65 1536.81 1364.76 1502.64 639.624 1812.34 587.714 1107.4 794.425 760.034 863.013 300.121 174.035 1014.53 942.348 863.04 777.221 561.91 710.168 686.895 632.308 490.84
internal_count=143531 52097 28583 21292 11938 9354 8972 5029 4269 4703 4490 4560 2070 6909 1749 3613 2553 2413 2490 934 537 3335 3060 2771 2242 1641 2225 1958 1801 1399
is_linear=0
shrinkage=0.1


Tree=34
num_leaves=31
num_cat=0
split_feature=31 31 31 6 25 32 14 13 31 31 1 20 0 34 0 8 0 8 4 5 8 5 8 32 11 11 11 32 24 0
split_gain=4175.19 6144.64 577.422 285.605 114.849 46.4415 39.2592 26.8761 23.1892 100.45 47.8259 31.0529 17.583 15.7987 17.1863 15.7594 28.3574 21.617 11.6964 10.9811 10.7995 9.96795 9.73719 9.66609 8.99197 11.1179 18.4011 8.66313 8.13199 8.12825
threshold=6.4051489207289158 5.6000049957114308 5.4500000000000011 0.307916612642544 0.45218379002003767 111.00098374216505 0.99998693382312853 7.9988468735526297 5.5000361346034827 5.5999934808113094 1.9999498421511459 52.544174514798641 28.002972263727042 167.00075303394709 37.001035304682524 7.9747254713304363 32.00364764427696 3.2218153508040688 83.300045616672904 0.50547925868023047 7.9747254713304363 7.9713708910364298 3.0004720400429199 96.999869429560349 7.9999025157879391 2.0000405439524505 2.9916750384456821 129.22467166936204 29.267063220377853 43.511505941346705
decision_type=2 2 2 2 2 2 2 2 2 2 2 2 2 2 2 2 2 2 2 2 2 2 2 2 2 2 2 2 2 2
left_child=1 2 -1 21 15 13 7 8 11 -10 12 18 -11 -6 -15 16 -5 23 -7 -16 22 -4 -21 -18 25 28 -27 -28 -14 -29
right_child=-2 -3 3 4 5 6 -8 -9 9 10 -12 -13 24 14 19 -17 17 -19 -20 20 -22 -23 -24 -25 -26 26 27 29 -30 -31
leaf_value=-0.073115571669132753 -0.073115512613122463 0.080130542494115331 -0.070240845169945831 -0.058480589063105097 -0.035986025576826071 -0.0079676303348693144 -0.072049556917511415 -0.073932020423955566 0.084644010373107578 -0.045112588685064001 -0.075718000127167048 -0.074419620267693651 0.00056508822952473033 -0.036276028090832267 -0.070853631992286142 -0.058571066454593049 -0.058508045013752868 0.17127600348452043 0.012389852585929173 0.0032602137529804467 -0.048357903694110964 0.037003263639410575 0.13525342581453606 -0.012975695772453364 -0.0052892018500108927 0.1277374307696216 0.01245848736370367 0.0060631305545567372 0.078055564120355705 0.04584419579742896
leaf_weight=2858.4076792523265 5757.6777899265289 9503.2460035383701 913.76240044087172 241.15165001153946 339.86570610105991 560.41898208856583 62.813127465546131 39.529242038726807 193.5309304445982 51.899979442358017 65.724358960986137 55.367926374077797 328.74656322598457 191.26869365572929 22.191075056791306 293.30114467442036 53.045028671622276 6.086428999900817 568.5584782063961 527.38391834497452 41.406303480267525 8.7497926354408246 5.6488158106803885 385.17675226926804 194.17949351668358 17.327627927064896 337.50732126832008 67.708530277013779 14.124391883611677 212.75036028027534
leaf_count=23514 48378 43056 7245 1542 1660 2168 437 233 806 252 428 341 1062 943 149 1907 320 20 1903 2137 239 47 20 2034 666 49 1109 209 45 612
internal_value=0.00108649 0.0246113 -0.0363306 -0.0181995 -0.00854747 -0.000857599 0.00610689 0.00792018 0.00913298 0.0174632 0.00738425 -0.00130141 0.0118457 -0.0179648 -0.0101913 -0.0391727 -0.0308723 -0.0158877 0.0022845 -0.001829 0.000837485 -0.0692237 0.00465901 -0.0184872 0.0143672 0.0182693 0.0261015 0.0232516 0.00375727 0.0362402
internal_weight=23918.6 18160.9 8657.63 5799.23 4876.71 3897.95 2770.19 2707.37 2667.84 1483.5 1289.97 1184.35 1224.24 1127.76 787.899 978.761 685.46 444.308 1128.98 596.63 574.439 922.512 533.033 438.222 1172.34 978.165 635.294 617.966 342.871 280.459
internal_count=143531 95153 52097 28583 21291 15468 10320 9883 9650 5238 4432 4412 4004 5148 3488 5823 3916 2374 4071 2545 2396 7292 2157 2354 3752 3086 1979 1930 1107 821
is_linear=0
shrinkage=0.1


Tree=35
num_leaves=31
num_cat=0
split_feature=31 31 18 20 12 36 15 6 35 18 34 19 2 34 6 33 20 31 0 4 4 4 36 35 23 23 34 25 4 34
split_gain=13177.4 1.2553 1.13378 4.80159 10.4157 3.40611 6.5904 1.28435 0.879708 4.25417 0.830489 13.9634 0.661519 0.386158 2.81317 0.36267 4.27016 0.353395 2.1058 2.51927 0.324101 0.271152 0.221895 0.312083 0.79463 3.60619 7.26165 1.33146 4.98658 1.31162
threshold=6.4051489207289158 5.6118259625383446 1010.9852736542058 53.753626439925135 3.9276554430766191 31.000434981961579 1.2049317373738426 1.1608587868022424 269.5820066745211 979.63991597029997 291.04424081531926 511.61584296145008 139.41817403117145 133.0020140027743 5.3143298827660539 100.01982341896981 24.558261678158676 5.6241022653462256 67.928528889289808 85.50007016999389 97.200405649206701 89.400212263160952 52.738374698234956 92.000345492101786 0.35397570171698073 0.52033311604367849 152.00089695574863 0.55909682580433551 86.903384434248025 205.0004648291318
decision_type=2 2 2 2 2 2 2 2 2 2 2 2 2 2 2 2 2 2 2 2 2 2 2 2 2 2 2 2 2 2
left_child=1 -1 3 5 7 6 21 -5 12 20 15 -12 -7 14 -14 17 -17 18 -4 -20 -10 -3 23 24 -19 26 -26 -27 -29 -30
right_child=-2 2 10 4 -6 8 -8 -9 9 -11 11 -13 13 -15 -16 16 -18 22 19 -21 -22 -23 -24 -25 25 27 -28 28 29 -31
leaf_value=-0.073518058723201427 0.080944843109498718 -0.076345546562186867 -0.073366115331560386 -0.073744614289638119 0.085163768001541046 -0.035862475382975482 0.087782381844778212 0.0030811506642094513 -0.073480937918852809 0.041468640631210883 -0.073603794490958316 0.1582462944539765 -0.073337438809014416 -0.072924054312194952 0.011000284306200286 0.025761550047520045 -0.073309371940742218 -0.071431824259811191 -0.074294155941874898 0.056496013586086496 -0.03620199558734797 -0.037926101183617431 -0.07315703305389358 -0.072231069900684591 0.12806115574473706 -0.073215562240603965 -0.074032513637451391 0.061378358971078475 -0.073488783127261162 0.0033786404121285384
leaf_weight=6821.0725949630141 10401.087067365646 6.6618956178426725 28.227039687335491 15.410957895219331 6.4622862786054602 5.1049228757619849 4.0166165083646765 2.5338405594229689 21.310610860586173 4.0460695773363105 37.914486289024353 2.7886821925640097 28.71114406734705 403.55764386057854 4.5869207978248587 4.8299693018198004 43.837570108473301 491.00319195538759 2.8900286480784407 3.0030880346894264 2.6187149807810775 2.5364194959402084 1655.418785110116 2361.3783401846886 2.9203951507806769 80.593579605221748 4.5451981574296951 3.6385996639728573 19.809187725186352 2.5000110268592826
leaf_count=52390 48378 45 226 119 21 36 22 18 169 20 302 10 231 3304 31 30 354 3989 21 21 20 17 13570 19275 21 656 34 27 156 18
internal_value=-0.00155434 -0.0726233 -0.0714613 -0.0669692 -0.0236946 -0.0691553 -0.0190856 -0.0628967 -0.0705633 -0.0533662 -0.0719418 -0.0577191 -0.0716518 -0.07207 -0.0617196 -0.0720649 -0.0634772 -0.0721546 -0.0620149 -0.00764447 -0.0694013 -0.0657515 -0.0722295 -0.0717119 -0.0696855 -0.0621645 0.00502261 -0.0668724 -0.0471707 -0.0648749
internal_weight=22475 12073.9 5252.86 507.558 24.4071 483.151 13.2149 17.9448 469.936 27.9754 4745.3 40.7032 441.961 436.856 33.2981 4704.59 48.6675 4655.93 34.1202 5.89312 23.9293 9.19832 4621.81 2966.39 605.01 114.007 7.46559 106.541 25.9478 22.3092
internal_count=143531 95153 42763 4053 158 3895 84 137 3811 209 38710 312 3602 3566 262 38398 384 38014 268 42 189 62 37746 24176 4901 912 55 857 201 174
is_linear=0
shrinkage=0.1


Tree=36
num_leaves=31
num_cat=0
split_feature=31 31 5 25 33 14 35 0 8 6 31 31 1 20 0 5 5 32 1 3 29 34 36 2 12 27 0 2 3 8
split_gain=9320.82 307.467 169.292 73.9369 33.1124 30.0956 23.9691 17.8396 14.0951 14.4286 11.7848 57.2906 19.2931 9.73342 9.65169 9.62215 37.8177 9.80184 9.17451 8.51477 8.79545 7.53587 8.30971 6.74513 6.60773 6.85448 6.56312 6.47189 6.09877 5.93132
threshold=5.6000049957114308 5.4500000000000011 0.28665966950380045 0.45218379002003767 67.000016269321733 0.99998693382312853 138.00065368177508 43.001105095801776 7.9747254713304363 0.307916612642544 5.5000361346034827 5.5999934808113094 1.9999498421511459 36.786950669863721 53.652839099121152 7.9713708910364298 1.0000867206522146 137.00010415666037 1.9999498421511459 76.317679594032725 1.0000000180025095e-35 140.00165605346018 37.340031215501931 152.70011315467039 7.9997629355875626 8.0724974674145855 52.469356491661955 162.0003710987867 49.000532431210139 7.9747254713304363
decision_type=2 2 2 2 2 2 2 2 2 2 2 2 2 2 2 2 2 2 2 2 2 2 2 2 2 2 2 2 2 2
left_child=1 -1 -3 14 26 6 7 -6 9 -9 18 -12 21 -8 29 16 17 -15 -11 20 -20 -13 -23 28 25 -17 -5 -24 -19 -4
right_child=-2 2 3 4 5 -7 13 8 -10 10 11 12 -14 15 -16 24 -18 23 19 -21 -22 22 27 -25 -26 -27 -28 -29 -30 -31
leaf_value=0.078900662819202522 -0.072285643792422125 0.077095119991129543 0.056947462484208705 0.060498950963228729 0.048663627828045307 0.079439929429344858 0.077236547471076819 0.071744801535578329 0.069064926199163323 0.084207212048638486 -0.076239277954863349 0.055696739581894618 0.083313196585442062 0.027147908839882707 0.036787802375140642 0.031866297454307205 -0.079768300494463151 0.047898191783893457 0.029749433353989704 -0.037422874872042676 0.080265436009675811 0.049357401594137602 0.033550779437542581 0.0099057089905178614 0.090478682099453159 0.015315316801486132 0.04065892159157132 0.0037847062125802252 -0.044796209468529941 0.07138316975181018
leaf_weight=4656.434732362628 9789.7936712577939 1438.6685094237328 807.14099700003862 435.14782433211803 636.27582619339228 116.65285064280033 27.664514243602753 68.40105251967907 83.205155998468399 33.117803275585175 62.606366902589798 50.33239834010601 50.720094576478004 264.77694397419691 172.3018656373024 413.69390214979649 46.673809960484505 8.3013067543506605 754.52846608310938 18.040697246789932 36.116520553827286 61.88689050078392 93.042306289076805 128.47651929408312 14.222291901707647 633.23514278978109 270.30769723653793 339.85117553174496 48.966619849205017 439.66905689239502
leaf_count=23514 91434 6981 3320 1636 2180 539 129 321 330 135 452 146 213 823 586 1258 292 24 2306 50 111 175 266 392 56 1874 952 971 161 1904
internal_value=0.000407345 0.0586893 0.0462306 0.0389696 0.0329252 0.0293948 0.0278879 0.0344366 0.0289565 0.026829 0.0247811 0.0147597 0.0243213 0.0184402 0.0589722 0.0173965 0.00591679 0.0147937 0.0326196 0.030507 0.032057 0.0188324 0.0150824 -0.00281704 0.0227752 0.0218554 0.0528969 0.0101824 -0.0313596 0.062038
internal_weight=22000.3 12210.5 7554.02 6115.36 4696.24 3990.79 3874.14 2288.12 1651.85 1568.64 1500.24 658.439 595.833 1586.01 1419.11 1558.35 497.195 450.521 841.803 808.686 790.645 545.113 494.78 185.744 1061.15 1046.93 705.456 432.893 57.2679 1246.81
internal_count=143531 52097 28583 21602 15792 13204 12665 7656 5476 5146 4825 2223 1771 5009 5810 4880 1692 1400 2602 2467 2417 1558 1412 577 3188 3132 2588 1237 185 5224
is_linear=0
shrinkage=0.1


Tree=37
num_leaves=31
num_cat=0
split_feature=31 31 31 5 8 0 6 31 31 1 1 32 24 25 35 25 5 34 10 10 19 11 32 32 19 35 19 10 10 32
split_gain=3619.93 5187.36 555.244 264.7 103.318 91.4304 48.6386 46.395 163.826 62.0613 31.6444 25.327 15.0633 13.73 13.7232 11.4401 12.2573 10.873 9.97082 37.2731 8.01864 8.85947 8.01426 7.95266 9.84506 7.9389 7.89521 8.55382 7.85532 7.82482
threshold=6.4051489207289158 5.6000049957114308 5.4500000000000011 0.28665966950380045 7.9747254713304363 31.001136097670699 0.307916612642544 5.5000361346034827 5.5999934808113094 1.9999498421511459 1.9999498421511459 98.001889275943952 24.502141486017027 0.52217415857007266 77.000956201275287 0.45340977271811228 7.9713708910364298 158.7469083164369 4.0000495923495549 4.9999488137370776 362.86870011437958 2.9916750384456821 112.99923165619401 150.8128895767853 497.40499230133247 312.92156552874371 412.71747876419619 3.9999090474827423 3.9999090474827423 108.93391545908379
decision_type=2 2 2 2 2 2 2 2 2 2 2 2 2 2 2 2 2 2 2 2 2 2 2 2 2 2 2 2 2 2
left_child=1 2 -1 -4 5 13 -7 10 15 14 -8 -12 17 -5 22 16 -9 -13 23 -20 25 -22 -10 24 -16 -19 27 -14 -26 -30
right_child=-2 -3 3 4 -6 6 7 8 9 -11 11 12 26 -15 18 -17 -18 20 19 -21 21 -23 -24 -25 28 -27 -28 -29 29 -31
leaf_value=-0.072272382675086719 -0.07227216700758099 0.077990056145535946 -0.06861136886055702 -0.05232391992689725 -0.054069032075561921 -0.05666047581555457 -0.075642127914318721 0.09768805616786852 -0.039861063117872644 -0.075287568899988014 -0.043791150092399374 -0.034328022447554576 0.024318624222817362 -0.0073341611932332381 -0.0029845239872506421 0.084057932715714406 0.24174568990689971 -0.001291062698619355 0.12608970749765674 0.016318506346324018 -0.052504382376667158 7.9321228200544651e-05 -0.00068224013435291267 0.048143347641548762 0.074392748960522934 0.071254631415636857 -0.022371931297327285 0.0016789690888255136 0.097562230290380691 -0.026732544000547739
leaf_weight=2542.987750865519 5122.2017102837563 8586.1905378103256 812.16813816130161 379.14554876834154 421.82497998327017 132.80240170657635 63.91457924246788 14.600088343024254 74.705568954348564 92.264425508677959 146.60900914669037 144.60247893631458 347.52511863410473 82.613934487104416 537.99844734370708 226.56272891163826 9.9190972000360489 579.64812041819096 32.469427689909935 653.59655180573463 65.980194911360741 62.289843767881393 173.39361044019461 38.574402749538422 31.280635803937912 15.487757265567778 67.776314780116081 321.06680089235306 6.5789636671543148 22.007667981088161
leaf_count=23514 48378 43056 6981 2375 2849 1093 422 51 374 631 830 721 1217 386 1888 989 34 2537 94 2147 307 275 636 115 110 57 251 1108 27 78
internal_value=0.00126214 0.0238346 -0.0335686 -0.0158584 -0.00682947 -0.00222042 0.00280825 0.00492622 0.0157882 0.00441965 -0.00652858 -0.00400579 -0.000370179 -0.0442747 0.00910201 0.09108 0.155966 -0.00929486 0.0131506 0.0215136 -0.00429095 -0.026969 -0.0124794 0.00413554 0.00129614 0.000596859 0.01015 0.0134468 0.0397645 0.00187281
internal_weight=21808.8 16686.6 8100.39 5557.41 4745.24 4323.41 3861.65 3728.85 1913.95 1662.87 1814.9 1750.99 1604.38 461.759 1570.61 251.082 24.5192 868.008 1322.51 686.066 723.406 128.27 248.099 636.44 597.866 595.136 736.368 668.592 59.8673 28.5866
internal_count=143531 95153 52097 28583 21602 18753 15992 14899 7174 6100 7725 7303 6473 2761 5469 1074 85 3897 4459 2241 3176 582 1010 2218 2103 2594 2576 2325 215 105
is_linear=0
shrinkage=0.1


Tree=38
num_leaves=31
num_cat=0
split_feature=31 31 18 20 35 36 10 34 19 5 20 8 0 6 6 24 24 34 31 20 27 33 18 3 31 31 5 33 9 0
split_gain=11404.8 1.38263 0.937063 9.11305 6.50588 3.91302 4.65861 1.10166 7.86782 0.621714 3.33776 3.16142 0.863279 1.30246 3.93902 4.46975 4.77026 1.27942 1.25488 0.736948 0.934469 0.453146 1.58242 3.55203 0.406826 0.3977 2.54869 1.97377 0.547235 3.23976
threshold=6.4051489207289158 5.9072426333762333 979.63991597029997 53.753626439925135 103.00139577212856 31.000434981961579 1.9919886098198929 291.04424081531926 430.69710409926108 1.4248529255552376 35.474083307523465 2.9999916318710329 64.605417964453196 6.7188516029697114 4.2236066430492576 24.158048365373524 25.64946489937164 209.00009821770789 6.2588656271220184 41.322128782962373 16.19386560784973 48.279058621723912 1476.9961116394234 56.300221207977408 5.6118259625383446 5.6717916998647677 0.25223770348459024 62.384099598516933 1.0465505539819961 56.80183224774423
decision_type=2 2 2 2 2 2 2 2 2 2 2 2 2 2 2 2 2 2 2 2 2 2 2 2 2 2 2 2 2 2
left_child=1 21 3 5 -5 6 -3 9 -9 -4 11 -11 19 14 18 17 -17 -16 -14 20 -12 22 23 -1 -23 26 -26 -28 29 -29
right_child=-2 2 7 4 -6 -7 -8 8 -10 10 12 -13 13 -15 15 16 -18 -19 -20 -21 -22 24 -24 -25 25 -27 27 28 -30 -31
leaf_value=-0.072749029367199944 0.078906125748056721 0.09374211799282503 -0.071148719157063139 0.12084870323100423 -0.074782662519811055 -0.069998290933342686 -0.073038716422968955 -0.072420760102481815 0.12942593818987799 0.071613988637532516 -0.072590137430562238 -0.072471203921238181 -0.072368648442164771 -0.072425172870643137 -0.072480277445705996 0.14916680266600374 -0.035160575346000582 0.015691290670306675 -0.0025886745256961134 -0.071889938568855047 0.014427524064252512 -0.072705445059053186 -0.072558068732160086 0.071762745675504933 0.02614049954559107 -0.071550176764730009 0.0016752280943878328 -0.072465033165634893 -0.071744320592081218 0.059894750374283573
leaf_weight=4.6111229583621052 9382.6433631777763 3.2552837356925002 1308.6757294386625 4.5331756547093383 2.7198602557182312 164.72861493378878 3.4495663121342659 13.550372660160063 2.2520831897854796 3.3814775645732871 2.7101689130067816 2.7704215794801712 31.411068074405193 41.337146319448948 6.3408421799540502 3.0727403312921515 2.5852092504501343 2.2225794121623039 2.8075086846947661 216.15004097670317 2.2658928707242012 6124.4695793762803 24.152715645730495 2.6949161663651466 2.9191797971725455 2696.5412747710943 3.9481143951416007 11.203846864402292 142.13677272200584 2.2148485183715811
leaf_count=40 48378 13 11985 19 21 1502 29 123 9 26 24 25 287 375 57 21 22 19 24 1981 20 52159 215 21 23 24671 33 101 1290 18
internal_value=-0.00180472 -0.0716961 -0.0691822 -0.0623051 0.0474877 -0.0669503 0.00793534 -0.0699308 -0.0436546 -0.0701862 -0.0662132 0.00672724 -0.0676564 -0.0593865 -0.0482598 -0.00402616 0.0649446 -0.0495959 -0.0666435 -0.071014 -0.0329659 -0.0722037 -0.0602228 -0.0194442 -0.0722457 -0.0712607 -0.066455 -0.0681497 -0.0699219 -0.0506181
internal_weight=20217.8 10835.1 1820.22 178.687 7.25304 171.433 6.70485 1641.53 15.8025 1625.73 317.055 6.1519 310.903 89.7771 48.4399 14.2214 5.65795 8.56342 34.2186 221.126 4.97606 9014.89 31.4588 7.30604 8983.43 2858.96 162.423 159.504 155.555 13.4187
internal_count=143531 95153 16582 1584 40 1544 42 14998 132 14866 2881 51 2830 805 430 119 43 76 311 2025 44 78571 276 61 78295 26136 1465 1442 1409 119
is_linear=0
shrinkage=0.1


Tree=39
num_leaves=31
num_cat=0
split_feature=31 31 6 25 33 14 14 35 34 32 30 5 5 32 0 0 4 21 25 5 36 34 0 7 7 35 0 0 0 36
split_gain=7954.13 310.784 164.208 69.1603 31.7029 26.6406 19.6689 20.1623 14.0932 11.242 11.2056 9.1863 42.3113 10.4582 8.93067 13.0355 7.37754 7.0876 7.08684 6.8883 6.78895 6.77362 6.67506 6.18124 16.7193 6.56014 6.15187 6.10309 5.72018 5.65991
threshold=5.6000049957114308 5.4500000000000011 0.02581851184694817 0.44837051811051692 67.000016269321733 0.99998693382312853 1.0000000180025095e-35 118.00239311196896 147.00047569679046 121.00016181637459 1.3333325603523505 7.9713708910364298 1.0000867206522146 137.00010415666037 52.000234348958038 52.931712297612037 87.100400776081059 0.99788035491840443 0.51614679996533286 7.9713708910364298 41.080182636662606 238.00050580986172 28.002972263727042 2.0000072118457903 2.9999957838943483 110.00460653423687 66.9997811292628 53.000133890063488 43.999213850051675 29.90832942958933
decision_type=2 2 2 2 2 2 2 2 2 2 2 2 2 2 2 2 2 2 2 2 2 2 2 2 2 2 2 2 2 2
left_child=1 -1 19 9 18 6 7 8 -6 -4 11 12 13 -9 23 -16 20 22 -5 -3 26 27 -13 -10 -25 28 -17 -18 -26 -20
right_child=-2 2 3 4 5 -7 -8 10 14 -11 -12 17 -14 -15 15 16 21 -19 29 -21 -22 -23 -24 24 25 -27 -28 -29 -30 -31
leaf_value=0.077182206207729365 -0.071556997410786402 0.075082660074216462 0.06072349957461385 0.057541822249490428 0.056407483655733573 0.077795607073692208 -0.076093912755204746 0.026928035967052007 0.041233422788750258 0.034130297112293116 0.074179568870793522 0.05240308987690178 -0.078907612624173895 -0.0012970791375470233 -0.120428012904447 0.090297064067120666 0.085029999504563414 0.05430338091277917 -0.041320537031783344 -0.0021632307918061085 0.026066834661923634 -0.038115162664053348 0.018976320102498667 -0.10339091261553963 0.064561217558017178 -0.026552371137316035 0.027834032972881569 0.011472087621510849 0.019655853069606891 0.039380128137717817
leaf_weight=4182.5589145421982 8694.6670496016741 1332.0624429136515 1045.2982950210571 435.11497081071138 230.28867884725332 98.82448111474514 19.071030959486961 326.34248697757721 677.20857804268599 187.47543600201607 35.747208394110203 62.844189792871475 51.904216527938843 219.62132409214973 6.3550812229514113 33.720283225178719 11.878542572259901 65.725121140480042 9.0106744766235334 11.645046249032019 438.84350050240755 26.532272852957249 1209.4990756958723 10.418070033192633 45.420932024717331 19.09591618180275 29.615452244877815 223.67158075422049 75.551805503666401 244.74945553392172
leaf_count=23514 91434 7244 4745 1731 825 489 155 1001 2441 686 159 232 348 673 26 107 34 210 27 47 1477 86 3683 45 140 55 94 706 227 890
internal_value=0.000437933 0.0555115 0.042894 0.0356416 0.0300122 0.026534 0.0252076 0.0257159 0.0332794 0.0566793 0.0187013 0.0176769 0.00737162 0.0155741 0.0299471 0.0222002 0.0233862 0.0222815 0.049796 0.0744132 0.030484 0.00978597 0.0206274 0.0371597 0.0188275 0.0279179 0.0610897 0.0151815 0.0365162 0.0365146
internal_weight=20060.8 11366.1 7183.54 5839.83 4607.05 3918.18 3819.36 3800.28 1828.6 1232.77 1971.68 1935.94 597.868 545.964 1598.31 770.617 764.262 1338.07 688.875 1343.71 502.179 262.082 1272.34 827.695 150.487 140.069 63.3357 235.55 120.973 253.76
internal_count=143531 52097 28583 21292 15861 13213 12724 12569 6263 5431 6306 6147 2022 1674 5438 2530 2504 4125 2648 7291 1678 826 3915 2908 467 422 201 740 367 917
is_linear=0
shrinkage=0.1


Tree=40
num_leaves=31
num_cat=0
split_feature=31 31 31 5 8 0 6 31 31 20 1 32 34 20 35 35 0 19 5 5 27 25 5 32 3 6 3 4 3 5
split_gain=3141.71 4388.41 530.371 241.446 89.7967 79.4668 42.2294 37.9141 147.197 56.4894 29.5461 23.8008 14.7874 12.3217 12.0761 11.6666 10.8476 10.4829 10.3188 16.4893 9.95848 9.74073 9.32508 9.22121 8.79872 8.66033 8.47449 7.79931 7.88873 7.46174
threshold=6.4051489207289158 5.6000049957114308 5.4500000000000011 0.28665966950380045 7.9747254713304363 30.0021227740543 0.307916612642544 5.5000361346034827 5.5999934808113094 51.477500242735154 1.9999498421511459 104.00057056896036 157.00122414167768 52.836653738322788 52.001150163096433 79.000377979260449 24.025468460405094 412.71747876419619 7.9713708910364298 1.0000867206522146 14.999246317151824 0.45340977271811228 7.9713708910364298 112.99923165619401 57.525601713312611 7.9999628160976615 69.784386510061083 71.203169883637528 57.760233861446984 7.9713708910364298
decision_type=2 2 2 2 2 2 2 2 2 2 2 2 2 2 2 2 2 2 2 2 2 2 2 2 2 2 2 2 2 2
left_child=1 2 -1 25 5 16 29 10 21 -10 -8 27 -13 15 -14 23 -5 24 19 -17 -19 22 -9 -11 -16 -4 -18 28 -12 -7
right_child=-2 -3 3 4 -6 6 7 8 9 13 11 12 14 -15 17 18 26 20 -20 -21 -22 -23 -24 -25 -26 -27 -28 -29 -30 -31
leaf_value=-0.071543505632268203 -0.07154321264590395 0.076153613198952391 -0.069019876599709915 -0.065599361237476714 -0.051317522649384821 -0.060972938327454596 -0.074677229364522743 0.095446898219477203 -0.073518825303413568 -0.038135560356232306 -0.058451679147019611 -0.024517292973759333 -0.030584395706919249 -0.074191765057253903 0.0023417020312492833 0.021673704183785357 -0.045420924794031287 -0.041725933627405759 0.0086153925742585777 0.09649007712797511 0.029071050023525832 0.082193223041846147 0.21884102295101693 0.0028632200659295913 0.020596569841435618 0.00088346791075200038 -0.0058081927268252287 -0.017648414980969262 0.09250522324476293 0.040670845052831257
leaf_weight=2257.6478132382035 4547.3660399615765 7727.4764770269394 708.51203772425652 148.65817072242498 387.36439283937216 114.30516216158867 59.109524838626385 14.325016304850578 87.584562174975872 77.927867203950882 85.19218185544014 173.31000754237175 81.340313673019409 17.61107762157917 490.49321903288364 297.15892890095711 148.79611679911613 71.012124449014664 969.7653054445982 32.699977800250053 27.586967475712299 209.72079126536846 10.698235034942627 185.31410898268223 571.88337487727404 18.17777045071125 84.7762121707201 240.97713330388069 3.6084196865558615 7.7094720751047126
leaf_count=23514 48378 43056 6907 1011 2849 1049 428 52 639 409 582 780 374 137 2017 880 1002 297 3376 106 107 993 35 676 2030 74 450 1253 25 45
internal_value=0.00144152 0.0231184 -0.0309255 -0.0137066 -0.00524269 -0.00100489 0.00333493 0.00524005 0.0150882 0.00465434 -0.00514449 -0.00278971 0.00284646 0.00898643 0.00666386 0.00992372 -0.0444829 0.00927354 0.0138122 0.0290905 -0.0219177 0.0892296 0.148202 -0.0092737 0.0121684 -0.0672713 -0.0310433 -0.0269839 -0.0523175 -0.0545506
internal_weight=19858.1 15310.7 7583.27 5325.62 4598.93 4211.56 3829.33 3707.32 1902.81 1668.06 1804.51 1745.4 1415.63 1580.48 1242.32 1562.87 382.23 1160.98 1299.62 329.859 98.5991 234.744 25.0233 263.242 1062.38 726.69 233.572 329.778 88.8006 122.015
internal_count=143531 95153 52097 28583 21602 18753 16290 15196 7303 6223 7893 7465 5605 5584 4825 5447 2463 4451 4362 986 404 1080 87 1085 4047 6981 1452 1860 607 1094
is_linear=0
shrinkage=0.1


Tree=41
num_leaves=31
num_cat=0
split_feature=31 31 18 20 15 36 10 34 18 5 20 35 0 6 6 19 33 31 20 1 33 18 27 31 31 5 33 9 11 32
split_gain=9890.08 1.50455 1.02109 7.45408 6.46021 3.99382 4.21649 1.17706 8.04026 0.708933 3.49661 2.90918 0.963373 1.44174 4.17858 4.32663 8.49481 1.79503 0.811734 1.00268 0.493435 1.64822 4.58519 0.433859 0.44262 2.58784 2.05372 0.595976 3.2611 0.442386
threshold=6.4051489207289158 5.9072426333762333 1000.8635582462206 53.753626439925135 1.9880253094637366 31.000434981961579 1.9919886098198929 291.04424081531926 2926.9750855410307 1.4248529255552376 35.474083307523465 188.06122476689606 64.605417964453196 6.7188516029697114 4.2236066430492576 318.10448295506961 71.475306462709526 6.2860469644010042 41.322128782962373 1.7489601384375832 48.279058621723912 1476.9961116394234 11.99989858974922 5.6118259625383446 5.6717916998647677 0.25223770348459024 62.384099598516933 1.0465505539819961 2.5779665166487447 157.00132187352355
decision_type=2 2 2 2 2 2 2 2 2 2 2 2 2 2 2 2 2 2 2 2 2 2 2 2 2 2 2 2 2 2
left_child=1 20 3 5 -5 6 -3 9 -9 -4 11 -11 18 14 17 16 -16 -14 19 -12 21 22 -1 -22 25 -25 -27 28 -28 -29
right_child=-2 2 7 4 -6 -7 -8 8 -10 10 12 -13 13 -15 15 -17 -18 -19 -20 -21 23 -23 -24 24 -26 26 27 29 -30 -31
leaf_value=0.1021915629649973 0.077188791173773308 0.090574435154251412 -0.07033622568214272 -0.074747873082141522 0.1048602875587301 -0.068593148470393717 -0.072212326010834618 -0.071751745656646979 0.13843910004473825 -0.044450493266758345 -0.072061514374453781 0.10122708727799634 -0.071650223443323183 -0.071680956568650284 -0.072390498857521843 -0.072043985936699542 0.13446288597004372 0.026592925969775028 -0.071096520795614501 0.022802683246753417 -0.071965256165559099 -0.071835317022823933 -0.072358092541472727 0.029679950927557389 -0.070711049839315462 0.0061792964608083749 0.063637471707708726 -0.071695470323308239 -0.071812351679079886 -0.026049263042660954
leaf_weight=2.2309453710913685 8429.0644741952419 3.3024589270353308 1152.5024638399482 3.3798524215817434 4.9144983515143394 158.81337776780128 3.0705968737602234 12.2285258769989 2.138070583343505 3.5154700577259055 2.4007302299141875 2.2470676451921463 28.091642215847973 36.548086650669575 3.432252921164034 4.8510290905833235 4.7093003392219543 1.9916639700531948 191.7928551658988 2.0790911614894867 5515.6039803698659 21.596190229058266 4.6245457381010056 2.8291180804371825 2398.2176531031728 3.7436489909887305 2.161678433418273 124.25197284668684 10.001178883016108 2.1601165905594817
leaf_count=18 48378 13 11870 29 22 1622 29 124 8 32 23 18 288 373 32 47 36 18 1978 20 52159 215 43 23 24671 33 19 1268 100 22
internal_value=-0.00206253 -0.0708631 -0.0680835 -0.0608334 0.031672 -0.0654783 0.0121423 -0.0689518 -0.0404707 -0.0692371 -0.0647397 0.0123556 -0.06635 -0.0570724 -0.0446777 0.0027151 0.0472592 -0.065146 -0.0701137 -0.0280349 -0.0714206 -0.0582745 -0.0155553 -0.071467 -0.0703865 -0.0650242 -0.0669068 -0.0688813 -0.0477391 -0.0709155
internal_weight=18138.5 9709.43 1622.01 173.481 8.29435 165.186 6.37306 1448.53 14.3666 1434.16 281.659 5.76254 275.897 79.624 43.0759 12.9926 8.14155 30.0833 196.273 4.47982 8087.42 28.4517 6.85549 8058.97 2543.37 145.148 142.319 138.575 12.1629 126.412
internal_count=143531 95153 16582 1715 51 1664 42 14867 132 14735 2865 50 2815 794 421 115 68 306 2021 43 78571 276 61 78295 26136 1465 1442 1409 119 1290
is_linear=0
shrinkage=0.1


Tree=42
num_leaves=31
num_cat=0
split_feature=31 31 6 8 0 8 5 31 31 1 1 32 0 35 32 24 4 35 19 5 34 25 10 26 26 24 9 36 0 18
split_gain=6790.8 313.353 158.457 63.2398 59.8748 31.9648 30.9766 21.2491 127.223 44.8616 22.4675 16.6641 12.615 9.45799 9.70293 8.9004 7.37151 7.04128 6.96443 6.55734 6.53987 6.51657 6.89372 6.13809 33.8727 8.71527 7.39274 10.4828 9.22934 10.0468
threshold=5.6000049957114308 5.4500000000000011 0.02581851184694817 7.9747254713304363 34.000745462805661 3.0004720400429199 0.28665966950380045 5.5000361346034827 5.5999934808113094 1.9999498421511459 1.9999498421511459 104.00057056896036 24.025468460405094 260.00297024621983 112.00027761310507 22.984577283955804 78.479263098223228 293.37280723389568 412.71747876419619 7.9713708910364298 177.99864422043927 0.54965284929437785 3.0951164245821046 1.0000000180025095e-35 0.99883975639068245 29.267063220377853 2.9929295703187844 47.197597277812612 44.417297884441332 1107.885177185932
decision_type=2 2 2 2 2 2 2 2 2 2 2 2 2 2 2 2 2 2 2 2 2 2 2 2 2 2 2 2 2 2
left_child=1 -1 19 4 12 6 -6 10 -9 13 -8 -12 -4 14 -10 17 -14 21 -17 -3 -15 22 -13 26 -25 -26 27 -16 -29 -30
right_child=-2 2 3 -5 5 -7 7 8 9 -11 11 15 16 20 23 18 -18 -19 -20 -21 -22 -23 -24 24 25 -27 -28 28 29 -31
leaf_value=0.075727340564668386 -0.070926237876224374 0.073301350117942005 0.074093014991844383 0.064164848391663878 0.068290616157916165 -0.10923799116690638 0.080499839853799479 -0.081225516599972028 0.034220534847926525 0.080046328587239479 0.047188219796357171 0.044688582449424689 0.056904794262745174 -0.035539374208454176 0.025559278925649555 0.015654609910450965 0.03556378683247783 -0.04002454822240685 0.043475807640465214 -0.0020764263235048567 0.007374623195828281 0.081003446510252042 0.021617449710902806 -0.12041073441973871 0.018446200941117194 -0.076129848348901241 0.039155295749473781 0.032366341676254504 0.092453598031914275 -0.014400239816310625
leaf_weight=3743.6753592193127 7708.4886946119368 1197.9607950299978 215.0483927577734 573.07091918587685 157.24001276493073 17.881311893463135 84.7227643430233 127.04075010120869 397.32938772439957 125.21676091849804 366.50491192936897 253.06030987203121 320.8357615545392 44.885160729289055 407.73433594405651 969.70679359138012 326.63686857372522 12.631211653351782 99.180297046899796 11.653210505843161 170.0480145663023 29.75532753765583 265.28281635046005 20.781476780772209 192.18389147520065 10.263952568173407 160.20144167542458 68.65521003305912 9.1959418654441816 203.98612909018993
leaf_count=23514 91434 7244 1012 2825 786 92 406 966 1331 614 1475 927 1511 131 1171 2952 1219 40 314 47 480 92 941 69 578 29 485 217 28 601
internal_value=0.000465864 0.0524698 0.0397381 0.0326818 0.0291134 0.0241781 0.0247494 0.0230456 0.0155096 0.0222975 0.0300626 0.0279218 0.0531084 0.0180067 0.0208709 0.0235888 0.0461387 0.0337923 0.0182361 0.0725752 -0.00158724 0.0354935 0.032881 0.0159276 0.0011708 0.0136513 0.0198041 0.0153084 0.000478527 -0.00979093
internal_weight=18290.9 10582.4 6838.69 5629.08 5056.01 4193.49 4175.61 4018.37 1937.52 1810.48 2080.84 1996.12 862.521 1685.26 1470.33 1629.62 647.473 560.73 1068.89 1209.61 214.933 548.098 518.343 1073 223.229 202.448 849.773 689.572 281.837 213.182
internal_count=143531 52097 28583 21292 18467 14725 14633 13847 6700 5734 7147 6741 3742 5120 4509 5266 2730 2000 3266 7291 611 1960 1868 3178 676 607 2502 2017 846 629
is_linear=0
shrinkage=0.1


Tree=43
num_leaves=31
num_cat=0
split_feature=31 31 31 5 8 0 6 31 31 20 1 32 35 20 0 10 10 25 9 19 24 27 32 6 3 37 37 25 3 24
split_gain=2729.07 3717.45 504.719 220.863 79.2134 68.8061 36.252 31.3232 130.56 51.5639 27.7479 20.781 11.8002 11.1376 10.8402 9.85322 36.7884 10.2741 11.1733 9.14475 9.43516 9.08575 8.84249 8.5417 7.89569 7.84859 21.5151 7.76795 6.91379 6.88755
threshold=6.4051489207289158 5.6000049957114308 5.4500000000000011 0.28665966950380045 7.9747254713304363 30.0021227740543 0.307916612642544 5.5000361346034827 5.5999934808113094 51.477500242735154 1.9999498421511459 97.000379502481408 53.008262816726948 52.836653738322788 24.025468460405094 4.0000495923495549 4.9999488137370776 0.51055497950866802 1.1620649519064632 412.71747876419619 22.917324612237245 14.999246317151824 153.00026915984901 7.9999628160976615 69.784386510061083 0.99994764460092833 0.04577484860176629 0.45340977271811228 70.8003540981572 27.854297269594365
decision_type=2 2 2 2 2 2 2 2 2 2 2 2 2 2 2 2 2 2 2 2 2 2 2 2 2 2 2 2 2 2
left_child=1 2 -1 23 5 14 -7 10 27 -10 -8 -12 29 15 -5 17 -17 18 22 20 25 -21 -11 -4 -16 26 -14 -9 -26 -13
right_child=-2 -3 3 4 -6 6 7 8 9 13 11 12 19 -15 24 16 -18 -19 -20 21 -22 -23 -24 -25 28 -27 -28 -29 -30 -31
leaf_value=-0.070912515790029093 -0.070912188364585543 0.074563456794628766 -0.06801630669193108 -0.063857899279168573 -0.048799688011954383 -0.052159003132572213 -0.073924425825631565 0.14002152823247285 -0.072675185544290741 -0.035462768577108082 -0.042073746544288151 -0.031306350663098829 -0.0026229111024386655 -0.073450924786157321 -0.042572706110799725 0.1210950845814463 0.013478039178682689 0.014041574137706471 0.0040136556790972833 -0.037510250433282641 0.012503947894636809 0.022183691499856249 0.094832278516281981 0.0018030031847622798 0.10010554720262427 -0.037028895946233417 0.20452575556256419 0.080695039149434739 -0.011608296791549448 0.069904357217996413
leaf_weight=2000.6779719665647 4029.7123169749975 6931.8915060162544 633.0624892860651 136.46974817663431 358.77118041366339 110.76190920174122 54.409196481108665 24.896188154816628 80.650026373565197 143.8773540481925 116.97584062069654 132.61144336313009 355.40722747147083 16.091691121459007 139.0214182138443 33.155084013938904 757.64624670147896 368.38827249407768 243.02487725019455 93.45382471382618 902.89207687973976 35.064541816711426 5.4042111933231345 18.021181270480156 5.9722627475857726 66.757436461746693 5.0856775045394889 194.44309474527836 76.523198112845421 7.0828795880079261
leaf_count=23514 48378 43056 6907 1011 2849 1094 428 87 639 621 755 709 1748 137 1002 101 2557 1158 993 426 3307 142 17 74 34 335 18 993 416 25
internal_value=0.00163281 0.0224418 -0.028327 -0.0116731 -0.00373869 0.00019855 0.00419919 0.00591538 0.0149489 0.00530365 -0.00361756 -0.00138747 0.00159016 0.00931554 -0.0416877 0.010174 0.01799 0.00204862 -0.00921315 0.00424917 0.00671034 -0.0212235 -0.0307459 -0.0660838 -0.0280293 -0.00553306 0.000299452 0.0874289 -0.00352077 -0.0261747
internal_weight=18078.2 14048.5 7116.6 5115.92 4464.84 4106.07 3748.08 3637.32 1867.58 1648.24 1769.74 1715.33 1598.36 1567.59 357.987 1551.5 790.801 760.695 392.306 1458.66 1330.14 128.518 149.282 651.084 221.517 427.25 360.493 219.339 82.4955 139.694
internal_count=143531 95153 52097 28583 21602 18753 16290 15196 7303 6223 7893 7465 6710 5584 2463 5447 2658 2789 1631 5976 5408 568 638 6981 1452 2101 1766 1080 450 734
is_linear=0
shrinkage=0.1


Tree=44
num_leaves=31
num_cat=0
split_feature=31 31 18 20 35 36 10 5 34 20 8 0 6 6 32 7 31 20 7 33 18 27 31 31 5 33 9 0 32 9
split_gain=8592.56 1.64202 1.11962 7.45579 5.58711 4.0902 4.16294 1.2746 4.82108 3.58374 2.93793 1.05364 1.54573 4.21761 4.15266 11.5011 1.8305 0.872823 1.15527 0.537462 1.716 4.16723 0.462155 0.493322 2.62094 2.13199 0.649883 3.54363 0.474844 0.454597
threshold=6.4051489207289158 5.9072426333762333 1000.8635582462206 53.753626439925135 103.00139577212856 31.000434981961579 1.6243081935986505 1.4248529255552376 291.04424081531926 35.474083307523465 2.9999916318710329 64.605417964453196 6.7188516029697114 4.2236066430492576 130.23415487154276 2.1822110498596516 6.2860469644010042 41.322128782962373 2.2299673567120526 48.279058621723912 1476.9961116394234 11.99989858974922 5.6118259625383446 5.6717916998647677 0.25223770348459024 62.384099598516933 1.0465505539819961 59.000848942171139 157.00132187352355 4.94986455327735
decision_type=2 2 2 2 2 2 2 2 2 2 2 2 2 2 2 2 2 2 2 2 2 2 2 2 2 2 2 2 2 2
left_child=1 19 3 5 -5 6 -3 -4 9 10 -9 17 13 16 15 -15 -13 18 -11 20 21 -1 -21 24 -24 -26 27 -27 -28 -7
right_child=-2 2 7 4 -6 29 -8 8 -10 11 -12 12 -14 14 -16 -17 -18 -19 -20 22 -22 -23 23 -25 25 26 28 -29 -30 -31
leaf_value=0.096082857679826494 0.075734572824263893 0.094292285715216598 -0.069562471891451497 0.099328611466472441 -0.073302417834535505 -0.055218852316323591 -0.071593447814125633 0.077050642432153871 0.053245413804297606 -0.071517053613482512 -0.071488691607301064 -0.07100953099548335 -0.071036260481115596 -0.050872525231836288 -0.072056566867256408 0.19267348474394719 0.030160768854440963 -0.070397988933244907 0.034759728621626088 -0.071316275897765471 -0.071215198448905045 -0.071675797840527009 0.032999615898645723 -0.069955541142629682 0.010584180746542321 -0.071156339720208225 -0.071049256481607884 0.076834711096016237 -0.021820636456819642 -0.070179153847051853
leaf_weight=2.3065406233072308 7545.760667681694 3.2152360528707495 1033.0528030619025 5.0243838354945165 2.9907238110899925 24.591485887765884 2.8570965230464935 3.2626273334026328 3.5993525087833396 2.2831479161977759 2.2497096136212349 24.923252195119861 32.428361907601357 4.7010997086763364 4.3233344331383696 3.3001530840992928 1.9266434088349331 170.22143448889256 1.8529450744390485 4965.0765738114715 19.308436326682568 4.1358053684234619 2.7490819096565238 2129.4936158359051 3.5613393038511267 9.0646816119551641 110.24959404021502 1.9695507138967503 1.9948199838399876 116.70935704559088
leaf_count=18 48378 12 11976 23 28 276 30 26 26 24 24 288 373 48 43 24 18 1978 19 52159 215 43 23 24671 33 102 1268 17 22 1346
internal_value=-0.00234244 -0.0701121 -0.0670321 -0.0590136 0.0349138 -0.0641219 0.0162413 -0.0679994 -0.0616689 -0.0633137 0.0164284 -0.0651008 -0.0548875 -0.0415196 0.00691062 0.0495791 -0.0637499 -0.0692951 -0.0239057 -0.0707254 -0.056304 -0.0116135 -0.0707768 -0.069591 -0.0636006 -0.0656943 -0.0678979 -0.0447407 -0.0701744 -0.0675755
internal_weight=16239.2 8693.42 1443.51 155.388 8.01511 147.373 6.07233 1288.12 255.072 251.473 5.51234 245.96 71.6028 39.1745 12.3246 8.00125 26.8499 174.358 4.13609 7249.91 25.7508 6.44235 7224.16 2259.08 129.589 126.84 123.279 11.0342 112.244 141.301
internal_count=143531 95153 16582 1715 51 1664 42 14867 2891 2865 50 2815 794 421 115 72 306 2021 43 78571 276 61 78295 26136 1465 1442 1409 119 1290 1622
is_linear=0
shrinkage=0.1


Tree=45
num_leaves=31
num_cat=0
split_feature=31 31 6 8 0 5 8 35 0 0 0 3 7 32 11 11 5 10 19 24 3 36 5 5 11 11 32 2 19 35
split_gain=5803.82 312.666 151.237 57.0522 52.309 28.1717 26.4942 18.9684 12.1822 11.5941 10.4724 10.0653 7.83739 7.44225 6.92615 19.1833 6.72339 6.49889 7.29868 6.37458 6.30367 8.11371 6.05093 24.0342 7.34435 13.1189 6.64805 8.51787 7.37123 5.98983
threshold=5.6000049957114308 5.4500000000000011 0.02581851184694817 7.9747254713304363 34.000745462805661 0.28665966950380045 3.0004720400429199 134.00082497989214 24.025468460405094 44.000055775853518 44.858626786336494 60.230872350931065 3.9999698480228596 100.6835195013109 1.0183669501848918 1.9947608132802459 7.9713708910364298 4.0459465338263128 444.38362997050046 22.384884172033406 49.947648674351363 62.513759654791627 7.9713708910364298 1.0000867206522146 2.0000405439524505 2.9916750384456821 137.00010415666037 152.70011315467039 395.33258407223838 202.57938126468983
decision_type=2 2 2 2 2 2 2 2 2 2 2 2 2 2 2 2 2 2 2 2 2 2 2 2 2 2 2 2 2 2
left_child=1 -1 16 4 8 -6 7 9 -4 -7 -11 14 20 -10 -12 -16 -3 -15 -19 -20 21 -9 23 26 -24 -26 28 -28 -22 -29
right_child=-2 2 3 -5 5 6 -8 12 13 10 11 -13 -14 17 15 -17 -18 18 19 -21 22 -23 24 -25 25 -27 27 29 -30 -31
leaf_value=0.074490189362012266 -0.070379497833188837 0.071708533070948752 0.0715874330198185 0.061293953155841796 0.065524656457335115 0.038158542913103666 -0.10570040493179099 0.044851705075807879 0.062953239098970729 -0.14221047542307894 0.043216232092393288 0.014654818650035635 0.079730637948650596 0.044082503393179401 -0.12397681197171168 0.026261807055160971 -0.0059126755934805209 0.027135817898687332 0.058870811146702964 -0.078787535125860161 0.0096966013647643914 -0.077317065281366851 0.026370508464212985 -0.077014399675770603 -0.11751232764050892 0.0098201292326731242 -0.044756441924947772 0.027853311263895487 0.054289830304538017 -0.01616030251294558
leaf_weight=3340.7470511645079 6823.8162164464593 1075.1421657502651 195.63107654452324 526.66918431222439 143.75267150998116 637.12329149246216 16.577117994427681 85.73797020316124 142.70761893689632 3.8573353290557852 275.17973382771015 812.82363640144467 17.101186633110046 343.55928162485361 8.6156143024563772 627.20188093185425 11.27609698474407 111.67582628130913 4.5647054165601757 12.787828914821146 219.04011508822441 5.8042689189314833 341.12251111865044 36.66526098549366 8.1972390189766866 626.03540021926165 46.208313755691051 61.050917029380798 44.619179919362068 62.649924501776695
leaf_count=23514 91434 7244 1012 2825 786 2584 92 298 706 21 1025 2757 90 1506 42 2329 47 450 22 46 694 21 1090 296 31 1896 158 191 136 188
internal_value=0.000495172 0.0496246 0.0368512 0.0300219 0.026654 0.0220427 0.0204545 0.0209881 0.0498507 0.0266282 0.0223761 0.0227444 0.0124066 0.0429395 0.0299623 0.024226 0.0709029 0.036896 0.0177606 -0.0425755 0.0116576 0.0371055 0.0100461 0.000728293 0.0145383 0.0081744 0.0073027 -0.00812252 0.0172431 0.00556204
internal_weight=16667.9 9844.12 6503.38 5416.96 4890.29 4079.36 3935.61 3919.03 810.926 2364.8 1727.68 1723.82 1554.23 615.295 910.997 635.817 1086.42 472.588 129.028 17.3525 1537.13 91.5422 1445.59 470.234 975.355 634.233 433.568 169.909 263.659 123.701
internal_count=143531 52097 28583 21292 18467 14725 13939 13847 3742 8758 6174 6153 5089 2730 3396 2371 7291 2024 518 68 4999 319 4680 1663 3017 1927 1367 537 830 379
is_linear=0
shrinkage=0.1


Tree=46
num_leaves=31
num_cat=0
split_feature=31 31 31 5 8 0 14 31 31 1 1 32 0 35 35 6 34 32 4 36 18 26 26 9 36 35 32 0 27 9
split_gain=2371.22 3156.77 476.376 199.399 67.2968 57.4681 31.5339 25.1783 112.197 50.74 28.6695 17.8738 10.4829 10.0464 9.76052 8.85944 8.38165 8.00394 7.93417 9.33063 7.91402 7.74375 32.693 10.1382 10.3933 10.1317 10.0686 9.04267 15.0154 8.46305
threshold=6.4051489207289158 5.6000049957114308 5.4500000000000011 0.28665966950380045 7.9747254713304363 30.0021227740543 0.99998693382312853 5.5000361346034827 5.5999934808113094 1.9999498421511459 1.9999498421511459 97.000379502481408 24.025468460405094 79.000377979260449 53.008262816726948 7.9999628160976615 157.00122414167768 100.6835195013109 90.101023330878164 54.243710702105396 2593.5704681806415 1.0000000180025095e-35 0.99883975639068245 2.9929295703187844 46.932050793402304 251.53802412658902 135.99916366506253 44.417297884441332 25.002673949691296 1.0001023725258471
decision_type=2 2 2 2 2 2 2 2 2 2 2 2 2 2 2 2 2 2 2 2 2 2 2 2 2 2 2 2 2 2
left_child=1 2 -1 15 5 12 7 10 -9 13 -7 -12 -5 18 -13 -4 -16 -14 19 -10 -18 23 -23 24 25 29 -24 28 -26 -15
right_child=-2 -3 3 4 -6 6 -8 8 9 -11 11 14 17 21 16 -17 20 -19 -20 -21 -22 22 26 -25 27 -27 -28 -29 -30 -31
leaf_value=-0.070365553391278521 -0.070365222296696867 0.073171263486796284 -0.067015327964742993 -0.061790315111201255 -0.045910683873874189 -0.072677244378677036 -0.068648128336155037 0.084946508926211486 -0.032753351771502612 -0.072506085739377557 -0.039289914726699973 -0.023323280895144793 -0.061086378277892817 -0.011982749059046496 -0.016311839861528964 0.0051429524407504016 0.0091162023176894133 -0.014530984033199877 0.032041819153654179 0.0092015006076052452 -0.029436942307007372 0.13719186118164317 0.0050098525663666614 -0.013851463042556925 -0.010858295844180355 0.028551269791537805 0.056106642440968982 0.042644803267267571 0.11226127679939245 0.01501871031612086
leaf_weight=1770.1451460123062 3565.3372912108898 6201.2308347672224 564.20083370804787 123.25473510473967 329.76496165990829 56.65221530944109 57.691557466983795 199.00816176086664 132.50600032508373 79.437590524554253 110.33159656077623 135.68595103174448 47.743798859417439 281.06941390782595 167.71069447696209 17.544176489114761 1234.0553147345781 163.02358408272266 40.775018662214279 88.354649916291237 55.645727582275867 25.079338863492012 169.14306433498859 160.69052715599537 81.001187682151794 155.4550865739584 49.95278150588274 181.46441615372896 11.285746887326239 197.74521446228027
leaf_count=23514 48378 43056 6907 1011 2849 525 607 1080 607 755 758 745 379 998 821 74 5023 1073 144 389 260 79 632 599 328 482 156 609 40 653
internal_value=0.001812 0.0217797 -0.0258828 -0.00986642 -0.00248843 0.0010871 0.00470066 0.00587186 0.0140078 0.00547231 -0.00269345 -0.000365952 -0.0386242 0.00940647 0.00232977 -0.0648392 0.00471808 -0.0250769 -0.00848705 -0.0159694 0.00745278 0.0129723 0.0290396 0.00930136 0.0133987 0.00637006 0.0166597 0.0296836 0.00419797 -0.000831441
internal_weight=16453 12887.6 6686.42 4916.27 4334.53 4004.76 3670.74 3613.05 1852.97 1653.96 1760.08 1703.43 334.022 1574.52 1593.1 581.745 1457.41 210.767 261.636 220.861 1289.7 1312.89 244.175 1068.71 908.021 634.27 219.096 273.751 92.2869 478.815
internal_count=143531 95153 52097 28583 21602 18753 16290 15683 7551 6471 8132 7607 2463 5716 6849 6981 6104 1452 1140 996 5283 4576 867 3709 3110 2133 788 977 368 1651
is_linear=0
shrinkage=0.1


Tree=47
num_leaves=31
num_cat=0
split_feature=31 31 18 20 15 35 24 5 34 20 31 0 6 6 19 19 31 20 6 34 32 33 34 18 25 4 23 35 20 34
split_gain=7475.06 1.79561 1.22569 7.43643 5.55281 4.20647 5.7558 1.40615 4.76164 3.66007 2.88739 1.14887 1.65075 4.22476 4.03475 7.65082 2.11587 0.936928 1.28282 0.722752 3.86748 0.587165 1.85599 4.34257 0.529161 3.06676 1.01732 2.6305 6.3851 4.2957
threshold=6.4051489207289158 5.9072426333762333 1000.8635582462206 53.753626439925135 1.9880253094637366 383.01130042645389 27.543149256318411 1.4248529255552376 291.04424081531926 35.474083307523465 6.0665314809955957 64.605417964453196 6.7188516029697114 4.2236066430492576 318.10448295506961 253.22772251565021 6.2999581821812223 41.322128782962373 3.2771190470118028 133.0020140027743 113.24770177390765 48.279058621723912 148.97115808587461 1538.7162732424679 0.55362742704479029 77.400203973573028 0.02456586828226082 266.00829249243219 45.139532238350192 204.76141268063984
decision_type=2 2 2 2 2 2 2 2 2 2 2 2 2 2 2 2 2 2 2 2 2 2 2 2 2 2 2 2 2 2
left_child=1 21 3 5 -5 19 -7 -4 9 10 -9 17 13 16 15 -15 -13 18 -11 20 -3 22 23 -1 -23 -26 -27 -28 29 -29
right_child=-2 2 7 4 -6 6 -8 8 -10 11 -12 12 -14 14 -16 -17 -18 -19 -20 -21 -22 24 -24 -25 25 26 27 28 -30 -31
leaf_value=0.10634534739893092 0.074497640321120565 0.055778286056965144 -0.068832144599788508 -0.073817048744448929 0.10199595476582324 -0.071097080415732275 0.16031519841370381 -0.041040367830709711 0.054514218368098194 -0.071168367985931444 0.10930929629592256 -0.070467325263086439 -0.070477475592300651 -0.072077634451907166 -0.070994181519105651 0.13199138908842453 0.046370834507407199 -0.069774624543217062 0.045385576229800495 -0.068826910511340142 -0.070922289490852941 -0.070588392882282233 -0.070876907338110293 -0.070618780430382569 0.038685724231087577 -0.069654260343463323 -0.064813847180384881 0.16968820950409358 -0.070913738706547075 -0.025664978958014163
leaf_weight=2.1785606518387821 6734.6552738249302 3.0153227970004073 916.3285568729043 2.8249342814087859 4.9341684877872467 2.3642346188426009 1.9707343429327009 3.1290295869112006 3.570766255259513 2.1378635391592975 2.1584285274147987 22.283192992210392 28.730548016726971 2.9980179071426374 3.9721117466688156 4.7448252141475677 1.6658308431506146 150.86712008714676 1.6913986206054685 112.04685624688864 11.984939038753508 5268.1192057393491 17.277678325772285 3.8149223029613495 2.6752803698182097 1035.4713792875409 149.72705286741257 2.3959398418664914 7.9623666182160378 2.1230344921350479
leaf_count=19 48378 30 11976 29 22 28 12 31 26 24 19 290 373 30 47 38 16 1978 19 1445 149 64278 209 48 27 11971 1876 22 97 24
internal_value=-0.00262349 -0.0694239 -0.0660061 -0.0571439 0.037986 -0.062762 0.034106 -0.0670837 -0.0600553 -0.0618786 0.0203349 -0.0638627 -0.0526389 -0.0382684 0.0109424 0.0529762 -0.0623404 -0.0685348 -0.0196861 -0.0660672 -0.0454532 -0.0700996 -0.0542437 -0.0062944 -0.0701567 -0.0682618 -0.0685007 -0.0611371 -0.0170307 0.0779104
internal_weight=14509.8 7775.16 1283.42 139.141 7.7591 131.382 4.33497 1144.28 227.949 224.378 5.28746 219.091 64.3945 35.664 11.715 7.74284 23.949 154.696 3.82926 127.047 15.0003 6491.75 23.2712 5.99348 6468.47 1200.36 1197.68 162.208 12.4813 4.51897
internal_count=143531 95153 16582 1715 51 1664 40 14867 2891 2865 50 2815 794 421 115 68 306 2021 43 1624 179 78571 276 67 78295 14017 13990 2019 143 46
is_linear=0
shrinkage=0.1


Tree=48
num_leaves=31
num_cat=0
split_feature=31 31 6 25 14 7 7 13 32 35 0 34 32 3 8 34 5 5 0 9 36 9 33 36 24 9 0 3 18 18
split_gain=4959.23 311.893 144.379 51.8281 23.8206 22.8707 91.7271 17.132 11.1987 11.0153 9.93404 9.02831 8.70348 8.14367 7.35789 6.60328 6.57434 6.01472 5.4862 6.3482 10.1968 8.13843 7.21425 6.3139 6.31256 5.82766 5.39689 4.92557 5.05791 9.74634
threshold=5.6000049957114308 5.4500000000000011 0.02581851184694817 0.44421095194999066 0.99998693382312853 1.0000092959755851 1.9991072473805913 7.9988468735526297 111.29505496154277 159.00449682071277 39.000846645922714 291.04424081531926 121.00016181637459 54.382791074473616 7.9747254713304363 147.91307539540722 7.9713708910364298 0.78125696525724009 27.009328575640399 2.9929295703187844 45.308209932020141 1.0001023725258471 99.002060128335259 62.000753253877996 28.475303983421291 1.9939837295098697 54.999755424191001 49.500206662488068 2014.9677235626971 1878.7578086026922
decision_type=2 2 2 2 2 2 2 2 2 2 2 2 2 2 2 2 2 2 2 2 2 2 2 2 2 2 2 2 2 2
left_child=1 -1 16 12 5 10 -7 8 -8 15 -5 13 -4 -12 17 -10 -3 -15 -17 20 -20 24 25 -21 -22 -23 -27 -11 29 -29
right_child=-2 2 3 4 -6 6 7 -9 9 27 11 -13 -14 14 -16 18 -18 -19 19 23 21 22 -24 -25 -26 26 -28 28 -30 -31
leaf_value=0.073435659131914272 -0.069905069345059453 0.070267368554882068 0.053059960773852069 0.042976294139170951 0.072934908077470981 -0.10278614077171599 0.041153488796370701 0.07597772311448904 0.039925454131670077 0.044009200765030544 0.043370837543069966 -0.10835855214986448 0.026776951116214115 0.067029100299063893 0.058714011882033568 0.059070216758457729 -0.0068524300590649999 0.016738696199950286 0.026071582406226253 0.019451884045605956 0.019479939925973595 -0.11623257979199526 0.066412780259060944 0.043924708483617708 -0.075878109455685377 0.0070016221385915071 -0.038489232282920866 0.0040234897698067261 0.014209333137354927 -0.040566722021823709
leaf_weight=2973.9899070411921 6032.8865207247436 963.684525385499 782.89886362105608 516.93350267410278 92.833868563175201 63.145010605454445 193.93185122311115 52.021223768591881 168.30232550948858 34.896238043904305 218.15768074989319 4.99480927735567 150.15662357211113 24.689591363072395 49.034601673483849 33.279637485742569 11.18228407204151 646.83158560469747 182.11222218722105 803.66316301003098 114.35577774047852 7.1106928661465636 8.5933284983038885 121.33832176029682 7.3907673954963675 39.582925997674465 76.445643208920956 403.94861236959696 379.59877530485392 55.788680166006088
leaf_count=23514 91434 7244 4440 2326 593 340 744 291 620 119 939 18 622 153 260 152 47 2305 550 2864 362 29 25 464 22 124 227 1347 1167 189
internal_value=0.00052666 0.0468083 0.03405 0.0274665 0.0228297 0.0217239 0.0163454 0.0191499 0.018026 0.0161851 0.0318335 0.0257299 0.0488302 0.0264434 0.0213183 0.0212151 0.0693828 0.0185877 0.0189559 0.0179748 0.00802087 -0.00494767 -0.0221735 0.0226621 0.0136911 -0.0283556 -0.0229701 0.00719685 0.00566634 -0.00138749
internal_weight=15213.8 9180.89 6206.9 5232.04 4298.98 4206.15 2745.51 2682.36 2630.34 2436.41 1460.64 943.708 933.055 938.713 720.556 1562.17 974.867 671.521 1393.87 1360.59 435.591 253.479 131.733 925.001 121.747 123.139 116.029 874.232 839.336 459.737
internal_count=143531 52097 28583 21292 16230 15637 9636 9296 9005 8261 6001 3675 5062 3657 2718 5439 7291 2458 4819 4667 1339 789 405 3328 384 380 351 2822 2703 1536
is_linear=0
shrinkage=0.1


Tree=49
num_leaves=31
num_cat=0
split_feature=31 31 31 5 8 0 14 32 7 8 35 34 14 6 24 0 21 21 35 2 35 0 34 5 5 11 11 18 20 24
split_gain=2061.37 2681.36 448.75 179.569 56.8381 48.7589 27.9592 25.1614 20.3789 17.3726 15.199 12.2992 9.1402 9.08862 8.91193 8.24715 7.93573 8.26845 7.68375 7.04761 6.19782 7.66613 7.84317 5.70836 18.715 6.48676 10.8796 8.72635 6.40445 6.2375
threshold=6.4051489207289158 5.6000049957114308 5.4500000000000011 0.28665966950380045 7.9747254713304363 27.009328575640399 0.99998693382312853 100.00054326230924 3.9999698480228596 3.0004720400429199 134.00082497989214 147.00047569679046 0.0045010813730163033 7.9999628160976615 29.267063220377853 43.001105095801776 8.9991807487128703 1.0004188431925745 57.000794253269113 144.04980483922671 53.008262816726948 68.000042161056527 158.7469083164369 7.9713708910364298 1.0000867206522146 2.0000405439524505 2.9693318278594449 2007.3499908828528 36.786950669863721 29.055827798466769
decision_type=2 2 2 2 2 2 2 2 2 2 2 2 2 2 2 2 2 2 2 2 2 2 2 2 2 2 2 2 2 2
left_child=1 2 -1 13 5 -5 7 15 9 10 11 -9 14 -4 16 -7 17 20 -16 -12 21 -13 -23 24 28 27 -27 -25 -21 -29
right_child=-2 -3 3 4 -6 6 -8 8 -10 -11 19 12 -14 -15 18 -17 -18 -19 -20 23 -22 22 -24 25 -26 26 -28 29 -30 -31
leaf_value=-0.069890802184235934 -0.069890556362803793 0.071935689342419909 -0.066035351749912249 -0.045940326495217128 -0.042976605386817496 -0.03625787635899249 -0.067805151108200026 -0.020896025593733374 -0.072718012782102187 0.10521156559294938 -0.034682836764957349 -0.023765861152893246 0.077393741522072887 0.0080040452122942841 0.13753533645006952 -0.0026831412495233967 -0.036713459855493263 0.10825695174665798 0.026942026718334455 -0.069767974803650087 0.0056264020659460715 0.17354148084615428 0.012691627647236537 0.013705862837121389 0.081044617707695554 0.13455811999426512 0.016660501472083807 -0.027239375454533806 0.020492260252072191 0.080469287986124682
leaf_weight=1563.9818134903908 3150.1261318176985 5533.5815893560648 502.55805771797895 201.8482596501708 303.72382365167141 174.31907265633345 52.685717821121216 202.80399385839701 30.96071770042181 18.581259950995445 26.867709428071976 137.58598105609417 17.341110654175282 17.145153529942036 6.8188121393322936 126.07312132418156 49.465088084340096 7.5666790008544913 79.837724566459656 8.0116178691387159 1369.9894155487418 3.7071284279227283 16.632133364677429 180.92705048620701 54.465750470757484 7.9278577268123618 615.90797305852175 106.45573629438877 418.70763400197029 5.6626154258847228
leaf_count=23514 48378 43056 6907 1694 2849 1259 610 1037 318 88 106 769 111 74 28 673 267 33 288 84 6142 15 78 712 311 28 2200 408 1474 20
internal_value=0.00200393 0.0211286 -0.0234371 -0.00812435 -0.00130116 0.00192693 0.00452471 0.00556402 0.00803863 0.00878828 0.00824808 0.00237289 0.00516696 -0.0635928 0.00441769 -0.0221667 0.00271038 0.0039804 0.0356444 0.016048 0.003464 -0.0152947 0.0420089 0.0170229 0.0258434 0.0123939 0.0181588 0.00012162 0.0187976 -0.0217995
internal_weight=14992.3 11842.1 6308.56 4744.58 4224.87 3921.15 3719.3 3666.62 3366.22 3335.26 3316.68 1891.75 1688.94 519.703 1671.6 300.392 1584.95 1535.48 86.6565 1424.93 1527.91 157.925 20.3393 1398.07 481.185 916.881 623.836 293.045 426.719 112.118
internal_count=143531 95153 52097 28583 21602 18753 17059 16449 14517 14199 14111 8768 7731 6981 7620 1932 7304 7037 316 5343 7004 862 93 5237 1869 3368 2228 1140 1558 428
is_linear=0
shrinkage=0.1


Tree=50
num_leaves=31
num_cat=0
split_feature=31 31 18 20 7 36 30 5 34 20 35 7 7 25 7 0 35 25 4 34 23 35 20 14 33 34 23 1 15 18
split_gain=6513.05 1.97277 1.34007 7.39098 5.03525 4.32798 3.19471 1.55433 4.69162 3.72631 3.06137 1.26886 5.22278 8.00766 1.32419 3.53784 1.09678 0.659964 5.77858 1.71238 1.10742 2.73709 5.95827 3.71682 1.89594 7.7187 1.087 1.74694 0.666184 3.84481
threshold=6.4051489207289158 5.9072426333762333 1000.8635582462206 53.753626439925135 2.6806703392172477 31.000434981961579 1.3394453031243392 1.4248529255552376 291.04424081531926 35.474083307523465 234.01078119082493 2.1822110498596516 2.2462372220503797 0.55629386150747295 2.4544122873616359 66.442788054263062 113.00091832012943 0.55362742704479029 76.400452873159864 99.324308117898298 0.02456586828226082 266.00829249243219 45.139532238350192 0.026490196461288754 62.384099598516933 144.00021900246546 0.12403333013057767 1.9021028700543912 2.4350011380807599 1010.9852736542058
decision_type=2 2 2 2 2 2 2 2 2 2 2 2 2 2 2 2 2 2 2 2 2 2 2 2 2 2 2 2 2 2
left_child=1 17 3 5 -5 6 -3 -4 9 10 -9 -11 13 -13 15 -14 -17 -1 -19 -20 28 24 23 -23 25 -22 27 -26 -21 -30
right_child=-2 2 7 4 -6 -7 -8 8 -10 11 -12 12 14 -15 -16 16 -18 18 19 20 21 22 -24 -25 26 -27 -28 -29 29 -31
leaf_value=-0.070047652717481243 0.073441517780781895 -0.042968212954005165 -0.068149000429214748 -0.073812724026964538 0.099210758476005856 -0.065630802382172421 0.11082951032646911 -0.03932900873647488 0.055647198031317596 -0.068476992050901006 0.11886608277790114 -0.070122297486765503 -0.070036357835306776 0.2299942961801866 -0.064587930763457119 0.093151082600757495 -0.01304904456254307 0.13246942487628169 0.025200488204281973 -0.069936852737138108 0.13472153075787616 0.00077539207985707513 -0.07042953311716274 0.18446008239381839 0.077962186046357101 -0.070217780831942619 -0.068653530786379702 -0.069912897043376332 -0.016900173332374726 -0.069998666044859909
leaf_weight=4730.1981774270535 5995.1618499308825 3.0344729125499716 811.94778772443533 2.5377314686775199 4.9875741675496101 111.62916610389948 2.4339380338788033 3.054543860256671 3.5455588772892943 127.47739566117525 2.0404554232954979 1.9618512913584703 6.8011641427874547 1.6258166357874868 53.208265051245689 2.3157356604933743 1.6764498203992841 1.4458880573511113 1.9856584593653668 834.36431039869785 2.3971250802278501 2.6852271482348424 7.0982123538851738 1.8679084554314611 1.3321344703435889 7.8759765066206455 120.76406626030803 1.9957631602883339 16.318594016134739 82.976566538214684
leaf_count=64530 48378 28 11976 23 28 1622 14 33 26 1862 17 28 99 17 768 21 20 14 21 10548 30 30 97 16 19 111 1691 30 217 1217
internal_value=-0.00293896 -0.0687918 -0.0649887 -0.0552021 0.0408627 -0.0613757 0.0254857 -0.0661895 -0.0583794 -0.0603992 0.0240253 -0.0626043 -0.0515281 0.065881 -0.0581095 -0.0261727 0.0485542 -0.0695378 -0.0673111 -0.0675782 -0.0677488 -0.0596503 -0.0131562 0.0761314 -0.063682 -0.0223973 -0.0670999 -0.0107195 -0.0690154 -0.0612722
internal_weight=12948.7 6953.58 1140.28 124.623 7.52531 117.098 5.46841 1015.66 203.707 200.162 5.095 195.067 67.5893 3.58767 64.0016 10.7933 3.99219 5813.31 1083.11 1081.66 1079.68 146.016 11.6513 4.55314 134.365 10.2731 124.092 3.3279 933.659 99.2952
internal_count=143531 95153 16582 1715 51 1664 42 14867 2891 2865 50 2815 953 45 908 140 41 78571 14041 14027 14006 2024 143 46 1881 141 1740 49 11982 1434
is_linear=0
shrinkage=0.1


Tree=51
num_leaves=31
num_cat=0
split_feature=31 31 6 8 0 8 14 7 7 7 3 5 5 25 21 35 20 35 5 20 32 34 0 35 8 24 27 27 7 24
split_gain=4237.51 309.821 137.225 47.0469 41.8596 23.0332 22.1915 17.9883 79.096 10.5272 10.0793 9.16377 51.2904 9.09774 7.19232 6.9392 6.72369 6.47973 6.42972 6.20439 6.04419 5.95259 6.01447 4.92226 4.72283 4.50357 4.22275 6.08059 6.3515 4.78234
threshold=5.6000049957114308 5.4500000000000011 0.02581851184694817 7.9747254713304363 31.001136097670699 3.0004720400429199 0.99998693382312853 1.0000092959755851 1.9991072473805913 3.9999698480228596 57.02762567839715 7.9713708910364298 1.0000867206522146 0.52217415857007266 8.9991807487128703 72.000009295975602 41.591740557421112 51.003383360699722 7.9713708910364298 57.074109248093272 111.29505496154277 236.00240517136695 65.000039467642424 263.0650485609408 1.9999927881542103 29.820787258999228 8.000093268021244 24.941627533463485 2.9999957838943483 26.470836947843413
decision_type=2 2 2 2 2 2 2 2 2 2 2 2 2 2 2 2 2 2 2 2 2 2 2 2 2 2 2 2 2 2
left_child=1 -1 18 4 13 6 7 10 -9 11 -6 12 15 23 17 25 -17 -13 -3 24 -19 -12 -23 -4 -18 -10 -22 -28 -29 -30
right_child=-2 2 3 -5 5 -7 -8 8 9 -11 21 14 -14 -15 -16 16 19 20 -20 -21 26 22 -24 -25 -26 -27 27 28 29 -31
leaf_value=0.072532650475949229 -0.069492912894236383 0.068936955274050415 0.057224734585707551 0.056020551087464468 0.038112573764801441 -0.10482995867198373 0.071214197367744508 -0.10289153247093724 0.039560846443037256 0.074330438925808193 0.023205584902144041 0.049351552747045932 -0.079375365127584349 0.020694147659065909 0.061856478350596412 0.065466639412953984 -0.05021738459553271 0.044514763670173069 -0.0076407471598572895 0.066289141241286237 0.022320610181638768 0.002470109399555151 -0.097591016089600358 -0.012546087449808792 0.0085411669245584031 -0.045935097041335499 0.0035094390088343413 0.010413732706027107 0.027061954705747487 0.07119555918542185
leaf_weight=2641.732312195003 5327.6660533994436 863.11229290813208 404.74477827548981 447.61410144716501 536.84095743298531 15.032463461160658 80.355233043432236 57.304208852350712 122.04673554748297 30.458896830677986 764.32864728942513 67.085268802940845 63.199153605848551 91.80263739824295 40.185823813080788 21.519886009395123 13.921907953917978 78.505657196044922 11.10554103553295 18.37522042542696 587.40765033662319 68.432507820427418 6.5851784050464621 10.370605170726774 784.6056008040905 6.4887828826904288 443.81838745623827 189.64524601399899 84.58270937204361 34.595229998230934
leaf_count=23514 91434 7244 2338 2825 2571 93 572 320 424 182 3014 251 488 386 139 134 44 280 47 114 1930 248 22 45 2500 21 1379 612 261 99
internal_value=0.000565412 0.044038 0.0313741 0.0250647 0.022067 0.0187271 0.01918 0.0181399 0.0133136 0.0158882 0.0274116 0.0151918 0.00790461 0.0491817 0.0201117 0.0136091 0.0102922 0.0189825 0.0679642 0.00883876 0.0175463 0.0205673 -0.00631342 0.0554817 0.00751674 0.0352448 0.0159664 0.0110072 0.0217824 0.0398732
internal_weight=13913.5 8585.8 5944.07 5069.85 4622.24 4115.32 4100.29 4019.93 2643.75 2586.44 1376.19 2555.98 1030.16 506.918 1525.83 966.958 838.423 1485.64 874.218 816.903 1418.55 839.346 75.0177 415.115 798.528 128.536 1340.05 752.642 308.823 119.178
internal_count=143531 52097 28583 21292 18467 15698 15605 15033 9178 8858 5855 8676 3725 2769 4951 3237 2792 4812 7291 2658 4561 3284 270 2383 2544 445 4281 2351 972 360
is_linear=0
shrinkage=0.1


Tree=52
num_leaves=31
num_cat=0
split_feature=31 31 31 5 8 0 14 32 7 8 5 5 20 21 21 6 5 20 35 35 34 0 7 7 36 3 27 4 24 2
split_gain=1792.03 2280.5 420.975 161.482 48.514 42.0144 24.5443 20.6654 18.3323 15.6551 12.4559 58.3367 11.8498 10.421 18.3106 8.878 8.85917 9.76923 8.66437 8.05981 8.57126 7.77608 7.64006 8.75885 7.47898 8.41924 8.07381 6.80005 6.74855 6.15765
threshold=6.4051489207289158 5.6000049957114308 5.4500000000000011 0.28665966950380045 7.9747254713304363 27.009328575640399 0.99998693382312853 100.00054326230924 3.9999698480228596 3.0004720400429199 7.9713708910364298 1.0000867206522146 36.786950669863721 0.99788035491840443 1.0000000180025095e-35 7.9999628160976615 0.99811100428669308 52.836653738322788 72.000009295975602 134.00082497989214 148.00200603018996 36.001629059063085 2.9999957838943483 2.017501842968223 65.000232382570971 55.782647776939193 18.44678667352883 90.915898409362612 20.307122552401534 174.40003777644498
decision_type=2 2 2 2 2 2 2 2 2 2 2 2 2 2 2 2 2 2 2 2 2 2 2 2 2 2 2 2 2 2
left_child=1 2 -1 15 5 -5 7 21 9 10 11 12 -9 14 19 -4 -14 18 27 20 -12 -7 23 24 -21 -26 -27 -18 -23 -24
right_child=-2 -3 3 4 -6 6 -8 8 -10 -11 13 -13 16 -15 -16 -17 17 -19 -20 22 -22 28 29 -25 25 26 -28 -29 -30 -31
leaf_value=-0.069478384157985559 -0.069478213977818587 0.070827517538827878 -0.065075351553052802 -0.043376097923700674 -0.040255500942078332 -0.043933968469025322 -0.066751783106210369 -0.070545640572385632 -0.072173516738786442 0.10323394781154793 -0.02389087239488713 0.081127223371238219 0.078357540610999518 -0.025764779239404907 0.15193149921563098 0.0084326758363139302 -0.02844719742214083 -0.063803417095613768 0.014265680949689746 0.014991741483799687 0.0029290023972614824 -0.051375905859079724 -0.0095701768441700582 0.1094323158800435 0.1919353901069015 -0.048973407366322642 0.12717588026797247 0.034234698039544188 -0.00063037707078393112 0.035738478534431121
leaf_weight=1380.1632311567664 2779.9225568622351 4928.5847631543875 448.00725836679339 188.23461100459099 282.16674695909023 90.553330525755882 46.977505125105381 18.53267877548933 28.122112356126308 17.502214163541794 133.199746966362 126.54047157615423 18.695658221840858 109.90251157432795 8.5410829037427884 17.055821016430855 87.11597153544426 18.15390507876873 730.08124352991581 619.60926659405231 1130.5223221927881 31.069453753530979 201.24930520355701 10.352838918566702 5.0134724974632254 5.5060563087463361 4.9335670918226242 21.598126485943794 167.44779673218727 35.248928889632225
leaf_count=23514 48378 43056 6907 1694 2849 741 610 216 318 88 739 736 119 522 32 74 373 193 2596 2379 5266 242 646 35 26 25 18 79 949 111
internal_value=0.00219737 0.0204595 -0.0210381 -0.00651043 -0.000229686 0.00270023 0.00506576 0.00599789 0.00822402 0.00890868 0.00840609 0.0175773 0.00858394 0.00427142 0.00580382 -0.0623795 0.0102587 0.00877301 0.0103438 0.00522213 0.000102115 -0.0196497 0.0125588 0.0181929 0.0167055 0.0854226 0.0342714 -0.0159942 -0.00857244 -0.00281714
internal_weight=13690.6 10910.7 5982.1 4601.93 4136.87 3854.7 3666.47 3619.49 3330.42 3302.3 3284.8 1020.72 894.178 2264.08 2154.18 465.063 875.645 856.949 838.795 2145.64 1263.72 289.071 881.913 645.415 635.062 15.4531 10.4396 108.714 198.517 236.498
internal_count=143531 95153 52097 28583 21602 18753 17059 16449 14517 14199 14111 4312 3576 9799 9277 6981 3360 3241 3048 9245 6005 1932 3240 2483 2448 69 43 452 1191 757
is_linear=0
shrinkage=0.1


Tree=53
num_leaves=31
num_cat=0
split_feature=31 31 18 20 35 4 33 5 34 20 35 0 6 6 32 33 31 20 18 34 32 25 4 34 23 33 23 7 33 34
split_gain=5682.47 2.17776 1.46844 7.31758 4.41838 6.05874 3.90269 1.72134 4.60963 3.77312 2.86039 1.38698 1.93449 4.46632 4.06341 9.01065 2.39728 1.10812 1.58785 0.884475 4.0826 0.743558 5.27706 1.74768 1.2042 2.88682 2.82144 4.0723 2.0311 6.88
threshold=6.4051489207289158 5.9072426333762333 1000.8635582462206 53.753626439925135 383.01130042645389 96.800025816006738 69.445941854979438 1.4248529255552376 291.04424081531926 35.474083307523465 236.24901064030112 64.605417964453196 6.7188516029697114 4.2236066430492576 130.23415487154276 71.475306462709526 6.2999581821812223 41.322128782962373 1857.3329790622765 133.0020140027743 113.24770177390765 0.55362742704479029 76.400452873159864 99.324308117898298 0.02456586828226082 100.01982341896981 0.11833553553948391 2.0086925662323827 62.384099598516933 144.00021900246546
decision_type=2 2 2 2 2 2 2 2 2 2 2 2 2 2 2 2 2 2 2 2 2 2 2 2 2 2 2 2 2 2
left_child=1 21 3 4 19 -6 -5 -4 9 10 -9 17 13 16 15 -15 -13 18 -11 20 -3 -1 -23 -24 -25 26 27 -26 29 -28
right_child=-2 2 7 6 5 -7 -8 8 -10 11 -12 12 -14 14 -16 -17 -18 -19 -20 -21 -22 22 23 24 25 -27 28 -29 -30 -31
leaf_value=-0.069601275698506548 0.072536806407175747 0.0685092384820217 -0.067499853041392624 0.11783491780879432 -0.070119274065798931 0.18067742146484586 -0.028211507836631861 -0.03679352577499486 0.056652091035328034 -0.07028961269417891 0.11796478309853523 -0.069599804887548286 -0.069599600714390072 -0.070446295798578251 -0.070641991999560436 0.15876738233954268 0.063674344284986223 -0.068714224331607829 0.071551204639145591 -0.067452469487682271 -0.069952457984773328 0.11750954375638466 0.028181198471235805 -0.06841117171192751 0.13120156820953527 0.049440554846082369 0.12214652024750672 -0.069741180501394801 -0.066503115516624176 -0.069824400243483395
leaf_weight=4231.3978517316282 5324.9540892094374 2.7498603314161292 718.87085407227278 3.5948224887251845 2.1024500653147693 1.7777222618460653 3.7263753898441792 2.8732965290546408 3.5234497338533393 1.8341218531131738 2.0438601076602936 17.607359241694219 22.641542505472898 2.9095402136445028 3.2315099164843559 4.1774782687425613 1.461712323129176 118.42566674947739 1.3853745460510252 88.291597202420235 9.4393381625413877 1.5553718209266651 1.9320770949125279 841.13515154272318 1.8527365177869786 2.4491843394935122 2.5489884093403798 2.2134375795722008 115.08342494815588 6.976452674716711
leaf_count=64530 48378 30 11976 16 31 9 35 34 26 25 16 290 373 39 43 33 16 1978 18 1445 149 14 21 11982 21 31 30 35 1797 110
internal_value=-0.00328721 -0.0682023 -0.0639592 -0.0531433 -0.0599231 0.0447846 0.0434996 -0.0652999 -0.0566157 -0.0588504 0.0275331 -0.0612961 -0.0476317 -0.0307066 0.0222901 0.0646648 -0.0593839 -0.0671405 -0.0092544 -0.0639665 -0.0387158 -0.0690274 -0.066539 -0.0668328 -0.0670216 -0.0581081 -0.0601552 0.0218176 -0.0628301 -0.0184534
internal_weight=11544.8 6219.81 1012.67 111.682 104.361 3.88017 7.3212 900.986 182.115 178.591 4.91716 173.674 52.0291 29.3876 10.3185 7.08702 19.0691 121.645 3.2195 100.481 12.1892 5207.14 975.747 974.191 972.259 131.124 128.675 4.06617 124.609 9.52544
internal_count=143531 95153 16582 1715 1664 40 51 14867 2891 2865 50 2815 794 421 115 72 306 2021 43 1624 179 78571 14041 14027 14006 2024 1993 56 1937 140
is_linear=0
shrinkage=0.1


Tree=54
num_leaves=31
num_cat=0
split_feature=31 31 5 8 0 14 8 32 20 35 14 34 24 6 35 0 33 11 11 10 10 19 22 3 34 3 0 36 36 36
split_gain=3622.51 304.837 129.448 42.1727 35.7922 20.0681 19.7502 18.9215 14.8657 12.184 7.98418 7.31782 7.45307 6.30698 5.97773 5.80577 5.56584 5.18838 33.3298 12.2003 11.4981 5.49241 5.39302 4.8203 5.14398 6.01187 4.81134 5.18249 4.70494 5.54303
threshold=5.6000049957114308 5.4500000000000011 0.28665966950380045 7.9747254713304363 27.009328575640399 0.99998693382312853 3.0004720400429199 100.00054326230924 41.322128782962373 134.00082497989214 0.0045010813730163033 147.00047569679046 29.267063220377853 7.9999628160976615 57.000794253269113 43.001105095801776 61.477563215816126 7.9999025157879391 5.0002277014888366 5.0000803547617982 5.9998872388027653 407.29054520000005 0.99999578389434796 54.20039132641849 151.81286382734507 55.500486615122718 45.414983649142791 39.000022350932987 70.592900522501751 41.650496078218985
decision_type=2 2 2 2 2 2 2 2 2 2 2 2 2 2 2 2 2 2 2 2 2 2 2 2 2 2 2 2 2 2
left_child=1 -1 13 4 -4 6 7 15 -9 10 11 16 17 -3 -14 -6 -10 18 19 -13 -21 -22 26 -17 -25 -26 27 -19 29 -28
right_child=-2 2 3 -5 5 -7 -8 8 9 -11 -12 12 14 -15 -16 23 -18 22 -20 20 21 -23 -24 24 25 -27 28 -29 -30 -31
leaf_value=0.071756688187026615 -0.069134542638968663 0.068784077590945888 0.055582513219558843 0.053479848111111686 0.048924400438205291 0.069559597962062278 -0.10066976802362726 0.068308921772944703 -0.034029570140136196 0.0077377892728381767 -0.07267906744304263 0.021020618626308395 -0.093388124034008896 0.012197777939776205 -0.0020178096484706845 0.048662738696767655 0.039438334268150584 -0.04385054974194761 -0.1232570664690894 -0.11713852734805491 -0.011736603034125305 0.041174410993856457 0.067729769786404243 -0.050111816521604902 -0.054870840943129384 0.028362405381495578 0.04112642773674164 0.052319125625653086 0.075483431153451769 0.012888437348829549
leaf_weight=2342.0426191613078 4700.4120873678476 740.87594379484653 268.41478762030602 414.95197128504515 225.57648877054453 73.973390698432922 14.211873415857552 52.137168865650892 10.794327840209005 1543.4046273827553 9.3878693990409356 1107.9800650179386 7.7883603163063517 20.23491059243679 88.779965359717607 51.482655830681324 230.69267423450947 6.0060419887304297 17.063149131834507 9.3430873677134496 111.69193892925978 23.799015186727047 30.837333232164383 12.089939221739767 9.7302033901214582 80.243113860487938 87.046020042151213 83.613997355103493 15.033406920731066 345.16375323385
leaf_count=23514 91434 6907 1694 2849 1257 610 95 415 48 5285 109 4466 27 74 290 254 993 23 95 39 381 85 138 52 46 316 304 385 61 1285
internal_value=0.000595052 0.0413894 0.0288952 0.0229707 0.0201676 0.0179298 0.0170148 0.0174169 0.0152811 0.0145395 0.019344 0.0197411 0.0176918 0.0672797 -0.00938694 0.0387147 0.0361544 0.0191148 0.015562 0.0174527 -0.00984167 -0.00244277 0.027062 0.0237155 0.0111317 0.0193611 0.0247261 0.0458741 0.0204884 0.0185755
internal_weight=12734.8 8034.39 5692.35 4931.24 4516.29 4247.87 4173.9 4159.69 3780.56 3728.43 2185.02 2175.63 1934.15 761.111 96.5683 379.122 241.487 1837.58 1269.88 1252.81 144.834 135.491 567.701 153.546 102.063 89.9733 536.863 89.62 447.243 432.21
internal_count=143531 52097 28583 21602 18753 17059 16449 16354 14429 14014 8729 8620 7579 6981 317 1925 1041 7262 5066 4971 505 466 2196 668 414 362 2058 408 1650 1589
is_linear=0
shrinkage=0.1


Tree=55
num_leaves=31
num_cat=0
split_feature=31 31 31 5 8 0 14 32 7 8 11 11 11 11 11 11 27 5 6 36 32 35 21 0 35 18 18 32 24 19
split_gain=1558.22 1942.76 392.053 144.408 40.189 35.3784 21.4413 17.7174 16.0941 13.7482 10.7193 39.8217 13.9749 53.5781 13.5769 40.1775 9.55689 9.11256 8.62497 8.4694 8.43687 8.05267 7.47309 7.15215 6.94637 6.92217 7.35126 6.76469 6.67645 6.5779
threshold=6.4051489207289158 5.6000049957114308 5.4500000000000011 0.28665966950380045 7.9747254713304363 27.009328575640399 0.99998693382312853 98.001889275943952 3.9999698480228596 3.0004720400429199 7.9999025157879391 5.0002277014888366 1.0000102589804476 1.9947608132802459 2.0000405439524505 2.9916750384456821 5.9999898939214322 7.9713708910364298 7.9999628160976615 72.000744394553166 127.00014242377244 137.00049630153873 8.9991807487128703 48.000101243897653 70.001113159891858 1981.7467852906518 1956.5717487148072 162.00092129381133 28.306257924082733 128.73423072365776
decision_type=2 2 2 2 2 2 2 2 2 2 2 2 2 2 2 2 2 2 2 2 2 2 2 2 2 2 2 2 2 2
left_child=1 2 -1 18 5 -5 7 -7 9 10 11 12 24 17 -15 -16 -17 -14 -4 22 21 29 23 -12 -9 26 27 -26 -27 -18
right_child=-2 -3 3 4 -6 6 -8 8 -10 -11 19 -13 13 14 15 16 20 -19 -20 -21 -22 -23 -24 -25 25 28 -28 -29 -30 -31
leaf_value=-0.069119803043627845 -0.069119685211466372 0.069821078387552013 -0.064112851173432753 -0.040603691680270872 -0.037242884734653633 -0.02438557361620404 -0.065711495470287068 -0.019883793630102824 -0.071481758764520342 0.098319894513631254 -0.016039166477038996 0.11147862761296963 0.079940916427718819 -0.0018297140144892356 0.11320039181215763 0.11696571978389099 0.097434866121170999 0.16897717478351756 0.008558309774138035 -0.068857961039096471 0.025253597213966777 0.01782393502120486 -0.047434709755626775 0.0064228568136999982 0.0067673087990693416 -0.017892279579161438 0.10386804083128796 0.085973067783311319 0.053162321548210704 -0.0069311432615739481
leaf_weight=1216.6757935881615 2450.6517447978258 4382.6833957657218 399.55033146217465 174.96862204372883 261.23766404017806 179.01342055946589 41.861921969801188 156.88849575817585 25.352611176669598 16.952660962939262 175.99853925406933 39.273157581686974 24.666153863072395 479.40152164548635 42.942832797765732 9.012446500360964 6.1595751270651808 21.526917152106762 17.027790941298008 18.005247958004475 381.12369367480278 309.61180561408401 31.580427061766386 728.56918707489967 407.42500456795096 171.46504177153111 8.3063277006149274 11.076012276113032 14.329052373766897 308.65154511481524
leaf_count=23514 48378 43056 6907 1694 2849 1308 610 894 323 91 936 207 166 2145 217 46 33 79 74 103 1299 1150 172 3001 1805 784 35 37 55 1563
internal_value=0.00238557 0.0198022 -0.0188015 -0.00508088 0.000692096 0.00331092 0.00543984 0.00627478 0.00789465 0.00849305 0.00803794 0.0116128 0.0099457 0.0153191 0.0121297 0.018458 0.0144479 0.121434 -0.0611424 -0.000923528 0.0135291 0.00637284 0.000383078 0.0020525 -0.00110918 0.00369904 0.0107125 0.00886356 -0.0124123 -0.00488912
internal_weight=12512 10061.3 5678.65 4461.98 4045.4 3784.16 3609.19 3567.33 3388.32 3362.97 3346.01 2391.86 2352.59 1583.1 1536.9 1057.5 1014.56 46.1931 416.578 954.153 1005.55 624.423 936.148 904.568 769.49 612.601 426.807 418.501 185.794 314.811
internal_count=143531 95153 52097 28583 21602 18753 17059 16449 15141 14818 14727 10515 10308 6698 6453 4308 4091 245 6981 4212 4045 2746 4109 3937 3610 2716 1877 1842 839 1596
is_linear=0
shrinkage=0.1


Tree=56
num_leaves=31
num_cat=0
split_feature=31 31 18 20 36 12 30 5 34 20 14 7 7 25 35 36 34 23 0 25 4 34 23 35 20 34 33 4 35 23
split_gain=4961.71 2.39679 1.59899 7.23038 4.45835 3.36903 2.42927 1.89551 4.51787 3.80534 3.88408 1.52522 5.2742 6.04545 1.52617 3.03226 6.17805 2.08081 1.32851 0.837528 4.88889 1.78134 1.31278 3.00692 5.87525 2.91613 2.1223 6.20209 7.29378 1.26013
threshold=6.4051489207289158 5.9072426333762333 1000.8635582462206 53.753626439925135 31.000434981961579 3.9276554430766191 1.3394453031243392 1.4248529255552376 291.04424081531926 35.474083307523465 0.43990696718827221 2.1822110498596516 2.2462372220503797 0.55629386150747295 90.999662265305659 48.864030980406291 202.00121258117844 0.4263112052732369 67.135974582628833 0.55362742704479029 76.400452873159864 99.324308117898298 0.02456586828226082 266.00829249243219 45.139532238350192 204.76141268063984 62.384099598516933 86.903384434248025 95.999005038058826 0.24425792890153478
decision_type=2 2 2 2 2 2 2 2 2 2 2 2 2 2 2 2 2 2 2 2 2 2 2 2 2 2 2 2 2 2
left_child=1 19 3 4 6 18 -3 -4 9 10 -9 -11 13 -13 15 16 17 -14 -5 -1 -21 -22 -23 26 25 -25 27 28 -24 -28
right_child=-2 2 7 5 -6 -7 -8 8 -10 11 -12 12 14 -15 -16 -17 -18 -19 -20 20 21 22 23 24 -26 -27 29 -29 -30 -31
leaf_value=-0.069200073495476341 0.071759615341297864 -0.035209908957320672 -0.06687258987526816 -0.071734394919469299 -0.063675989973456401 0.11767579166597136 0.1041668698432467 -0.038452751956193104 0.057536660812929498 -0.067287770302290995 0.14869654682753494 -0.069357877160347622 -0.069714814354438145 0.20050355871877962 -0.064250030177192843 -0.069749812893846422 0.2196264582991444 0.082848906515383791 0.048695990905009243 0.10629071014875846 0.031076284983712829 -0.067832479834817966 0.26083717830822278 0.15503581507491798 -0.069712331586169116 -0.014138747466453792 -0.021717201196544873 -0.069779557025355113 -0.069534003922089679 -0.068445881903292344
leaf_weight=3783.2818103432655 4720.5547865778208 2.5415953472256652 636.07584283128381 2.1221377886831756 87.976527951657772 3.415713831782341 2.4618108570575714 2.9943978339433661 3.5041787028312674 100.12794707715511 1.7611939013004301 1.5486742779612535 3.2031962536275369 1.7891840413212774 38.675085417926311 6.6978904940187931 1.3148333989083765 1.2400763072073457 1.6116339042782781 1.6482221782207478 1.8824581280350674 757.52350326627493 1.4828302413225158 2.4886374548077566 5.7416331619024277 1.7252936922013757 6.1536785364150992 6.1717919260263443 1.2165026664733884 92.796116579324007
leaf_count=64530 48378 28 11976 24 1622 10 14 35 26 1862 15 28 55 17 710 117 12 14 17 14 21 11982 19 22 97 24 106 101 21 1634
internal_value=-0.00364006 -0.0676424 -0.062915 -0.0510025 -0.0584539 0.0459049 0.0333672 -0.0644079 -0.0547816 -0.0572515 0.0308564 -0.0599618 -0.0464949 0.0752953 -0.0544454 -0.0240025 0.0292112 -0.0271357 -0.0197522 -0.0685541 -0.0657732 -0.0660965 -0.0663054 -0.0564837 -0.00390015 0.0857713 -0.061339 -0.0144825 0.111949 -0.0655398
internal_weight=10281.7 5561.17 899.062 100.129 92.9799 7.14949 5.00341 798.933 162.857 159.352 4.75559 154.597 54.4689 3.33786 51.1311 12.456 5.75811 4.44327 3.73377 4662.11 878.831 877.182 875.3 117.776 9.95556 4.21393 107.821 8.87112 2.69933 98.9498
internal_count=143531 95153 16582 1715 1664 51 42 14867 2891 2865 50 2815 953 45 908 198 81 69 41 78571 14041 14027 14006 2024 143 46 1881 141 40 1740
is_linear=0
shrinkage=0.1


Tree=57
num_leaves=31
num_cat=0
split_feature=31 31 6 25 20 20 5 5 33 33 35 32 21 21 14 0 0 35 5 24 12 35 19 32 24 10 35 24 34 25
split_gain=3096.24 298.511 121.224 37.0429 19.3266 15.0567 16.3818 51.6733 12.1839 15.351 9.10607 7.6943 7.1844 12.9874 6.89966 6.80528 11.6553 8.53445 6.3953 5.40335 5.36196 4.98889 5.13342 8.58286 5.94663 5.09312 5.79037 4.56996 9.14238 4.38538
threshold=5.6000049957114308 5.4500000000000011 0.02581851184694817 0.44421095194999066 54.534249535465882 39.855311487785208 7.9713708910364298 1.0000867206522146 67.000016269321733 67.999863740360439 50.001953395718118 121.00016181637459 0.99788035491840443 1.0000000180025095e-35 0.99998693382312853 45.000189413644037 45.81703977325899 138.00065368177508 7.9713708910364298 31.510197555809114 7.9997629355875626 225.13948541872628 231.23380027571093 118.76642241318451 27.188008968045875 2.9999970915648553 104.00056392764469 25.764822717175491 164.67196627616315 0.46066204231271463
decision_type=2 2 2 2 2 2 2 2 2 2 2 2 2 2 2 2 2 2 2 2 2 2 2 2 2 2 2 2 2 2
left_child=1 -1 18 11 5 -5 7 14 19 -10 -11 -4 13 15 21 17 -17 -12 -3 -8 -18 22 29 -24 -25 26 -26 -14 -29 -7
right_child=-2 2 3 4 -6 6 8 -9 9 10 12 -13 27 -15 -16 16 20 -19 -20 -21 -22 -23 23 24 25 -27 -28 28 -30 -31
leaf_value=0.071088820194529889 -0.068822681590088711 0.066501635817429683 0.045450037505590769 0.064293444913067252 0.066245955389811068 -0.086391087779247921 0.035884599252629962 -0.076018516473740957 -0.1733745195431341 0.043522648691634934 0.029976588405923717 0.019204538092103485 0.053701267021717361 -0.12575447660292113 0.065104157447865116 -0.11932552667629687 0.0099033011253841959 0.0099764183779447509 -0.011150489569066883 -0.077726031144072005 0.078805899519456782 -0.007233927908185109 0.044135080062498847 0.01770505726934812 -0.097508284794673772 0.0044782560410956329 -0.0073526307387646699 -0.09228422133433889 0.034803416758006626 0.0012565110814484878
leaf_weight=2072.9999738708138 4143.6639160551131 691.65478421002626 637.51975057274103 63.39374003559351 77.93276435136795 5.8834172487258902 417.89705050736666 74.27285235747695 4.2580944448709479 119.94642673432827 489.34506083279848 135.4307504594326 76.642351977527142 6.6318528950214377 22.670264162123203 6.951158493757247 1279.2229330465198 378.2978176549077 10.771234363317488 4.2286119312047949 11.394727192819117 152.96149388700724 98.851761005818844 369.72337283194065 12.139117687940599 75.424995146691799 17.243363328278065 6.9676668494939795 30.171658307313919 192.07750930264592
leaf_count=23514 91434 7244 4440 523 638 23 2125 732 19 558 2109 622 314 28 187 24 4368 1304 47 17 58 477 368 1211 42 232 56 29 109 679
internal_value=0.000623858 0.038774 0.0265273 0.020813 0.0169355 0.0159543 0.0151591 0.00430111 0.0190746 0.0163294 0.0166652 0.0408515 0.0152557 0.0139725 0.0106007 0.0144004 0.00981609 0.0212564 0.0653109 0.0347465 0.0105116 0.00926392 0.0125355 0.017329 0.0117449 -0.0092806 -0.0445997 0.0397504 0.0109606 -0.00134838
internal_weight=11686.6 7542.91 5469.91 4767.48 3994.53 3916.6 3853.2 1021.25 2831.96 2409.83 2405.57 772.951 2285.63 2171.84 946.975 2165.21 1297.57 867.643 702.426 422.126 1290.62 924.305 771.344 573.383 474.531 104.807 29.3825 113.782 37.1393 197.961
internal_count=143531 52097 28583 21292 16230 15592 15069 4007 11062 8920 8901 5062 8343 7891 3275 7863 4450 3413 7291 2142 4426 3088 2611 1909 1541 330 98 452 138 702
is_linear=0
shrinkage=0.1


Tree=58
num_leaves=31
num_cat=0
split_feature=31 31 31 5 8 0 7 32 14 8 5 5 20 21 21 0 25 6 3 5 20 34 12 25 8 9 35 2 25 35
split_gain=1354.95 1656.79 363.528 127.818 32.9091 31.3912 18.6949 16.667 14.273 12.257 10.101 47.7696 9.89214 8.85218 17.4313 8.58883 9.80343 8.31636 7.65974 7.53758 8.36765 7.17195 6.46164 10.7502 8.32859 10.5168 5.8193 5.71658 5.5963 5.64934
threshold=6.4051489207289158 5.6000049957114308 5.4500000000000011 0.28665966950380045 7.9747254713304363 24.025468460405094 3.9999698480228596 98.001889275943952 0.99998693382312853 3.0004720400429199 7.9713708910364298 1.0000867206522146 36.786950669863721 0.99788035491840443 1.0000000180025095e-35 44.000055775853518 0.57358720118361051 7.9999628160976615 64.127068956739819 0.99811100428669308 52.836653738322788 169.99945035689845 7.9997629355875626 0.56486211887393678 8.0018873149110643 8.2363562166426227 72.000009295975602 176.09837613355327 0.46500718821047288 99.000327270889201
decision_type=2 2 2 2 2 2 2 2 2 2 2 2 2 2 2 2 2 2 2 2 2 2 2 2 2 2 2 2 2 2
left_child=1 2 -1 17 5 -5 7 -7 9 10 11 12 -9 14 15 16 -12 -4 21 -14 26 -17 23 24 -6 -26 -21 -18 29 -20
right_child=-2 -3 3 4 22 6 -8 8 -10 -11 13 -13 19 -15 -16 18 27 -19 28 20 -22 -23 -24 -25 25 -27 -28 -29 -30 -31
leaf_value=-0.068807766458514372 -0.06880769335783829 0.068893430341136222 -0.063079836629936409 -0.054957862037283089 -0.0326314618761804 -0.023523227480366105 -0.067716260796968533 -0.069590245760434558 -0.066354407264946541 0.095593650381107828 -0.0058783473402184679 0.078341598282151315 0.07683796405945692 -0.022886535240898127 0.15064878530687884 -0.014227042978968266 0.025178934654830482 0.0084317432033120376 0.0067133701762533389 -0.012031778226211886 -0.062174236709972276 0.0085784872278336071 -0.062515452553622536 0.1289217921322002 0.24287203245734013 -0.027892457944002372 0.013091880942113096 0.13212399709427899 0.016995508727180222 0.11426535708719257
leaf_weight=1071.5701585523784 2158.404137738049 3892.433621250093 355.15513639524579 88.744828432798386 171.84565825387836 182.26295340806246 34.78980540856719 15.963360629975794 25.96074753254652 15.92777508497238 804.37129530310631 109.7731411755085 16.478166520595551 115.45480563491583 8.2436632886528951 174.67962571978569 62.115746833384037 17.042605444788933 8.2274476587772387 105.42767856642604 16.405199397355318 654.88561972975731 60.507807154208422 4.4386012479662886 2.5192188099026671 3.3315294459462166 734.50448590517044 5.435599908232688 535.68183016031981 12.017382420599459
leaf_count=23514 48378 43056 6907 1011 2014 1430 522 219 416 92 4481 744 119 602 33 810 252 74 47 454 195 2822 754 33 18 30 2619 22 1811 52
internal_value=0.00257648 0.0191327 -0.0166446 -0.00377176 0.00148155 0.00380453 0.00523774 0.00594201 0.00751159 0.00807633 0.00766387 0.016106 0.00841923 0.00412357 0.00549997 0.00496991 -0.00280552 -0.0598054 0.00986317 0.00984599 0.00855689 0.00377638 -0.0342029 -0.0247971 -0.0286368 0.0886935 0.00993838 0.0337844 0.018946 0.0705565
internal_weight=11464.6 9306.2 5413.76 4342.19 3969.99 3727.35 3638.61 3603.82 3421.55 3395.59 3379.67 998.552 888.779 2381.11 2265.66 2257.41 871.923 372.198 1385.49 872.816 856.337 829.565 242.643 182.135 177.696 5.85075 839.932 67.5513 555.927 20.2448
internal_count=143531 95153 52097 28583 21602 18753 17742 17220 15790 15374 15282 4350 3606 10932 10330 10297 4755 6981 5542 3387 3268 3632 2849 2095 2062 48 3073 274 1910 99
is_linear=0
shrinkage=0.1


Tree=59
num_leaves=31
num_cat=0
split_feature=31 31 18 15 19 25 5 34 20 14 31 7 7 25 2 7 9 27 34 6 25 4 33 23 35 20 14 33 34 23
split_gain=4336.77 2.64436 1.73716 7.45896 11.7079 2.68284 2.08556 4.4136 3.81461 3.17656 1.80212 1.64947 4.97853 4.7058 1.64282 3.26054 1.99397 4.53121 1.30161 6.49304 0.937272 4.54742 1.79544 1.43493 3.06915 5.42699 2.43748 2.33968 6.46573 1.35699
threshold=6.4051489207289158 5.9072426333762333 1000.8635582462206 2.0309910489648288 170.28145517414308 0.58267037170471558 1.4248529255552376 291.04424081531926 35.474083307523465 0.43990696718827221 6.2860469644010042 2.1822110498596516 2.2462372220503797 0.55629386150747295 148.90030966913864 2.6644888953556811 1.6403479751705328 11.99989858974922 133.0020140027743 1.2253052890196898 0.55362742704479029 76.400452873159864 48.279058621723912 0.02456586828226082 266.00829249243219 45.139532238350192 0.026490196461288754 62.384099598516933 144.00021900246546 0.24425792890153478
decision_type=2 2 2 2 2 2 2 2 2 2 2 2 2 2 2 2 2 2 2 2 2 2 2 2 2 2 2 2 2 2
left_child=1 20 3 18 10 -6 -4 8 9 -8 -5 -10 13 -13 15 -14 17 -16 19 -3 -1 -22 -23 -24 27 26 -26 28 -25 -29
right_child=-2 2 6 4 5 -7 7 -9 11 -11 -12 12 14 -15 16 -17 -18 -19 -20 -21 21 22 23 24 25 -27 -28 29 -30 -31
leaf_value=-0.068839418858189907 0.07109033507013586 -0.059152435878426779 -0.066255934023913096 -0.069050954318239183 0.027301883528166884 0.15528152790146235 -0.034874833508981296 0.058308378096193436 -0.066709259104771212 0.13401434522208674 0.039933606476303736 -0.069020155946232523 0.12838180861160964 0.17204010517098708 0.11786538015404716 -0.069079029934793409 -0.066411269731158018 -0.068886539109573444 -0.069069453258288213 0.2013370809839754 0.096614699324778411 0.032862292387566189 -0.067282811436481738 0.12491722542546708 0.013408164588277699 -0.069397327447065754 0.16530138172210232 -0.017495337212855667 -0.069190991351823231 -0.068004760432603839
leaf_weight=3383.7756583597511 4177.7817081212997 8.2725316770374757 562.5812355466187 10.362319942563774 2.5744567178189746 4.5030864216387272 2.7355202697217456 3.4875108376145354 88.542169008404016 1.878367982804775 1.7774981483817089 1.3673060610890382 1.4446677379310124 1.9861218109726904 2.0118598006665698 1.9855508692562578 36.661452010273933 3.6678795330226421 61.262677360326052 1.0820677615702141 1.7367904484271992 1.8561212681233872 683.31275048479438 2.5031334161758414 2.2937689162790758 5.1318454444408417 1.9585934951901434 5.6845467761158934 5.4574818164110184 82.723774142563343
leaf_count=64530 48378 148 11976 213 28 26 35 26 1862 15 29 28 16 17 28 40 746 78 1256 15 14 24 11982 29 30 97 16 106 107 1636
internal_value=-0.00402397 -0.0671064 -0.0618325 -0.0487326 0.00650388 0.108729 -0.0634939 -0.0528341 -0.0555584 0.0338819 -0.0530936 -0.058556 -0.0438606 0.0737517 -0.0524774 0.0140834 -0.0578697 -0.00273585 -0.0637643 -0.029021 -0.0681144 -0.0650192 -0.0653741 -0.0656052 -0.0547654 -0.000172941 0.0833686 -0.0600815 -0.00815566 -0.0647571
internal_weight=9152.4 4974.62 798.184 89.8346 19.2174 7.07754 708.35 145.768 142.281 4.61389 12.1398 137.667 49.1248 3.35343 45.7714 3.43022 42.3412 5.67974 70.6173 9.3546 4176.43 792.659 790.922 789.066 105.753 9.38421 4.25236 96.3689 7.96062 88.4083
internal_count=143531 95153 16582 1715 296 54 14867 2891 2865 50 242 2815 953 45 908 56 852 106 1419 163 78571 14041 14027 14003 2021 143 46 1878 136 1742
is_linear=0
shrinkage=0.1


Tree=60
num_leaves=31
num_cat=0
split_feature=31 31 5 8 0 14 8 32 20 20 35 6 0 3 29 2 11 2 0 18 34 33 36 11 10 2 3 3 34 3
split_gain=2647.03 290.134 112.606 33.6746 28.7653 16.438 15.375 13.4663 12.4428 8.59811 8.1436 6.13508 5.90483 5.95089 6.5136 6.16806 6.10399 6.12797 5.72415 4.99458 4.728 6.25889 6.00437 6.85605 5.35409 13.631 6.68455 4.5821 4.72445 5.54639
threshold=5.6000049957114308 5.4500000000000011 0.28665966950380045 7.9747254713304363 27.009328575640399 0.99998693382312853 3.0004720400429199 100.00054326230924 36.786950669863721 54.803380124138151 134.00082497989214 7.9999628160976615 44.000055775853518 76.100019634152417 1.0000000180025095e-35 152.84793558907407 2.9916750384456821 174.00037558957823 43.001105095801776 1742.8598055000002 144.00021900246546 63.999870791547742 41.650496078218985 7.9999025157879391 2.9999970915648553 161.50006316065495 61.379393991141264 54.20039132641849 151.81286382734507 55.500486615122718
decision_type=2 2 2 2 2 2 2 2 2 2 2 2 2 2 2 2 2 2 2 2 2 2 2 2 2 2 2 2 2 2
left_child=1 -1 11 4 -4 6 7 18 -9 10 12 -3 20 14 -14 -15 17 19 -6 -17 21 -10 24 -24 25 26 -22 -20 -29 -30
right_child=-2 2 3 -5 5 -7 -8 8 9 -11 -12 -13 13 15 -16 16 -18 -19 27 -21 22 -23 23 -25 -26 -27 -28 28 29 -31
leaf_value=0.070512645697657861 -0.068551105879007118 0.066572787749664936 0.050807699518978289 0.048562555950877738 0.043920765307042489 0.066946197033807636 -0.097138699830411651 0.069902941057040799 -0.070202482753183137 0.060653379097683972 0.0057289880289732847 0.010058203467081198 0.012113317281076855 -0.16682759870398101 0.047800057382317684 -0.011421640681000515 0.011619663405652049 0.03658021266872593 0.043547860063948785 -0.10544794601987864 -0.040305381666543044 0.057022018097312221 0.019857261782073393 0.053379498700794517 0.01430887839159857 0.014876060848750362 -0.19558255780692257 -0.053831896339826761 -0.058386383015597093 0.022678070725428903
leaf_weight=1832.2743224427104 3650.3976106215268 589.60219974070787 232.16472288966179 356.3147818595171 201.81928231567144 59.156900987029076 12.443573700264094 37.252328041940928 4.1276328638195983 35.686991728842258 1505.9791986756027 19.855620667338371 1307.4598069190979 2.5462054982781401 53.227690793573856 9.2705540433526092 53.411995738744736 7.2041481658816329 46.679104946553707 14.462872222065924 5.0667292177677172 61.200282867997885 400.61392300203443 71.971860311925411 56.048301830887794 18.2753876298666 6.1225202605128288 11.818732604384421 9.499595142900942 75.678259618580341
leaf_count=23514 91434 6907 1694 2849 1257 610 95 361 26 308 5200 74 5067 8 232 31 171 23 254 47 27 336 1890 372 226 80 24 52 46 316
internal_value=0.000647563 0.0362393 0.0243117 0.0190203 0.0165718 0.0146175 0.0138451 0.0141907 0.0124046 0.0118117 0.0113244 0.0647316 0.0153932 0.011889 0.0135093 -0.0134826 -0.00885371 -0.0441998 0.0330604 -0.0687202 0.0235298 0.0489836 0.0205503 0.0249625 -0.00383358 -0.0383446 -0.12527 0.017805 0.00541633 0.0136372
internal_weight=10747.6 7097.24 5264.96 4655.5 4299.19 4067.02 4007.87 3995.42 3649.93 3612.68 3576.99 609.458 2071.01 1447.58 1360.69 86.8958 84.3496 30.9376 345.495 23.7334 623.427 65.3279 558.099 472.586 85.5129 29.4646 11.1892 143.676 96.9966 85.1779
internal_count=143531 52097 28583 21602 18753 17059 16449 16354 14429 14068 13760 6981 8560 5579 5299 280 272 101 1925 78 2981 362 2619 2262 357 131 51 668 414 362
is_linear=0
shrinkage=0.1


Tree=61
num_leaves=31
num_cat=0
split_feature=31 31 31 5 13 0 14 32 25 7 14 30 35 37 37 6 35 27 12 36 24 24 36 11 11 10 10 5 5 25
split_gain=1178.19 1414.69 335.217 113.073 28.9825 26.8786 22.1629 16.0412 12.1041 11.8673 9.04572 8.57518 8.33419 8.19228 42.1429 7.96749 7.04565 6.86293 6.73589 6.18333 7.40422 6.05516 6.95392 6.0487 25.3152 7.98165 23.983 8.86306 11.3733 8.27069
threshold=6.4051489207289158 5.6000049957114308 5.4500000000000011 0.28665966950380045 7.9988468735526297 24.025468460405094 0.99998693382312853 98.001889275943952 0.39850792303535865 3.9999698480228596 1.0000000180025095e-35 1.3333325603523505 53.008262816726948 0.99994764460092833 0.0030789039529736111 7.9999628160976615 186.00257332155823 5.1264275966672042 2.0005507133834062 52.164606287439469 29.52726257746097 23.570656772409762 37.558616644892119 7.9999025157879391 5.0002277014888366 5.0000803547617982 5.9998872388027653 7.9713708910364298 1.0000867206522146 0.58681372427607192
decision_type=2 2 2 2 2 2 2 2 2 2 2 2 2 2 2 2 2 2 2 2 2 2 2 2 2 2 2 2 2 2
left_child=1 2 -1 15 5 -5 7 16 -9 10 11 12 19 14 18 -4 -7 -15 23 -10 -21 -19 -23 24 25 27 -27 28 -14 -29
right_child=-2 -3 3 4 -6 6 -8 8 9 -11 -12 -13 13 17 -16 -17 -18 21 -20 20 -22 22 -24 -25 -26 26 -28 29 -30 -31
leaf_value=-0.068536056078029775 -0.068536012850448455 0.06802422240129212 -0.062046777585158634 -0.053268658548029937 -0.060322690241383217 -0.02695654809929466 -0.065364098773187759 -0.032831456997627947 -0.032684014372447501 -0.070675240835494063 0.075024983921000141 -0.057109297808103823 0.016136348439594196 -0.037162355699940523 0.10944900090829486 0.0080778481329102595 0.045026764719879542 -0.016356055083157017 0.11810063300260723 -0.0012546200184008558 0.15141649927297138 0.076364134798399264 0.005198022269403346 0.0020624273617400857 0.11127986155429979 0.12150153748411099 0.017688314711082696 0.0020020576998912034 0.077131902458435625 0.03247719950220794
leaf_weight=943.01603796333075 1899.4886069744825 3453.6031486615539 316.77312849089503 81.997515711933374 72.806782584637403 189.50554364174604 44.72475665435195 74.490865897387266 80.53277874365449 19.10636081174016 20.230910945683718 20.133775874972343 382.62468724325299 62.189357474446297 42.867387324571609 17.075852081179619 14.648502789437769 82.652237240225077 5.7067587077617636 127.04674090817571 3.2580863907933226 18.388852410018444 54.199585247784853 816.45483572408557 25.484306365251541 24.062033176422119 296.079356264323 1209.4563280716538 33.223966009914875 96.131642170250416
leaf_count=23514 48378 43056 6907 1007 914 1724 764 798 542 296 181 234 1429 323 242 74 85 435 37 867 12 69 234 3872 146 90 1076 5628 251 346
internal_value=0.00276304 0.018459 -0.0146199 -0.00260536 0.00217838 0.00336799 0.00460866 0.00545482 0.00704668 0.0079153 0.00835685 0.00795787 0.00834772 0.00963624 0.0110251 -0.05846 -0.0217916 -0.00909253 0.00956476 -0.0109003 0.0025627 0.00215224 0.0232266 0.00934996 0.0122284 0.010992 0.025491 0.00829556 0.0210095 0.00424597
internal_weight=10528 8628.47 5174.87 4231.85 3898 3825.2 3743.2 3698.47 3494.32 3419.83 3400.72 3380.49 3360.36 3149.52 2932.09 333.849 204.154 217.43 2889.22 210.838 130.305 155.241 72.5884 2883.52 2067.06 2041.58 320.141 1721.44 415.849 1305.59
internal_count=143531 95153 52097 28583 21602 20688 19681 18917 17108 16310 16014 15833 15599 14178 13117 6981 1809 1061 12875 1421 879 738 303 12838 8966 8820 1166 7654 1680 5974
is_linear=0
shrinkage=0.1


Tree=62
num_leaves=31
num_cat=0
split_feature=31 31 18 15 19 5 34 20 35 0 6 6 19 19 35 31 25 31 34 6 25 4 34 23 33 23 7 33 10 15
split_gain=3793.24 2.91743 1.87256 7.56419 10.4686 2.29173 4.29624 3.87191 7.25265 2.21773 2.64179 4.949 4.6098 5.56519 5.91381 2.90378 2.15289 1.80805 1.41213 6.09827 1.04764 4.24456 1.95665 1.55504 3.17186 3.11703 3.82343 2.56375 6.03585 1.04665
threshold=6.4051489207289158 5.9072426333762333 1000.8635582462206 2.0309910489648288 170.28145517414308 1.4248529255552376 291.04424081531926 41.322128782962373 241.00653629168519 64.605417964453196 6.7188516029697114 4.2236066430492576 318.10448295506961 309.89070084141036 147.00012354431868 6.2999581821812223 0.58267037170471558 6.2860469644010042 133.0020140027743 3.1622297373642416 0.55362742704479029 76.400452873159864 99.324308117898298 0.02456586828226082 100.01982341896981 0.24425792890153478 2.0086925662323827 62.384099598516933 1.9919886098198929 2.4350011380807599
decision_type=2 2 2 2 2 2 2 2 2 2 2 2 2 2 2 2 2 2 2 2 2 2 2 2 2 2 2 2 2 2
left_child=1 20 3 18 17 -4 7 8 -7 -9 11 15 13 14 -13 -11 -6 -5 19 -3 -1 -22 -23 29 25 26 -25 28 -27 -24
right_child=-2 2 5 4 16 6 -8 9 -10 10 -12 12 -14 -15 -16 -17 -18 -19 -20 -21 21 22 23 24 -26 27 -28 -29 -30 -31
leaf_value=-0.068511454695287452 0.070512780460983832 -0.057490309599714233 -0.065639222942663319 -0.068754068547851308 0.030454468454404162 -0.051981202930095997 0.058974138220276931 -0.067428944463605381 0.14995777829284093 -0.068669248782679257 -0.068686058820723969 -0.070172194468613655 -0.06928679740764275 0.24024895912747551 0.18335273018372866 0.095356387229106943 0.14541906166195714 0.042483929149088759 -0.068770679402416865 0.19378593005743872 0.088238607276858227 0.042501240378985033 -0.068112130046013936 0.10344313231071529 0.067886029977439019 0.11812278661410668 -0.047775203654261841 -0.066460978201622598 -0.069397084952956184 -0.054355932961648007
leaf_weight=3027.513512564823 3692.078839302063 7.5147986151278001 497.46059621497989 9.1438331268727797 2.5162596479058257 5.535351347178219 3.4732386395335189 82.346751723438501 2.6204663552343845 11.547006770968439 15.806390792131422 2.3745261207222925 2.4100347347557545 1.8147177249193189 1.5021215379238126 1.1905773952603329 4.6190294474363327 1.7390922605991352 54.061142526566982 1.1082772761583326 1.8206158131360997 1.7002931647002686 554.67654359340668 2.6312607154250136 2.1215476654469958 2.5962801910936824 4.5865439921617508 78.386441931128502 5.0654987320303917 61.436036501079798
leaf_count=64530 48378 150 11976 213 28 94 26 1978 22 273 373 38 47 11 13 16 26 29 1256 13 14 21 10548 37 31 38 95 1725 98 1434
internal_value=-0.00442677 -0.0665842 -0.0607015 -0.0463623 0.010741 -0.0625439 -0.0507558 -0.0537532 0.0129018 -0.0583218 -0.0378569 -0.014473 0.046633 0.0957198 0.0280635 -0.0533378 0.104877 -0.0509782 -0.0627763 -0.0251951 -0.0676984 -0.0642556 -0.0646449 -0.0649009 -0.0530195 -0.0557698 0.00735165 -0.0610645 -0.00585386 -0.0667404
internal_weight=8143.4 4451.32 708.784 80.7024 18.0182 628.082 130.621 127.148 8.15582 118.992 36.6454 20.839 8.1014 5.69137 3.87665 12.7376 7.13529 10.8829 62.6842 8.62308 3742.53 715.021 713.2 711.5 95.3876 93.266 7.2178 86.0482 7.66178 616.113
internal_count=143531 95153 16582 1715 296 14867 2891 2865 116 2749 771 398 109 62 51 289 54 242 1419 163 78571 14041 14027 14006 2024 1993 132 1861 136 11982
is_linear=0
shrinkage=0.1


Tree=63
num_leaves=31
num_cat=0
split_feature=31 31 6 8 0 14 8 3 0 7 7 18 26 26 9 9 9 9 18 2 10 5 19 10 10 10 25 34 32 4
split_gain=2263.07 280.379 103.961 29.135 25.7048 14.7772 13.085 10.7085 7.05843 7.01105 23.9516 6.9278 6.88758 60.5311 12.0784 12.0353 7.20739 30.1229 6.79922 6.54083 6.35639 6.24247 5.94128 5.83082 6.13579 7.86048 6.23402 5.73306 5.50371 5.28511
threshold=5.6000049957114308 5.4500000000000011 0.02581851184694817 7.9747254713304363 30.0021227740543 0.99998693382312853 3.0004720400429199 57.02762567839715 24.025468460405094 1.0000092959755851 1.9991072473805913 3765.4182539085996 1.0000000180025095e-35 0.99883975639068245 2.9929295703187844 2.0003650853920298 1.0001023725258471 1.9939837295098697 1349.9570500411278 141.70329284944205 4.0000495923495549 7.9713708910364298 221.60511408085645 7.9277153157001656 4.0000495923495549 4.9999488137370776 0.50416005955335763 248.00207596604244 144.52456009322273 73.000440140624633
decision_type=2 2 2 2 2 2 2 2 2 2 2 2 2 2 2 2 2 2 2 2 2 2 2 2 2 2 2 2 2 2
left_child=1 -1 21 4 8 6 7 9 -4 -6 -11 18 14 -14 15 16 22 -18 19 -12 -20 -3 -9 24 26 -26 28 -19 -24 -22
right_child=-2 2 3 -5 5 -7 -8 12 -10 10 11 -13 13 -15 -16 -17 17 27 20 -21 29 -23 23 -25 25 -27 -28 -29 -30 -31
leaf_value=0.070014829992463806 -0.068314459848447806 0.064166759165643322 0.060864312133289578 0.045853757091372967 0.029594828904907451 0.065722539179507197 -0.094879820502189516 0.045168374790370489 0.030740585630905655 -0.11141254115367488 0.063538034418871722 -0.095184787688730177 -0.10531479981963981 0.0077753164814693514 0.034915706762530724 -0.12058095224694793 -0.11109211671352939 0.0095536912871110463 0.03628783178651971 -0.00061397169973909083 -0.012738228162194862 -0.013466653733355144 0.045956392781816367 0.075475473633947868 -0.099321324414284901 0.0048623894420859399 0.0098623312996932166 -0.040178736363245066 -0.052308255539181892 0.023188222811595445
leaf_weight=1617.6805424019694 3214.0568179301918 553.08674645423889 118.20046275109053 328.32914783060551 471.67672029882669 51.609193615615368 11.452170196920632 66.935286104679108 227.48491776362062 14.961249945685266 17.124989219009876 5.5037251114845267 49.151262510567904 1276.7188517153263 224.58740520849824 7.0727853998541823 22.99383307248354 383.3024905398488 230.40445194393396 220.96276525035501 60.85036027058959 10.555263012647627 108.25858446210623 14.891149081289766 7.4254293367266646 292.91905616223812 151.84734277427197 24.671633191406727 6.0165854394435874 125.19003950431943
leaf_count=23514 91434 7244 1012 2825 2663 572 94 227 1457 92 60 20 360 5077 872 30 92 1216 951 887 254 47 453 49 28 956 481 74 17 473
internal_value=0.000670393 0.0337539 0.0222164 0.0171672 0.0149205 0.012573 0.0118502 0.0121733 0.0410408 0.0202408 0.0137043 0.0165404 0.00866494 0.00358296 0.0138049 0.00944045 0.0102925 0.00026973 0.0174798 0.0040003 0.0251863 0.0627129 0.0169554 0.0137071 0.0120833 0.00228665 0.0231398 0.0065462 0.0407828 0.0114373
internal_weight=9915.92 6701.86 5084.18 4520.54 4192.21 3846.53 3794.92 3783.47 345.685 1146.67 674.998 660.036 2636.79 1325.87 1310.92 1086.33 1079.26 430.968 654.533 238.088 416.445 563.642 648.293 581.358 566.467 300.344 266.123 407.974 114.275 186.04
internal_count=143531 52097 28583 21292 18467 15998 15426 15332 2469 5400 2737 2645 9932 5437 4495 3623 3593 1382 2625 947 1678 7291 2211 1984 1935 984 951 1290 470 727
is_linear=0
shrinkage=0.1


Tree=64
num_leaves=31
num_cat=0
split_feature=31 31 31 5 13 0 14 35 7 24 32 12 0 37 37 6 25 21 21 25 0 0 32 25 4 30 25 30 34 35
split_gain=1024.1 1209.78 307.557 98.8973 25.813 23.2158 19.461 12.8595 10.3885 9.69806 9.17306 8.47873 8.38071 8.07455 44.9678 7.6336 7.43989 6.52727 13.7613 6.52812 6.09296 7.6521 7.23249 5.89187 5.68344 5.29077 5.25018 5.14145 4.86447 5.53614
threshold=6.4051489207289158 5.6000049957114308 5.4500000000000011 0.28665966950380045 7.9988468735526297 24.025468460405094 0.99998693382312853 59.001718755988115 3.9999698480228596 27.854297269594365 91.01827667847715 2.0005507133834062 68.000042161056527 0.99994764460092833 0.0030789039529736111 7.9999628160976615 0.39850792303535865 8.9991807487128703 1.0004188431925745 0.5926355491677423 45.000189413644037 45.81703977325899 164.01557144262543 0.4322195366615687 89.200184287927684 1.3333325603523505 0.58267037170471558 1.0158738232264939 274.40099765133289 234.01078119082493
decision_type=2 2 2 2 2 2 2 2 2 2 2 2 2 2 2 2 2 2 2 2 2 2 2 2 2 2 2 2 2 2
left_child=1 2 -1 15 5 -5 7 9 10 12 -9 13 -7 14 16 -4 -12 18 20 -19 22 -22 28 -16 -15 27 -26 -23 29 -18
right_child=-2 -3 3 4 -6 6 -8 8 -10 -11 11 -13 -14 24 23 -17 17 19 -20 -21 21 25 -24 -25 26 -27 -28 -29 -30 -31
leaf_value=-0.068299292826039582 -0.068299288396519733 0.067198466671237064 -0.060917936742394097 -0.051205935363313151 -0.058877368530096508 -0.02063389156905444 -0.064467948217520818 -0.043067277046532258 -0.070356991468652111 0.056743942317148535 -0.031689838828871782 0.12455806800356276 0.026649880788024983 -0.017572400753026473 0.23512201976905175 0.0078961421263515821 -0.0010903293362297146 -0.027411817273633701 0.11374461364105051 0.073167969423753018 0.11663433490491133 0.012132520581254365 0.12978018569165531 0.10031074975070767 0.078203168416616564 -0.049643088859046731 0.00037424274172463912 0.085244008451442144 -0.058663946271733214 0.020309620555807515
leaf_weight=829.30138665437698 1670.4652533978224 3062.0172706916928 281.80821856856346 75.126480888575315 66.812655217945576 325.38962930440903 39.953551314771175 34.594020813703537 16.942184403538704 19.750365011394024 45.661232240498066 6.3044498190283766 42.365431558340788 180.82644267752767 3.532180279493331 17.098449163138866 698.06376526504755 75.179423082619905 12.679909806698559 7.0589918605983248 7.0223099887371054 1913.7110965661705 4.4299122691154471 39.449325032532215 12.316605556756256 13.798688024282454 29.254456348717213 9.6672515831887704 13.155877240002154 146.20713425800204
leaf_count=23514 48378 43056 6907 1007 914 2643 764 332 288 94 526 46 214 999 20 74 3867 440 72 33 27 8045 13 248 53 163 112 89 52 541
internal_value=0.00293858 0.017759 -0.0127162 -0.00157716 0.00273637 0.00382759 0.00494583 0.00570412 0.00774539 -0.0115206 0.00815217 0.00870274 -0.0151868 0.00847534 0.00984284 -0.0569815 0.00836162 0.00899203 0.00980225 -0.0187785 0.00933256 0.0124351 0.00233383 0.111389 -0.00990753 0.0120573 0.0234333 0.0125 0.00167538 0.00261562
internal_weight=9699.94 8029.48 4967.46 4138.16 3839.25 3772.44 3697.31 3657.36 3269.86 387.505 3252.91 3218.32 367.755 3212.01 2989.62 298.907 2946.64 2900.97 2818.74 82.2384 2806.06 1944.2 861.857 42.9815 222.398 1937.18 41.5711 1923.38 857.427 844.271
internal_count=143531 95153 52097 28583 21602 20688 19681 18917 15966 2951 15678 15346 2857 15300 14136 6981 13868 13342 12869 473 12797 8324 4473 268 1164 8297 165 8134 4460 4408
is_linear=0
shrinkage=0.1


Tree=65
num_leaves=31
num_cat=0
split_feature=31 31 18 15 19 5 34 20 34 6 0 6 6 33 32 10 0 31 34 6 25 4 33 23 35 20 0 33 4 18
split_gain=3320.04 3.21017 2.01414 7.6355 9.33893 2.49263 4.17057 3.93524 8.42959 4.11017 2.36386 2.71407 4.67353 4.57589 7.39238 3.96062 1.99462 1.80684 1.52244 5.96874 1.17105 4.00384 1.94104 1.70732 3.32211 5.29927 2.89639 2.54627 5.89927 11.3785
threshold=6.4051489207289158 5.9072426333762333 1000.8635582462206 2.0309910489648288 170.28145517414308 1.4248529255552376 291.04424081531926 41.322128782962373 234.00325776041234 1.5532042445464735 64.605417964453196 6.7188516029697114 3.3838165620688865 71.475306462709526 131.00012132789215 3.4977366485602435 69.142898482631139 6.2860469644010042 133.0020140027743 4.5067180183978603 0.55362742704479029 76.400452873159864 48.279058621723912 0.02456586828226082 266.00829249243219 45.139532238350192 60.329844537998788 62.384099598516933 86.903384434248025 1554.8319285079758
decision_type=2 2 2 2 2 2 2 2 2 2 2 2 2 2 2 2 2 2 2 2 2 2 2 2 2 2 2 2 2 2
left_child=1 20 3 18 17 -4 7 8 9 -7 -9 12 -12 -14 15 -15 -6 -5 19 -3 -1 -22 -23 -24 27 26 -26 28 29 -25
right_child=-2 2 5 4 16 6 -8 10 -10 -11 11 -13 13 14 -16 -17 -18 -19 -20 -21 21 22 23 24 25 -27 -28 -29 -30 -31
leaf_value=-0.068211700422664362 0.070013476462866514 -0.055860744161521848 -0.065012226386071556 -0.068495122652073692 0.040293806145323942 0.11762785612598253 0.059540155749113512 -0.067027839292854677 0.26511687875545503 -0.069916443055318994 -0.058652456661094643 -0.068434883205748961 -0.068897315452849023 0.037271973655911075 -0.069409270309013865 0.22955168107105967 0.14689032740678915 0.04478820330478725 -0.068510009661523222 0.19541094730789488 0.081920199084094938 0.042957827909811348 -0.066206915486128851 -0.069119616746965928 0.17930107265199402 -0.068953107016981874 0.0086428095641632591 -0.063145498865494296 -0.069153516857301436 0.35545164130548562
leaf_weight=2709.9303005412221 3258.7571616768837 6.8694994561374179 439.85063387453556 8.0648744553327578 3.0571480318903914 1.5165250673890103 3.461182013154029 72.689863596111536 1.1625241488218305 5.0929264426231384 9.8512282557785529 13.938967220485209 2.7411638051271421 1.7274066433310507 2.1250577829778194 2.8202743530273438 4.1224824450910091 1.7057381942868222 47.683809421956539 1.0962124913930891 1.8885014504194249 1.69544107466936 556.33481251075864 1.4073318950831883 1.949403472244738 4.1835431549698114 2.0302192643284798 70.644255179911852 4.4825809709727764 1.1446190252900121
leaf_count=64530 48378 152 11976 213 34 15 26 1978 12 89 248 373 61 24 43 22 20 29 1256 11 14 24 11982 29 22 97 24 1742 96 11
internal_value=-0.00485249 -0.0660705 -0.059518 -0.0438516 0.0149101 -0.0615601 -0.0485963 -0.0518891 0.0167925 -0.0268848 -0.0569299 -0.0348236 -0.0105047 0.0398799 0.0845656 0.156516 0.101501 -0.0487183 -0.0617497 -0.0212816 -0.0672998 -0.0634729 -0.0638994 -0.0641815 -0.051055 0.00962967 0.0922391 -0.0574323 -5.73981e-05 0.121312
internal_weight=7244.03 3985.27 629.578 72.5998 16.9502 556.978 117.127 113.666 7.77198 6.60945 105.894 33.2041 19.2651 9.4139 6.67274 4.54768 7.17963 9.77061 55.6495 7.96571 3355.69 645.761 643.872 642.177 85.842 8.16317 3.97962 77.6788 7.03453 2.55195
internal_count=143531 95153 16582 1715 296 14867 2891 2865 116 104 2749 771 398 150 89 46 54 242 1419 163 78571 14041 14027 14003 2021 143 46 1878 136 40
is_linear=0
shrinkage=0.1


Tree=66
num_leaves=31
num_cat=0
split_feature=31 31 5 8 0 14 8 32 20 14 20 0 0 25 37 37 6 21 21 25 10 10 36 25 36 35 0 4 2 32
split_gain=1935.91 268.802 95.3833 25.7505 22.4408 12.9418 12.3997 12.0853 10.7108 7.83779 7.53896 8.36132 7.96652 7.89432 6.29163 25.0897 6.02543 5.44011 6.46777 5.64355 5.4279 20.125 5.85439 5.15906 5.37873 6.29707 4.97487 4.8377 4.6185 5.53545
threshold=5.6000049957114308 5.4500000000000011 0.28665966950380045 7.9747254713304363 24.025468460405094 0.99998693382312853 3.0004720400429199 98.001889275943952 36.786950669863721 1.0000000180025095e-35 53.997686383385918 44.000055775853518 44.858626786336494 0.57358720118361051 0.99994764460092833 0.0030789039529736111 7.9999628160976615 8.9991807487128703 1.0004188431925745 0.5926355491677423 4.0684869500743623 4.9999488137370776 42.869747249007816 0.49131791038985756 37.558616644892119 106.00037748369597 40.999921602938777 70.600143765209111 165.52816780183977 148.00055930432214
decision_type=2 2 2 2 2 2 2 2 2 2 2 2 2 2 2 2 2 2 2 2 2 2 2 2 2 2 2 2 2 2
left_child=1 -1 16 4 -4 6 7 27 -9 10 11 13 -13 20 15 17 -3 18 28 -19 22 -22 -10 -16 -25 -26 -5 -6 -14 -30
right_child=-2 2 3 26 5 -7 -8 8 9 -11 -12 12 14 -15 23 -17 -18 19 -20 -21 21 -23 -24 24 25 -27 -28 -29 29 -31
leaf_value=0.069583768520100578 -0.068108141143349218 0.064459727420812726 0.058801401230683087 -0.10606762972235598 0.059158689233960532 0.064444710642045003 -0.093252421158426455 0.068224002211890206 0.01254965718061382 -0.071581650863052446 0.059434783589054699 -0.13182842993491253 0.008949890586688037 -0.010622786729452105 0.046857302741706193 -0.09975689313005219 0.0076821493726907334 0.041513061679297081 -0.088921150066625446 -0.048728491506118153 -0.1214378354919675 0.013808208747000828 0.031513741618875102 -0.019630019091637346 0.0022057500196206404 0.052229462941863508 0.044631907621755465 0.025778453065996937 0.001923747651970725 -0.02931383393048699
leaf_weight=1426.6455384641886 2828.5965962456539 469.41311644017696 106.84383548796177 2.2063867375254622 59.700050853192806 47.156585782766342 11.215176168829201 32.098452087491751 255.13730276189744 11.679342234507201 31.175571516156197 4.13732168637216 1548.866002516821 94.159433273598552 66.020061932504177 22.401966361328959 19.466180354356766 70.062239237129688 7.2044534236192694 7.6908223107457152 11.372613377869127 337.98070223256946 449.72794527933002 37.205281615257263 55.684105027467012 45.913205031305552 305.65591486543417 159.18414645642042 585.60416683927178 62.812861353158951
leaf_count=23514 91434 6907 1011 16 500 611 96 368 1108 174 311 23 5782 339 295 181 74 303 54 25 47 1416 2492 122 216 162 2833 930 1990 197
internal_value=0.000693228 0.0313676 0.0202811 0.0156541 0.01357 0.0123661 0.011747 0.0120447 0.010707 0.0102087 0.0104673 0.0100504 0.00682066 0.0171199 0.00704925 0.00555653 0.062199 0.00659026 0.00567335 0.032587 0.0195978 0.0094055 0.0246494 0.0238452 0.0128997 0.0248121 0.0435519 0.0348828 0.0059835 -0.00110227
internal_weight=9173.02 6344.42 4917.78 4428.9 4121.03 4014.19 3967.03 3955.82 3736.93 3704.84 3693.16 3661.98 2513.6 1148.38 2509.47 2304.64 488.879 2282.24 2204.49 77.7531 1054.22 349.353 704.865 204.823 138.803 101.597 307.862 218.884 2197.28 648.417
internal_count=143531 52097 28583 21602 18753 17742 17131 17035 15605 15237 15063 14752 9350 5402 9327 8532 6981 8351 8023 328 5063 1463 3600 795 500 378 2849 1430 7969 2187
is_linear=0
shrinkage=0.1


Tree=67
num_leaves=31
num_cat=0
split_feature=31 31 31 5 13 0 14 32 12 34 14 20 6 31 31 1 1 25 18 25 27 10 10 36 2 19 3 3 35 35
split_gain=890.037 1035.74 280.776 86.5956 22.8865 19.5637 17.0709 11.3813 10.3401 10.6837 7.98673 7.67547 7.3842 6.68529 64.6437 35.283 25.0264 16.9713 9.03508 6.60431 8.75558 11.8061 13.2163 6.42823 6.50775 5.74592 5.69387 5.38662 5.26791 5.89554
threshold=6.4051489207289158 5.6000049957114308 5.4500000000000011 0.28665966950380045 7.9988468735526297 24.025468460405094 0.99998693382312853 91.01827667847715 2.0005507133834062 148.00200603018996 1.0000000180025095e-35 39.855311487785208 7.9999628160976615 5.5000361346034827 5.5999934808113094 1.9999498421511459 1.9999498421511459 0.43702044781098537 2608.1531199724573 0.56193000035961349 63.997068097651983 5.0433365435529813 5.9998872388027653 30.366662791564067 162.20032675993335 303.12680378933413 74.301097168344526 57.525601713312611 221.01148196420212 263.0650485609408
decision_type=2 2 2 2 2 2 2 2 2 2 2 2 2 2 2 2 2 2 2 2 2 2 2 2 2 2 2 2 2 2
left_child=1 2 -1 12 5 -5 7 -7 9 23 11 -11 -4 16 17 19 -13 -15 27 20 21 -16 -23 24 -9 -20 -27 -18 -29 -30
right_child=-2 -3 3 4 -6 6 -8 8 -10 10 -12 13 -14 14 15 -17 18 -19 25 -21 -22 22 -24 -25 -26 26 -28 28 29 -31
leaf_value=-0.068092890955352689 -0.068092905161038442 0.066400226786583347 -0.059786320336295856 -0.048817022697409757 -0.057336068057087734 -0.042470552621159723 -0.063561019638129143 -0.024246199218915829 0.13748571101033563 -0.060116630909959536 0.074337150110486166 -0.071846189676134264 0.0082023809353178219 0.24013559629250503 0.0051444526669433875 -0.071686171531949935 0.00081732553114755621 0.077991799187091676 0.090151243631912154 0.027274237456205098 -0.023743614190703595 0.11924002268957273 0.024153423260423624 -0.014086117283685001 0.07784407075887334 -0.044113399202914634 0.073449109809053212 0.0099907343551412769 0.065589680725699914 0.013895898572812796
leaf_weight=728.85708356276155 1468.1600955985487 2713.3937336914241 252.11669240891933 68.264985918998718 61.389792498201132 48.010825213044882 35.73716077953577 10.327080376446249 6.0205430164933196 16.574692726135254 18.118981990963221 42.914129629731178 17.055259115993977 6.9129371382296076 956.70304341986775 54.425616808235645 684.75674571841955 97.507191423326731 3.7990789823234072 198.46972429379821 83.003929246217012 15.799035303294657 195.45467354729772 324.69538793340325 15.792490713298319 61.985612586140633 4.4130475372076026 681.48210807144642 38.117700777947903 52.377779193222523
leaf_count=23514 48378 43056 6907 1007 914 518 764 46 49 299 182 482 74 36 3946 627 3917 781 24 642 535 54 673 2378 69 398 18 2933 129 181
internal_value=0.00310548 0.0170532 -0.0109526 -0.000675045 0.00322433 0.00422328 0.00521436 0.00589376 0.00654425 0.00632303 0.00813233 0.00775684 -0.0554784 0.00811082 0.0126421 0.00735923 0.00346859 0.0887262 0.0055853 0.0103274 0.00763867 0.00986894 0.0312647 -0.0102468 0.0374799 -0.0294564 -0.0362999 0.0072739 0.013001 0.0356699
internal_weight=8962.64 7494.48 4781.08 4052.23 3783.05 3721.66 3653.4 3617.66 3569.65 3563.63 3212.82 3194.7 269.172 3178.12 1608.28 1503.86 1569.85 104.42 1526.93 1449.43 1250.96 1167.96 211.254 350.815 26.1196 70.1977 66.3987 1456.73 771.978 90.4955
internal_count=143531 95153 52097 28583 21602 20688 19681 18917 18399 18350 15857 15675 6981 15376 7294 6477 8082 817 7600 5850 5208 4673 727 2493 115 440 416 7160 3243 310
is_linear=0
shrinkage=0.1


Tree=68
num_leaves=31
num_cat=0
split_feature=31 31 35 32 7 25 35 35 5 0 6 6 34 33 5 31 5 12 15 34 24 25 25 4 34 23 36 14 23 33
split_gain=2907.7 3.53395 2.18954 5.74365 15.409 3.30357 3.82335 1.82997 5.95229 1.58504 2.69108 6.31411 11.4321 18.1159 3.8387 4.48699 4.12886 3.14185 11.2965 3.46485 2.59179 1.36955 1.29966 3.82879 2.10291 1.84002 3.43412 8.22787 4.3539 2.70001
threshold=6.4051489207289158 5.9072426333762333 263.0650485609408 152.00007724933289 3.3244828205164567 0.62856561641395048 383.01130042645389 280.00494709213547 6.1291841740598709 60.000098808454382 2.5099404652738149 6.7188516029697114 138.00042182812447 67.845967691957554 4.8533461903305239 6.3000100808444772 5.054168958474361 3.9276554430766191 2.0309910489648288 291.04424081531926 25.003388310057087 0.60067966095443748 0.55362742704479029 76.400452873159864 99.324308117898298 0.02456586828226082 36.372185590092052 0.82169578116562692 0.43287518369860423 62.384099598516933
decision_type=2 2 2 2 2 2 2 2 2 2 2 2 2 2 2 2 2 2 2 2 2 2 2 2 2 2 2 2 2 2
left_child=1 22 9 5 -5 7 -7 8 21 -3 17 12 13 -12 15 -14 -16 19 -19 -11 -18 -4 -1 -24 -25 -26 27 28 -27 -28
right_child=-2 2 3 4 -6 6 -8 -9 -10 10 11 -13 14 -15 16 -17 20 18 -20 -21 -22 -23 23 24 25 26 29 -29 -30 -31
leaf_value=-0.067933154755772607 0.069581131520405862 -0.067234941584629157 -0.068364100242412851 -0.068338613721048061 0.41784773308612683 -0.068839757279271357 0.13700337634073115 -0.063222839855144708 0.15935356802517814 -0.06474032430293046 0.46525664066240524 -0.068335940459220937 -0.057727871892456262 -0.068674000116409367 0.19182707808614305 0.1904093351865751 -0.046660955678535246 -0.061944024544418975 0.12596349206296273 0.069046753504475214 0.084094684138410314 0.087009588754299205 0.077686787676072636 0.052740349532875153 -0.065670834624289173 0.1331004524199543 0.0033639857961566947 0.19697186422932933 -0.068929087586368565 -0.063777351820987233
leaf_weight=2427.540041115135 2873.1646023318172 199.14904510602355 5.9747311137616617 1.9055189229547971 0.99085829779505719 1.6346669644117349 2.01417351141572 38.296564646065235 1.6380603425204752 226.97837353125215 1.2759044244885474 30.65528679639101 17.777834895998247 1.2659842520952223 1.395248521119355 0.75988688692450423 4.0583483390510082 14.707978207618 4.0886772349476805 1.9524339921772469 2.4198091290891171 0.62683218717575062 1.9368649274110783 1.5616772770881642 502.73144434951246 1.2632005997002087 6.6404257677495471 1.8346280083060271 6.8579057566821575 61.094944277778268
leaf_count=64530 48378 6078 177 56 14 42 17 1132 23 6905 17 917 510 33 11 17 89 434 32 31 33 14 14 21 11982 19 134 36 167 1668
internal_value=-0.0053059 -0.0655582 -0.0582604 -0.0389379 0.097987 -0.0468404 0.0447864 -0.0540247 -0.0112731 -0.0602854 -0.0557822 -0.0367061 -0.00321663 0.199333 -0.0227107 -0.0475564 0.035788 -0.0603724 -0.0210701 -0.0635993 0.00218066 -0.053611 -0.0669143 -0.0626785 -0.0631456 -0.0634575 -0.0491349 0.0057046 -0.0375043 -0.0571952
internal_weight=6444.19 3571.03 559.566 53.0814 2.89638 50.185 3.64884 46.5362 8.23962 506.485 307.336 59.6083 28.953 2.54189 26.4111 18.5377 7.87341 247.727 18.7967 228.931 6.47816 6.60156 3011.46 583.921 581.984 580.423 77.6911 9.95573 8.12111 67.7354
internal_count=143531 95153 16582 1475 70 1405 59 1346 214 15107 9029 1627 710 50 660 527 133 7402 466 6936 122 191 78571 14041 14027 14006 2024 222 186 1802
is_linear=0
shrinkage=0.1


Tree=69
num_leaves=31
num_cat=0
split_feature=31 31 5 8 0 20 20 0 0 32 35 6 8 21 21 3 11 11 32 19 24 33 10 10 19 34 2 24 32 19
split_gain=1656.95 255.842 86.4785 21.9716 19.633 11.5259 10.7021 11.0538 8.89302 8.81768 5.96318 5.88574 5.84029 5.69183 6.68849 5.36759 6.8324 11.6397 6.60159 5.39709 5.02994 4.85563 4.75154 18.6471 5.98049 6.93963 6.91665 6.15393 5.94337 8.64974
threshold=5.6000049957114308 5.4500000000000011 0.28665966950380045 7.9747254713304363 24.025468460405094 35.825270335000006 54.534249535465882 45.000189413644037 45.81703977325899 100.00054326230924 52.001150163096433 7.9999628160976615 3.0004720400429199 8.9991807487128703 1.0004188431925745 60.230872350931065 1.0183669501848918 1.9947608132802459 162.00092129381133 217.23228158370281 27.925818462864523 56.001023890234727 4.0459465338263128 4.9999488137370776 444.38362997050046 159.77476623336585 175.60096182338626 21.226709953573231 127.55842268055802 260.7802968478897
decision_type=2 2 2 2 2 2 2 2 2 2 2 2 2 2 2 2 2 2 2 2 2 2 2 2 2 2 2 2 2 2
left_child=1 -1 11 4 -4 -6 7 9 -9 -7 -11 -3 13 14 15 16 18 -18 19 -10 -19 -17 -12 -24 27 -26 -27 28 29 -25
right_child=-2 2 3 -5 5 6 -8 8 12 10 22 -13 -14 -15 -16 21 17 20 -20 -21 -22 -23 23 24 25 26 -28 -29 -30 -31
leaf_value=0.069210163586788442 -0.067928177412461377 0.063361957750997663 0.056764969392778968 0.040963449075174005 0.065694597508487287 0.036222938372574127 0.06038696138038973 -0.10279697786655606 -0.00057483716920550358 0.037707468841385573 0.016817280680840641 0.0069379140916685789 -0.086605714677088802 0.031963546453014961 -0.084780952059970258 -0.10101152594556345 -0.11304869429553931 0.0083968154443030754 -0.057275982660275164 0.033233875932323152 -0.079400809278786066 0.0022598979943103227 -0.11043159168369886 0.05524432697913239 0.072446952504314113 -0.022225393109539932 -0.12995569145503597 0.017365220150061846 -0.11313126795073417 -0.04654238050840729
leaf_weight=1257.0795997343957 2488.4816070729867 418.01738742738962 96.946738049387932 286.54247910529375 38.452345859259367 210.76654559373856 42.833568342030048 7.4619666524231425 58.745187755674124 96.664538398385048 664.26738555915654 19.342719823122025 6.7142811408266416 86.664245514199138 8.110100679099558 4.5686790086328974 8.0745444148778898 761.39996159821749 9.6874604895710927 240.61861360631883 6.5816543549299231 1315.4511386267841 14.016661493107675 13.458002489060162 5.9980798810720435 30.423828355967999 7.4114524200558654 274.67004084400833 6.3246720135211936 21.990897215902805
leaf_count=23514 91434 6907 1011 2849 512 1527 528 39 256 612 3184 74 78 405 76 19 59 3163 32 1030 21 4690 69 82 23 116 29 1038 28 126
internal_value=0.000707866 0.0290833 0.0184909 0.0142056 0.012307 0.0112134 0.0106767 0.0101251 0.00620953 0.0174386 0.0139511 0.0608665 0.00653403 0.00678419 0.00587995 0.00618565 0.0113961 0.00638862 0.0239703 0.0265995 0.00764438 0.00190247 0.0117399 0.00272908 0.00713162 -0.0274859 -0.0433284 0.0119268 -0.023832 -0.00789955
internal_weight=8507.77 6019.28 4762.21 4324.85 4038.3 3941.36 3902.9 3860.07 2514.08 1345.99 1135.23 437.36 2506.62 2499.9 2413.24 2405.13 1085.11 776.056 309.051 299.364 767.982 1320.02 1038.56 374.294 360.277 43.8334 37.8353 316.444 41.7736 35.4489
internal_count=143531 52097 28583 21602 18753 17742 17230 16702 9868 6834 5307 6981 9829 9751 9346 9270 4561 3243 1318 1286 3184 4709 4695 1511 1442 168 145 1274 236 208
is_linear=0
shrinkage=0.1


Tree=70
num_leaves=31
num_cat=0
split_feature=31 31 31 5 13 0 14 32 12 25 7 14 6 11 11 11 11 11 11 27 10 10 36 25 32 2 34 3 32 4
split_gain=773.262 887.997 254.947 74.8108 20.273 16.3475 14.9136 9.67276 9.56392 9.40865 8.93724 7.17137 7.00646 6.35859 44.0322 9.27087 28.8938 7.61836 35.6304 7.92631 6.70798 13.9613 6.56876 6.49234 6.42319 6.10331 6.32132 6.03413 8.8027 5.9283
threshold=6.4051489207289158 5.6000049957114308 5.4500000000000011 0.28665966950380045 7.9988468735526297 24.025468460405094 0.99998693382312853 91.01827667847715 2.0005507133834062 0.39850792303535865 3.9999698480228596 1.0000000180025095e-35 7.9999628160976615 1.0000102589804476 1.9947608132802459 7.9999025157879391 5.0002277014888366 2.0000405439524505 2.9916750384456821 5.9999898939214322 5.0000803547617982 5.9998872388027653 72.000744394553166 0.45714802355885892 175.7334470406457 169.53765546679116 252.00097047291516 60.123308026504588 162.00092129381133 107.22926069673797
decision_type=2 2 2 2 2 2 2 2 2 2 2 2 2 2 2 2 2 2 2 2 2 2 2 2 2 2 2 2 2 2
left_child=1 2 -1 12 5 -5 7 -7 9 -9 11 13 -4 27 -15 16 17 -16 23 -20 24 -22 25 -19 29 -17 -27 28 -11 -21
right_child=-2 -3 3 4 -6 6 -8 8 -10 10 -12 -13 -14 14 15 22 -18 18 19 20 21 -23 -24 -25 -26 26 -28 -29 -30 -31
leaf_value=-0.067912864736826145 -0.067912896808899392 0.065613887494833822 -0.058511282646345253 -0.046335521565914806 -0.055820034093623142 -0.040091947647969743 -0.062622107593089019 -0.028920471668056613 0.13888933386951491 -0.012407294958052408 -0.069919062777004021 0.073553400662429255 0.0079002239992167888 0.1219503026400983 0.00057983286339905469 0.0040988844641027698 0.1112948028509525 0.26224702959891849 0.11841208902003014 0.005839010705287799 0.11310510479678351 0.019633302873227312 -0.060978367135112045 0.10328978205744084 0.12446912423952566 -0.027858686630691971 0.11358026208754263 0.0077278678334853582 0.083226154618282533 0.10811760534976156
leaf_weight=640.23668720200658 1289.6684039756656 2403.8152593784034 224.68432202748954 62.185966532677412 56.575919879600406 44.989297609776258 31.968484956771135 73.978259563446045 5.4540903568267813 366.69050763547421 14.992321310564874 16.337682757526636 17.094545498490334 34.357171632349491 487.81093291938305 913.1950991936028 29.226162031292915 2.7999859377741805 6.9988253042101851 785.70308712869883 17.259880911558867 215.41267778351903 17.047898139804602 31.207609802484512 4.6486021466553202 89.266510132700205 3.2758306041359893 401.1990429982543 9.8843509368598443 5.7082648128271094
leaf_count=23514 48378 43056 6907 1007 914 518 764 941 49 2172 301 185 74 206 2371 4781 192 16 44 3601 70 788 127 181 16 522 11 1765 35 25
internal_value=0.00325303 0.0163383 -0.0093546 8.9126e-05 0.00358496 0.00450033 0.00537617 0.00598382 0.00657064 0.00636602 0.00712201 0.00745796 -0.0538158 0.00714237 0.00948047 0.00799971 0.012785 0.0109366 0.0156593 0.0123523 0.0116308 0.0265671 0.000575634 0.116377 0.00726516 0.00161901 -0.022852 -0.000805617 -0.0098971 0.00657672
internal_weight=8303.67 7014.01 4610.19 3969.95 3728.17 3671.6 3609.41 3577.44 3532.45 3527 3453.02 3438.03 241.779 3421.69 2643.92 2609.56 1586.78 1557.55 1069.74 1035.73 1028.73 232.673 1022.79 34.0076 796.06 1005.74 92.5423 777.774 376.575 791.411
internal_count=143531 95153 52097 28583 21602 20688 19681 18917 18399 18350 17409 17108 6981 16923 12951 12745 7304 7112 4741 4544 4500 858 5441 197 3642 5314 533 3972 2207 3626
is_linear=0
shrinkage=0.1


Tree=71
num_leaves=31
num_cat=0
split_feature=31 31 35 32 7 25 36 35 5 0 6 6 34 4 5 31 12 15 34 5 10 24 25 4 34 23 23 33 33 34
split_gain=2547.06 3.87698 2.31726 5.21212 10.2246 3.22394 4.75429 1.8987 5.12767 1.73403 2.85563 6.42104 8.90353 13.0002 3.66555 3.83735 3.29158 10.3016 3.40881 3.26628 2.44683 3.30055 1.44325 3.62137 2.06465 2.00906 3.59811 3.33708 2.4314 5.64567
threshold=6.4051489207289158 5.9072426333762333 263.0650485609408 152.00007724933289 3.3244828205164567 0.62856561641395048 34.724045637910372 280.00494709213547 6.1291841740598709 60.000098808454382 2.5099404652738149 6.7188516029697114 138.00042182812447 79.682185266332127 4.8533461903305239 6.3000100808444772 3.9276554430766191 2.0309910489648288 291.04424081531926 5.054168958474361 3.4977366485602435 25.003388310057087 0.55362742704479029 76.400452873159864 99.324308117898298 0.02456586828226082 0.071502769734750907 100.01982341896981 62.384099598516933 144.00021900246546
decision_type=2 2 2 2 2 2 2 2 2 2 2 2 2 2 2 2 2 2 2 2 2 2 2 2 2 2 2 2 2 2
left_child=1 22 9 5 -5 7 -7 8 -4 -3 16 12 13 -12 15 -14 18 -18 -11 -16 -21 -22 -1 -24 -25 -26 -27 28 29 -28
right_child=-2 2 3 4 -6 6 -8 -9 -10 10 11 -13 14 -15 19 -17 17 -19 -20 20 21 -23 23 24 25 26 27 -29 -30 -31
leaf_value=-0.067670504342145374 0.069206268115743361 -0.066912456854394703 -0.051707699471941454 -0.068133033210587932 0.30928732914868945 0.1642960102401364 -0.068669241077353435 -0.062359586600950159 0.14337979137138279 -0.064099339507692712 0.36203916068386277 -0.068132523151031785 -0.05616262261155866 -0.06861455659266423 0.17153062572704533 0.16144698369279276 -0.060878074810177776 0.11999807310338284 0.068439438227775581 -0.069256027542814722 -0.02376773016602297 0.1693160401553894 0.072543925375836926 0.052287039000420733 -0.065129402654752824 0.10952317726951455 0.12103776231059658 0.078563898112523289 -0.060338862411385599 -0.068586748187765639
leaf_weight=2174.6158747319132 2530.8028177991509 175.70004788413644 5.9081268701702347 1.6800410710275167 1.2532142400741575 1.7498066611587995 1.7541909776628015 33.934189779683948 1.7452848069369791 200.72800951078534 1.5597325935959845 27.027020055800676 15.853225409984592 1.2731145191937683 1.4885084964334954 0.85400745272636491 13.058341192081572 4.1493105925619593 1.9594600573182095 2.5190825071185827 2.0618594046682124 1.5514702536165712 1.9975883066654194 1.5662894323468197 454.61783495917916 1.439195655286311 2.5284721963107577 1.9544850848615158 60.262262646108866 4.1423743534833193
leaf_count=64530 48378 6078 191 56 14 11 48 1132 23 6905 16 917 510 34 11 17 434 32 31 57 51 14 14 21 11982 27 30 31 1825 111
internal_value=-0.00576342 -0.0650379 -0.0569281 -0.0360483 0.0931174 -0.0444507 0.0476676 -0.0522122 -0.00721993 -0.0591575 -0.0541862 -0.0336241 0.000714058 0.168498 -0.0188233 -0.0450393 -0.0592532 -0.0172631 -0.062818 0.0386497 0.00639576 0.0591374 -0.0665314 -0.0618443 -0.0623542 -0.0626962 -0.0469672 -0.0502366 -0.0539976 0.00328723
internal_weight=5731.74 3200.93 497.808 48.0249 2.93326 45.0916 3.504 41.5876 7.65341 449.783 274.083 54.188 27.161 2.83285 24.3282 16.7072 219.895 17.2077 202.687 7.62092 6.13241 3.61333 2703.12 528.509 526.511 524.945 70.3268 68.8876 66.9331 6.67085
internal_count=143531 95153 16582 1475 70 1405 59 1346 214 15107 9029 1627 710 50 660 527 7402 466 6936 133 122 65 78571 14041 14027 14006 2024 1997 1966 141
is_linear=0
shrinkage=0.1


Tree=72
num_leaves=31
num_cat=0
split_feature=31 31 6 13 0 14 25 14 32 20 5 34 24 36 21 21 7 24 4 35 33 24 33 25 33 35 24 27 27 10
split_gain=1418.6 242.19 78.3838 18.8506 16.5442 14.2733 11.0033 8.76807 8.29809 6.27164 5.99127 5.70867 5.12875 4.66077 4.62626 17.7541 6.28236 4.51098 4.60783 4.45039 4.39857 6.69994 4.32639 4.25299 8.63402 4.22247 4.15892 5.17406 10.8796 18.036
threshold=5.6000049957114308 5.4500000000000011 0.02581851184694817 7.9988468735526297 24.025468460405094 0.99998693382312853 0.41105684048410845 1.0000000180025095e-35 98.001889275943952 60.201788705762532 7.9713708910364298 148.00200603018996 20.233850464788407 33.29955939267159 0.99788035491840443 1.0000000180025095e-35 2.0000072118457903 23.053148184366076 96.400024174753966 257.00001454217579 69.445941854979438 24.373866689405983 91.999704544768989 0.4155760798039157 70.98901965902904 225.13948541872628 27.602139238685904 4.0002507619988021 5.9999898939214322 4.9999488137370776
decision_type=2 2 2 2 2 2 2 2 2 2 2 2 2 2 2 2 2 2 2 2 2 2 2 2 2 2 2 2 2 2
left_child=1 -1 10 4 -4 6 22 8 12 11 13 19 -8 20 15 26 -16 -18 -19 23 21 -3 -6 24 -10 -14 27 -13 29 -29
right_child=-2 2 3 -5 5 -7 7 -9 9 -11 -12 14 25 -15 16 -17 17 18 -20 -21 -22 -23 -24 -25 -26 -27 -28 28 -30 -31
leaf_value=0.06888581927849409 -0.067771132975760442 -0.19786674564073875 0.054716348067109871 0.061561959888744335 0.036306196837558154 0.064179404868944509 0.06456089779777667 -0.078531750775855919 -0.16646923898036822 0.064543280691761309 -0.016803897422705161 0.016085885280581969 0.025858806022740512 0.062824576172921143 0.040766839865134574 -0.11256344497729064 0.042133865063896714 -0.024152284270300292 0.070641811007723446 -0.031772991149350324 0.037095847130292479 0.070460158550281052 -0.080124192282681653 0.024537033941786222 0.076481278054707821 -0.043048638973392631 -0.0025545709459983681 -0.12881316821687977 0.0066850562339688356 -0.0030665920217702275
leaf_weight=1106.8129045441747 2188.6860840218142 2.2272033654153378 88.105560287833214 77.699816390872002 179.35033822618425 49.6914919950068 34.029497295618057 11.381991354748605 3.3629898950457564 19.696731608361006 10.256426244974135 588.52563583105803 156.55071330070496 381.78895642235875 90.062846388667822 12.617356367409228 19.702401712536812 47.36995348520577 5.7503052763640872 15.589957965537904 12.235875789076088 1.5983818992972372 3.2493029162287703 313.15795856527984 2.5888099297881126 9.4282653927803022 452.37377640791237 15.705265237018464 1980.1340500758961 41.67092701792717
leaf_count=23514 91434 34 1008 868 1636 727 321 186 31 228 47 2603 1076 6973 485 95 101 203 22 54 213 24 17 1643 19 43 1566 106 8089 165
internal_value=0.00071738 0.0268655 0.0168116 0.0127625 0.0118466 0.0109145 0.0102531 0.00910672 0.00936865 0.00826966 0.0586592 0.00796079 0.0291953 0.0606046 0.00668162 0.00581605 0.0231072 0.00126688 -0.0138908 0.0203968 0.00783446 -0.0857561 0.0342344 0.0229455 -0.0607949 0.0219446 0.00630124 0.00782679 0.00544119 -0.0374865
internal_weight=7921.4 5732.72 4625.9 4217.8 4140.1 4051.99 4002.3 3819.7 3808.32 3608.31 408.107 3588.61 200.008 397.85 3253.91 3091.03 162.886 72.8227 53.1203 334.7 16.0615 3.82559 182.6 319.11 5.9518 165.979 3078.41 2626.04 2037.51 57.3762
internal_count=143531 52097 28583 21292 20424 19416 18689 17036 16850 15410 7291 15182 1440 7244 13435 12624 811 326 225 1747 271 58 1653 1693 50 1119 12529 10963 8360 271
is_linear=0
shrinkage=0.1


Tree=73
num_leaves=31
num_cat=0
split_feature=31 31 31 6 13 0 14 12 34 14 8 5 25 32 35 35 30 30 25 27 34 32 11 11 22 37 35 19 24 32
split_gain=671.685 761.764 230.665 64.5331 18.307 13.7436 12.0496 9.05462 8.91618 7.92018 7.70719 7.51033 7.20764 7.10035 7.15014 5.58157 5.5411 5.19806 4.79587 5.52552 7.85346 4.72081 4.60648 35.1244 7.94951 5.59963 5.40386 4.95119 7.81451 5.49472
threshold=6.4051489207289158 5.6000049957114308 5.4500000000000011 0.307916612642544 7.9988468735526297 24.025468460405094 0.99998693382312853 2.0005507133834062 148.00200603018996 1.0000000180025095e-35 8.0018873149110643 7.9713708910364298 0.4876728696566936 93.00399945535824 215.0013029070565 223.33631604039701 1.3333325603523505 1.0158738232264939 0.40371871613430826 3.9855558493695336 191.74869637537159 119.97852764407439 1.0000102589804476 1.9947608132802459 8.9991807487128703 0.99994764460092833 70.001113159891858 393.1863314257925 28.566477750585431 162.00092129381133
decision_type=2 2 2 2 2 2 2 2 2 2 2 2 2 2 2 2 2 2 2 2 2 2 2 2 2 2 2 2 2 2
left_child=1 2 -1 11 5 -5 7 8 15 10 13 -4 -12 14 -10 -7 17 18 19 20 -15 -13 25 -24 -25 26 -20 29 -29 -28
right_child=-2 -3 3 4 -6 6 -8 -9 9 -11 12 21 -14 16 -16 -17 -18 -19 22 -21 -22 -23 23 24 -26 -27 27 28 -30 -31
leaf_value=-0.067755774373159411 -0.067755819419442337 0.064829758287160894 -0.054750534286756025 -0.043902149608085722 -0.055820023990479306 -0.012688456232429019 -0.058455564297086052 0.14148240252461783 -0.035673925090655242 0.078249964140351264 0.24180218170483295 -0.031055402695411273 0.0045110583283891077 -0.012296271861470136 0.1470024783276743 0.038203922674919198 -0.050678350361510395 0.081841861976270705 -0.016603085434537795 -0.033099068085908276 0.17359584503874548 0.11854000231416312 0.12110985501817975 0.0099529558500495094 -0.028792606467726065 -0.029080336220192994 0.010669743242588847 -0.020816334875475347 0.095277577073158315 0.08027141266015575
leaf_weight=562.13007950596511 1132.3497446291149 2129.1626027412713 217.13681298308074 57.065711852163076 50.537617027759552 324.39231941848993 29.159524215385318 4.9327382482588282 53.517118809744716 15.77220358327031 2.7075603306293479 4.3577222749590856 2.4279089272022247 7.2009296119213086 2.2320031337440005 23.083683710545301 16.203968292102218 9.4915281012654287 107.63160386122763 51.918876018375158 3.3207409307360649 4.0888376533985138 28.310493860393763 2255.8645851891488 54.226599851623178 56.535863500088453 413.59762721508741 85.963368717581034 6.2174185812473288 11.662259519100187
leaf_count=23514 48378 43056 7245 1008 868 2509 727 49 594 185 22 25 19 84 18 88 251 108 672 636 28 22 171 10296 302 326 1859 410 22 39
internal_value=0.00339248 0.0156162 -0.00786899 0.000763823 0.00395146 0.00478512 0.00556417 0.00609192 0.00590285 0.00756238 0.00721057 -0.0511518 0.129617 0.00701188 -0.0283602 -0.00930755 0.00764633 0.00795199 0.00772447 -0.0197075 0.0463731 0.0413612 0.00829164 0.0104002 0.00904345 0.00105774 0.00378364 0.00802423 -0.012986 0.0125785
internal_weight=7723.2 6590.85 4461.69 3899.56 3673.97 3623.44 3566.37 3537.21 3532.28 3184.8 3169.03 225.583 5.13547 3163.89 55.7491 347.476 3108.15 3091.94 3082.45 62.4405 10.5217 8.44656 3020.01 2338.4 2310.09 681.608 625.072 517.441 92.1808 425.26
internal_count=143531 95153 52097 28583 21291 20423 19415 18688 18639 16042 15857 7292 41 15816 612 2597 15204 14953 14845 748 112 47 14097 10769 10598 3328 3002 2330 432 1898
is_linear=0
shrinkage=0.1


Tree=74
num_leaves=31
num_cat=0
split_feature=31 31 35 19 20 20 5 19 25 7 0 6 6 34 31 12 15 5 31 2 8 34 25 4 33 23 35 20 33 4
split_gain=2232.31 4.24173 2.46939 6.46406 13.9709 5.17183 7.1203 5.11695 4.2437 5.10438 1.97035 3.65535 6.98858 7.03434 7.0125 3.8959 9.61319 3.5978 3.89033 3.03294 3.34656 2.25473 1.5967 3.44875 2.16227 2.20274 3.70123 5.16919 2.75754 5.62597
threshold=6.4051489207289158 5.9072426333762333 238.6147053078175 485.2180428962414 48.902322702405037 45.59752770998778 4.0950299142629119 355.90972126104572 0.60851028752981007 2.5240833357294439 61.646185558074357 2.5099404652738149 6.7188516029697114 138.00042182812447 6.1887183590458186 3.9276554430766191 2.0309910489648288 4.8533461903305239 6.3000100808444772 148.90030966913864 2.2485741536419304 291.04424081531926 0.55362742704479029 76.400452873159864 48.279058621723912 0.02456586828226082 266.00829249243219 45.139532238350192 62.384099598516933 86.903384434248025
decision_type=2 2 2 2 2 2 2 2 2 2 2 2 2 2 2 2 2 2 2 2 2 2 2 2 2 2 2 2 2 2
left_child=1 22 10 5 -5 6 7 8 -4 -10 -3 15 13 14 -13 21 -17 18 -15 -19 -21 -12 -1 -24 -25 -26 28 -28 29 -27
right_child=-2 2 3 4 -6 -7 -8 -9 9 -11 11 12 -14 17 -16 16 -18 19 -20 20 -22 -23 23 24 25 26 27 -29 -30 -31
leaf_value=-0.067422236415443648 0.068880842170128478 -0.066663442654240873 -0.06828554493072371 0.29235789882303348 -0.067837692813009193 -0.067928166382013419 0.23103055982477302 0.14315963687494301 0.18632209878136591 -0.068387341775893618 -0.064194067450937323 -0.0025053828278041577 -0.067958973050399704 -0.053033524359975416 0.30604270100252817 -0.059062683512919704 0.12190200661436677 0.15068274659597036 0.17253784145420556 0.098845734009856745 -0.069164943477566451 0.066955575745521509 0.06855293489525352 0.058686534716466822 -0.064585892726543498 0.12852869298610434 0.10726511598462261 -0.068460384191618401 -0.060446689150864777 -0.068755117830824414
leaf_weight=1950.1999536380172 2227.4032477810979 164.40412662737072 10.906380813568832 1.8236148711293925 2.6295595522969961 34.883657725527883 1.2302110344171513 1.7373829968273629 1.6311837099492543 1.519863750785589 161.4587865229696 1.4385674204677372 21.442502740770578 12.781221870332956 1.5095098558813331 10.710591111332176 4.0437760800123206 2.0629824772477141 0.81321788206696588 2.1383262220770121 2.6608050297945738 1.3216018043458451 2.0466566532850257 1.4913692697882641 412.05432404577732 2.4316462166607371 3.5994701609015456 3.1293338388204575 50.885883830487728 3.5642440896481276
leaf_count=64530 48378 6437 379 27 103 1326 13 38 15 50 6281 31 826 458 17 399 28 19 14 32 66 23 14 24 11982 40 46 97 1742 96
internal_value=-0.00625172 -0.0645102 -0.0555129 -0.0359577 0.0796656 -0.0458768 -0.000694423 -0.0187428 -0.0387526 0.0634666 -0.0583625 -0.0522256 -0.0267169 0.0110676 0.155481 -0.0586694 -0.00946512 -0.00974438 -0.0395399 0.049283 0.00569478 -0.0631293 -0.0661514 -0.0609796 -0.0615352 -0.0619122 -0.0445923 0.0255413 -0.0528888 0.0112538
internal_weight=5099.95 2872.55 443.148 56.3619 4.45317 51.9087 17.025 15.7948 14.0574 3.15105 386.786 222.382 44.8471 23.4046 2.94808 177.535 14.7544 20.4566 13.5944 6.86211 4.79913 162.78 2429.4 479.203 477.156 475.665 63.6106 6.7288 56.8818 5.99589
internal_count=143531 95153 16582 1951 130 1821 495 482 444 65 14631 8194 1463 637 48 6731 427 589 472 117 98 6304 78571 14041 14027 14003 2021 143 1878 136
is_linear=0
shrinkage=0.1


Tree=75
num_leaves=31
num_cat=0
split_feature=31 31 5 8 0 20 8 20 0 32 0 6 30 30 37 37 4 35 25 25 11 11 27 35 4 33 19 12 25 8
split_gain=1215.4 227.949 70.6675 16.2172 14.8296 9.87136 9.22943 8.5519 8.97941 7.20262 6.94082 5.57998 4.91881 5.18122 4.85564 19.1242 4.88795 4.55446 4.50283 5.28721 4.56482 12.9086 5.54192 6.7118 7.74371 6.19518 5.38432 4.40713 7.95914 5.34602
threshold=5.6000049957114308 5.4500000000000011 0.28665966950380045 7.9747254713304363 24.025468460405094 35.825270335000006 3.0004720400429199 54.534249535465882 45.000189413644037 97.000379502481408 45.81703977325899 7.9999628160976615 1.3333325603523505 1.0000181563082293 0.99994764460092833 0.0030789039529736111 89.200184287927684 82.99630726197087 0.57358720118361051 0.55562332862926389 7.9999025157879391 5.3060967077661028 25.002673949691296 107.00063426238725 79.281936166713749 80.999705747648591 561.98643847374728 7.9997629355875626 0.56486211887393678 8.0018873149110643
decision_type=2 2 2 2 2 2 2 2 2 2 2 2 2 2 2 2 2 2 2 2 2 2 2 2 2 2 2 2 2 2
left_child=1 -1 11 4 -4 -6 7 8 9 -7 -10 -3 13 14 15 -12 -16 -18 19 20 21 22 -11 -24 -25 -26 -22 28 29 -5
right_child=-2 2 3 27 5 6 -8 -9 10 18 12 -13 -14 -15 16 -17 17 -19 -20 -21 26 -23 23 24 25 -27 -28 -29 -30 -31
leaf_value=0.068604326333106355 -0.067634039727426806 0.061191555212942096 0.052565493423065962 0.035880818053667538 0.064308684831607857 0.040375131852334573 -0.090015763963811807 0.057696836691654756 -0.097505709596095003 0.013061336545948496 0.0045751808429870741 0.005628034227843394 0.060873625306488446 -0.07491989335601755 0.027956479163987299 -0.098798068418422341 -0.072769445321048898 0.0073316682715422899 -0.0072698085763861359 0.042935202475084526 0.034089904060744726 -0.145474328855109 0.04400911983739425 -0.17601843195095779 -0.096165627986940422 0.013682730076233491 -0.071974041172648481 0.061216508277340154 -0.090708579301341519 -0.05142220733831241
leaf_weight=973.91731214895844 1924.6573500651866 334.27283716574311 80.235711503773928 184.66518068686128 32.143768429756165 104.38183134794235 9.4556215303018671 35.583712063729763 6.6020271927118293 847.05216881819069 2208.3000560505316 19.107057392597198 15.748199459165333 8.1242941375821811 158.29493419826031 18.042712282389402 9.2353266291320306 30.677388582378626 100.54704057984054 63.134347444400191 130.65577477216721 5.2740922737866631 9.6280455589294416 4.3183626681566265 8.4351538866758364 13.119291268289087 4.9682509005069724 54.975885275751352 5.3844539374113074 7.291040986776351
leaf_count=23514 91434 6907 1011 2014 512 908 96 528 38 4349 8452 74 167 130 696 172 32 102 374 231 751 36 48 21 30 41 28 754 33 48
internal_value=0.00073482 0.0247313 0.0152564 0.0116063 0.0100183 0.00912547 0.00865764 0.00890433 0.00844091 0.0151907 0.00489008 0.0581873 0.00516618 0.00480555 0.0050727 0.00373742 0.0200711 -0.0112028 0.0129762 0.0148497 0.0131172 0.0105069 0.0114391 -0.0272685 -0.053793 -0.0293055 0.0302045 0.0361769 0.0292013 0.0325648
internal_weight=7408.23 5483.57 4509.65 4156.27 3903.96 3823.72 3791.58 3782.12 3746.54 1291.51 2455.02 353.38 2448.42 2432.67 2424.55 2226.34 198.208 39.9127 1187.13 1086.59 1023.45 887.827 882.553 35.5009 25.8728 21.5544 135.624 252.317 197.341 191.956
internal_count=143531 52097 28583 21602 18753 17742 17230 17134 16606 6817 9789 6981 9751 9584 9454 8624 830 134 5909 5535 5304 4525 4489 140 92 71 779 2849 2095 2062
is_linear=0
shrinkage=0.1


Tree=76
num_leaves=31
num_cat=0
split_feature=31 31 31 5 13 14 0 12 7 32 25 6 3 14 11 11 11 11 19 27 36 32 10 10 2 33 32 34 19 33
split_gain=583.041 654.339 207.832 55.9243 15.1484 11.3326 11.3803 8.46019 7.44801 7.26081 6.62306 6.26406 6.19555 5.64852 5.50294 27.6632 6.98881 31.9862 8.66496 6.92482 5.9034 5.76991 5.52454 11.632 5.52712 5.29894 6.10286 6.19647 5.80204 5.51042
threshold=6.4051489207289158 5.6000049957114308 5.4500000000000011 0.28665966950380045 7.9988468735526297 0.99998693382312853 24.025468460405094 2.0005507133834062 3.9999698480228596 91.01827667847715 0.39850792303535865 7.9999628160976615 42.701258518073352 1.0000000180025095e-35 7.9999025157879391 5.0002277014888366 2.0000405439524505 2.9916750384456821 395.33258407223838 5.9999898939214322 72.000744394553166 137.00010415666037 5.0433365435529813 5.9998872388027653 156.43176903577529 79.999655539144356 101.99972925847335 156.75924902607034 235.2634097718703 71.972743727671869
decision_type=2 2 2 2 2 2 2 2 2 2 2 2 2 2 2 2 2 2 2 2 2 2 2 2 2 2 2 2 2 2
left_child=1 2 -1 11 5 6 -5 8 9 -8 12 -4 -11 14 15 16 18 -18 -12 -19 -16 22 -21 -24 -25 26 -26 -28 -29 -30
right_child=-2 -3 3 4 -6 -7 7 -9 -10 10 13 -13 -14 -15 20 -17 17 19 -20 21 -22 -23 23 24 25 -27 27 28 29 -31
leaf_value=-0.067618654961125166 -0.067618710061399231 0.064039501119262821 -0.055878990225118191 -0.041074029804674748 -0.052095024352088654 -0.060782341308497002 -0.035975699555235607 0.14232233083275256 -0.069626451148951746 0.035861508629728922 0.0073200691165122905 0.0073511331940436606 -0.03971442383144641 0.072396748571550984 0.0018002125779598194 0.11028968364785935 0.11348485633689272 0.11559225763457803 -0.01422156179612546 0.0031541317248519082 -0.059320507850633412 0.027054282676814298 0.11224797730008743 0.092877689707786731 -0.08084703507835117 -0.0033221099567556293 -0.011946871015574166 0.1623925772269269 0.10532762089956434 0.021871341113806661
leaf_weight=493.35083493776619 993.81707592308521 1885.9435326121747 181.04018191434443 52.021539837121964 47.284641077741981 26.096602594479918 40.450187902897596 4.5493926666676989 13.020385790616272 13.595406062901018 1050.4075648169965 17.152197852730751 53.658121727406979 13.258787263184784 997.36235104873776 26.99449434876442 31.650685485452414 6.3428831920027724 227.09871952794492 668.12059074826539 16.056879894807935 179.76127230003476 13.488726165145634 8.7759431749582273 4.2617004811763755 95.664246495813131 14.913289219141005 5.1659143492579451 11.736241064965723 24.277794435620308
leaf_count=23514 48378 43056 6907 1006 914 765 517 49 305 201 5407 74 737 185 5314 192 197 44 1142 3213 127 607 55 37 28 328 66 24 49 93
internal_value=0.00350686 0.0148647 -0.00651614 0.00132552 0.00413762 0.00487648 0.00535609 0.00604215 0.00586582 0.00614642 0.00663849 -0.0504069 -0.0244366 0.00725402 0.00699864 0.00963709 0.00847677 0.0144625 0.00349067 0.0114271 0.0008318 0.0107832 0.00732751 0.0229673 0.0156595 0.0113161 0.034518 0.0432829 0.0632843 0.049068
internal_weight=7217.32 6223.5 4337.56 3844.21 3646.01 3598.73 3572.63 3520.61 3516.06 3503.04 3462.59 198.192 67.2535 3395.34 3382.08 2368.66 2341.67 1064.16 1277.51 1032.51 1013.42 1026.17 846.404 178.284 164.795 156.019 60.3549 56.0932 41.1799 36.014
internal_count=143531 95153 52097 28583 21602 20688 19923 18917 18868 18563 18046 6981 938 17108 16923 11482 11290 4741 6549 4544 5441 4500 3893 680 625 588 260 232 166 142
is_linear=0
shrinkage=0.1


Tree=77
num_leaves=31
num_cat=0
split_feature=31 31 35 19 20 20 5 18 8 25 15 0 6 6 35 36 21 32 5 34 19 12 15 5 34 25 4 15 18 19
split_gain=1957.44 4.62384 2.57069 6.01817 10.504 5.28117 5.7094 4.49448 7.1302 3.94957 4.75806 2.14112 3.82785 6.97815 6.4125 9.99099 6.5221 6.78283 4.48419 4.33996 4.1741 4.03918 8.70442 2.31472 2.22125 1.75152 3.27568 2.29911 14.2123 50.0276
threshold=6.4051489207289158 5.9072426333762333 238.6147053078175 485.2180428962414 48.902322702405037 45.59752770998778 4.0950299142629119 2510.0204835000004 2.8127475825337718 0.60851028752981007 2.4935003386208376 61.646185558074357 2.5099404652738149 6.7188516029697114 102.00487427797906 50.600278986275562 0.1580790769500294 111.00098374216505 6.0053365900452427 202.74033956264529 128.73423072365776 3.9276554430766191 2.0309910489648288 4.8533461903305239 291.04424081531926 0.55362742704479029 76.400452873159864 2.3181124864359455 1010.9852736542058 183.15554564339075
decision_type=2 2 2 2 2 2 2 2 2 2 2 2 2 2 2 2 2 2 2 2 2 2 2 2 2 2 2 2 2 2
left_child=1 25 11 5 -5 6 7 9 -9 -4 -11 -3 21 14 15 16 17 -14 -16 20 -19 24 -23 -22 -13 -1 -27 -28 29 -29
right_child=-2 2 3 4 -6 -7 -8 8 -10 10 -12 12 13 -15 18 -17 -18 19 -20 -21 23 22 -24 -25 -26 26 27 28 -30 -31
leaf_value=-0.067184053098602106 0.068598044723857526 -0.066358594091723122 -0.068094938031213595 0.24181276485105729 -0.067694365364697626 -0.067774268254138167 0.20021315712685184 -0.067940904876843664 0.32796453685049409 -0.068235389576444719 0.1789025145131434 -0.063573192600327552 0.46683649325093574 -0.067802701568893842 -0.068185098945428319 -0.06808625964430455 -0.068546663804886193 0.23537673584334745 0.087662630375145323 0.27902415403622832 -0.068180220146000878 -0.057751028166598967 0.1166889801999666 0.13651933636622177 0.066485467427721268 0.064576873581192074 -0.063078211876357579 -0.032948815886805753 -0.06774285308455899 0.61447922956520362
leaf_weight=1751.0480146612972 1958.9725311174989 145.06873141974211 9.5357665438204986 2.0812787488102904 2.317460073158145 30.750283638015389 1.3473643995821465 0.90100252628326305 0.91878278367221355 1.4844119697809213 1.6393749471753833 142.80988303944468 0.73416599258780646 18.902903772890568 9.1863291058689338 3.4827310387045145 1.255900129675865 1.1732976436614992 2.3105874806642523 1.5980257615447042 1.5399379320442679 9.5322847962379438 4.08700306713581 0.86143144220113743 1.3253485187888134 2.0972790643572798 391.56210454553366 6.9883595593273622 33.305957587435842 1.4393266215920446
leaf_count=64530 48378 6437 373 27 103 1326 13 35 7 52 15 6281 16 826 340 129 38 4 32 17 55 399 28 6 23 14 12302 253 1446 26
internal_value=-0.00677359 -0.0639741 -0.0540146 -0.0330577 0.07875 -0.0436169 0.00331937 -0.0150024 0.131946 -0.036126 0.0614635 -0.0571213 -0.0503806 -0.0231769 0.0149201 0.0708455 0.138398 0.182398 -0.0368637 0.142027 0.0807839 -0.0574586 -0.00540344 0.00525065 -0.0623773 -0.0657727 -0.0600967 -0.0607001 -0.0383878 0.0776225
internal_weight=4540.26 2581.29 394.844 50.9757 4.39874 46.577 15.8267 14.4793 1.81979 12.6596 3.12379 343.869 198.8 41.0453 22.1424 10.6455 7.16276 5.90686 11.4969 5.17269 3.57467 157.755 13.6193 2.40137 144.135 2186.44 435.393 433.296 41.7336 8.42769
internal_count=143531 95153 16582 1951 130 1821 495 482 42 440 67 14631 8194 1463 637 265 136 98 372 82 65 6731 427 61 6304 78571 14041 14027 1725 279
is_linear=0
shrinkage=0.1


Tree=78
num_leaves=31
num_cat=0
split_feature=31 31 5 20 20 0 35 0 5 5 6 34 18 32 5 25 0 31 35 22 36 19 24 36 24 34 34 25 9 27
split_gain=1042.15 213.226 62.7918 14.5198 12.7614 12.6659 9.76593 5.94947 5.6318 30.1508 5.38033 5.17437 6.57255 5.02899 5.04248 4.79346 8.07581 11.0147 4.65199 4.16187 4.33497 4.08361 3.87041 4.18682 5.1261 3.80527 6.9263 3.81814 3.70251 4.86672
threshold=5.6000049957114308 5.4500000000000011 0.28665966950380045 54.534249535465882 42.394999895436989 24.025468460405094 53.008262816726948 68.000042161056527 7.9713708910364298 1.0000867206522146 7.9999628160976615 235.00264384652891 3765.4182539085996 98.001889275943952 8.9996338175482613 0.62856561641395048 60.163745526015653 5.5999934808113094 266.00829249243219 8.9991807487128703 74.012009387341337 395.33258407223838 20.680306284200412 52.164606287439469 29.395235263308908 149.85447200004106 162.99912623708818 0.46716840166974555 1.2542274646360518 13.538373513375292
decision_type=2 2 2 2 2 2 2 2 2 2 2 2 2 2 2 2 2 2 2 2 2 2 2 2 2 2 2 2 2 2
left_child=1 -1 10 4 -4 -6 7 22 9 -8 15 13 19 18 -15 -3 -17 -18 -10 20 28 -12 -7 -24 -25 -9 -27 -28 -13 -30
right_child=-2 2 3 -5 5 6 8 25 11 -11 21 12 -14 14 -16 16 17 -19 -20 -21 -22 -23 23 24 -26 26 27 -29 29 -31
leaf_value=0.068359282475634497 -0.067514319029848252 0.06166920487077631 0.05888194504762112 0.06038087500632762 0.050363231485125073 0.047257408188068492 0.0045867079261417108 0.05224856727612024 0.031020038094069825 -0.073988060899388794 0.039296441603540802 0.0098037276204129848 0.098275979636106153 0.0092676796103711798 0.079788382252456796 0.069150471746460301 -0.38104617749279635 0.068687738456818512 -0.072099528030625068 0.064474115205367374 0.058175148449773229 -0.057686685613523248 0.040239754949234291 0.013558607274062121 -0.10607952998232098 -0.15536274367971403 -0.0857056611207936 0.017999163937529383 -0.0036729018322259749 -0.034595406646388806
leaf_weight=856.49879622086883 1692.2965815328062 293.03345529735088 52.250729866325855 57.526093119755387 73.15495041757822 88.938540071249008 861.72474906593561 5.9700441733002689 153.18982891738415 51.76903428370133 12.314158245921137 76.480624489486217 6.3003673106431952 2203.9589836876839 10.186239641159771 3.1370405517518511 1.221903879195452 0.98242934420704831 4.5033868029713622 8.4113458022475225 9.9138156548142415 6.705958664417266 74.301182527095079 107.07877728901803 3.7052876763045779 4.0778609476983574 4.9151590913534191 12.784249905496834 129.32522097229958 83.925631817430258
leaf_count=23514 91434 6796 856 911 1009 875 3273 29 1295 729 49 253 26 10110 64 67 21 23 20 35 47 25 471 689 14 17 21 55 507 296
internal_value=0.000741385 0.0227084 0.0138257 0.0104962 0.00978358 0.00913813 0.00836513 0.0256449 0.00691653 0.00013376 0.0566707 0.00922315 -0.00283251 0.010821 0.00959211 0.059958 -0.0339226 -0.180608 0.0280752 -0.00490038 -0.00684779 0.00510292 0.0301129 0.0218745 0.00955719 -0.0184801 -0.0378697 -0.0107999 -0.00907269 -0.0158426
internal_weight=6950.58 5258.29 4401.79 4084.39 4026.87 3974.62 3901.46 301.771 3599.69 913.494 317.395 2686.2 314.357 2371.84 2214.15 298.375 5.34137 2.20433 157.693 308.057 299.645 19.0201 274.024 185.085 110.784 27.7473 21.7773 17.6994 289.731 213.251
internal_count=143531 52097 28583 21602 20691 19835 18826 2171 16655 4002 6981 12653 1164 11489 10174 6907 111 44 1315 1138 1103 74 2049 1174 703 122 93 76 1056 803
is_linear=0
shrinkage=0.1


Tree=79
num_leaves=31
num_cat=0
split_feature=31 31 31 5 20 20 0 35 6 0 30 30 25 0 35 24 37 37 4 3 2 19 19 25 6 6 19 19 32 25
split_gain=506.064 562.502 186.547 47.4561 13.0686 11.7968 9.33249 7.00026 5.84773 5.76902 5.49051 6.71911 4.84303 9.58212 18.2428 4.80393 4.70634 34.9914 7.08394 5.66195 6.31151 5.88615 4.47792 4.2611 4.14251 23.714 4.26427 5.56613 7.34077 6.01709
threshold=6.4051489207289158 5.6000049957114308 5.4500000000000011 0.28665966950380045 54.803380124138151 35.825270335000006 24.025468460405094 53.008262816726948 7.9999628160976615 68.000042161056527 1.3333325603523505 1.0158738232264939 0.62856561641395048 60.163745526015653 123.00183959796456 30.142036502351164 0.99994764460092833 0.0030789039529736111 66.810156933131069 58.25029814531888 146.70238934797644 444.38362997050046 395.33258407223838 0.47497545384177881 7.9999628160976615 1.0536233692857484 497.40499230133247 321.91462072525007 162.00092129381133 0.46066204231271463
decision_type=2 2 2 2 2 2 2 2 2 2 2 2 2 2 2 2 2 2 2 2 2 2 2 2 2 2 2 2 2 2
left_child=1 2 -1 8 5 -5 15 9 12 -8 11 16 -4 -14 -15 -7 17 24 -19 20 -18 -21 -10 -11 25 26 27 28 -9 -29
right_child=-2 -3 3 4 -6 6 7 10 22 23 -12 -13 13 14 -16 -17 19 18 -20 21 -22 -23 -24 -25 -26 -27 -28 29 -30 -31
leaf_value=-0.067498920679808214 -0.067498984610519328 0.063237095335621454 -0.056593213013060251 -0.064046213446875708 -0.05518365717357071 -0.045583404607597564 -0.015516022597559759 -0.0031570145103603283 -0.030836392936296139 0.098114278019073256 -0.047455796670947216 0.082520431983635067 -0.0681708367318134 0.76758592702874973 -0.067942437599153527 0.1013612402951517 0.02563553171752285 0.29811589343132533 0.10021792870729236 0.017271525065364671 -0.033841287223271677 -0.06028384014412172 0.075806737123950113 0.0080917122683074518 0.0058109915467879948 0.085448180858784584 -0.044442958362541772 0.14223434667339407 0.10920547003613046 0.024596807188234048
leaf_weight=432.8333753272891 871.92260105162859 1671.038189381361 159.2799844481051 24.647242842242122 36.573643963783979 45.652991399168968 219.6804547868669 184.36147210933268 11.090465582907202 7.5224650762975243 18.275813437998295 11.897788746282457 1.7325848285108798 0.48172350600361802 0.57114440388977528 2.3387655541300765 22.125424817204475 1.9240094404667605 30.209106598049402 98.090832177549601 92.153885558247566 10.870567703619598 6.1047697812318793 17.466584762558341 2632.9629130847752 44.667711263522506 15.131047876551746 4.5824370421469203 6.0036650225520125 85.006729373708367
leaf_count=23514 48378 43056 6796 677 907 980 2059 985 49 39 314 160 67 21 23 30 103 14 243 471 648 51 25 87 12931 395 74 27 28 379
internal_value=0.00360787 0.0141247 -0.00530333 0.00179703 0.00428936 0.00489769 0.00537624 0.0059763 -0.048424 -0.0103371 0.0072013 0.00750961 -0.0543072 0.076414 0.314341 -0.0384224 0.00723314 0.00827389 0.112067 -0.00677542 -0.0223261 0.00953419 0.00702478 0.0351912 0.00715195 0.0175439 0.00726504 0.0100598 0.000386632 0.0306139
internal_weight=6767.2 5895.28 4224.24 3791.41 3612.15 3575.57 3550.92 3502.93 179.261 244.67 3258.26 3239.99 162.065 2.78545 1.05287 47.9918 3228.09 3004.85 32.1331 223.241 114.279 108.961 17.1952 24.989 2972.72 339.753 295.085 279.954 190.365 89.5892
internal_count=143531 95153 52097 28583 21602 20695 20018 19008 6981 2185 16823 16509 6907 111 44 1010 16349 15076 257 1273 751 522 74 126 14819 1888 1493 1419 1013 406
is_linear=0
shrinkage=0.1


Tree=80
num_leaves=31
num_cat=0
split_feature=31 31 35 20 18 32 34 7 4 3 6 0 6 6 35 36 32 24 5 12 15 34 34 25 18 15 19 4 34 23
split_gain=1716.73 4.99861 2.64756 5.9998 12.7699 9.70229 3.73386 3.21028 6.3979 4.7747 3.11132 2.3085 3.94192 6.88161 5.67461 8.29868 4.55752 4.50487 4.23832 4.1703 7.86867 3.41207 2.18616 1.92549 3.23372 12.2124 29.1842 7.65933 6.64371 2.24336
threshold=6.4051489207289158 5.9072426333762333 238.6147053078175 48.548129444002313 2510.0204835000004 138.70408848265168 266.00269122272681 2.4620831542126012 91.005977121632398 70.500015046060753 0.55583141542059111 61.646185558074357 2.5099404652738149 6.7188516029697114 102.00487427797906 50.600278986275562 122.0001239706599 23.214911221809562 6.0053365900452427 3.9276554430766191 2.0309910489648288 202.74033956264529 291.04424081531926 0.55362742704479029 1010.9852736542058 2.3181124864359455 174.76892168404649 77.200068831119012 99.324308117898298 0.053921090563001102
decision_type=2 2 2 2 2 2 2 2 2 2 2 2 2 2 2 2 2 2 2 2 2 2 2 2 2 2 2 2 2 2
left_child=1 23 11 4 7 6 -6 8 -4 10 -10 -3 19 14 15 16 17 -14 -16 22 -21 -18 -13 -1 25 27 -27 -25 -29 -26
right_child=-2 2 3 -5 5 -7 -8 -9 9 -11 -12 12 13 -15 18 -17 21 -19 -20 20 -22 -23 -24 24 29 26 -28 28 -30 -31
leaf_value=-0.066951645588667064 0.068352081603883827 -0.066051142011010006 -0.067881982921015493 -0.067630013295017652 -0.067999435359772792 0.36678098949355858 0.16195507256107311 -0.067866594900206911 0.060159155256064557 -0.067623468430000472 0.25572531355930622 -0.062910659380796832 0.085609439687099331 -0.067665830861396534 -0.068002831432802197 -0.067914469024914742 -0.068272933662116397 0.28185969836566299 0.084543939552406175 -0.056332895067858484 0.11202103849372934 0.15790540643164921 0.066011109535428172 0.21440827472899412 -0.065768858705828534 -0.067836009961997401 0.31121204246313461 0.28606859994524697 -0.068404967064194508 -0.041532314470032368
leaf_weight=1573.3106747595593 1721.8164753243327 128.04500832408667 4.7487040087580734 22.13977574929595 1.3589677251875394 1.4900439716875551 1.4698248934000728 10.373394025489686 1.5598173011094334 1.2515112664550541 1.7002261467278001 126.39325861446559 2.2543630357831734 16.665901614353061 8.1069556120783073 3.0728138126432896 1.6128313764929774 2.4309524297714233 2.3490706477314225 8.4939923975616676 4.1242043636739245 1.137325834482908 1.3291486240923394 1.0116719752550114 300.17544793523848 5.5062983613461238 3.2185130510479212 0.53543238341808219 42.309235549531877 43.757980202324688
leaf_count=64530 48378 6437 211 1090 52 21 11 462 24 61 19 6281 36 826 340 129 59 29 32 399 28 12 23 6 10573 238 41 3 1461 1719
internal_value=-0.00731209 -0.0634204 -0.0524461 -0.0301031 0.00458385 0.160265 0.0514836 -0.0296614 0.0131363 0.0984132 0.162154 -0.0558115 -0.0484443 -0.0197032 0.0184253 0.0703227 0.127451 0.187433 -0.0337314 -0.0561508 -0.00130712 0.025263 -0.061569 -0.0653821 -0.0591543 -0.0360579 0.0719918 -0.0575534 -0.0639751 -0.0626853
internal_weight=4043.75 2321.93 352.108 46.0923 23.9525 4.31884 2.82879 19.6337 9.26026 4.51155 3.26004 306.016 177.971 37.6302 20.9643 10.5083 7.43547 4.68532 10.456 140.341 12.6182 2.75016 127.722 1969.83 396.515 52.5812 8.72481 43.8563 42.8447 343.933
internal_count=143531 95153 16582 1951 861 84 63 777 315 104 43 14631 8194 1463 637 265 136 65 372 6731 427 71 6304 78571 14041 1749 279 1470 1464 12292
is_linear=0
shrinkage=0.1


Tree=81
num_leaves=31
num_cat=0
split_feature=31 31 5 20 20 0 25 14 5 5 33 6 2 25 21 21 34 2 5 27 27 24 19 11 11 25 34 18 24 32
split_gain=894.424 198.35 55.7134 12.6814 11.2385 10.8458 8.83203 5.25001 5.70384 26.8518 7.07608 5.13973 4.82568 5.72727 4.39169 14.2974 5.19363 7.72885 4.61729 4.44567 8.70484 5.69954 5.19301 4.60115 15.0016 7.01006 5.20087 4.32784 4.29049 4.22583
threshold=5.6000049957114308 5.4500000000000011 0.28665966950380045 54.534249535465882 43.170023035000007 24.025468460405094 0.40371871613430826 0.99998693382312853 7.9713708910364298 1.0000867206522146 58.000757899732228 7.9999628160976615 149.34159418517933 0.37361293488445263 0.99788035491840443 1.0000000180025095e-35 151.81286382734507 159.70011174528477 8.9996338175482613 4.0002507619988021 4.9791771359972872 22.120581668973337 206.91653785566481 1.9947608132802459 1.2360673509504092 0.50928534253158131 216.93787385890874 1020.5422422671958 25.373967279007907 128.99932175856262
decision_type=2 2 2 2 2 2 2 2 2 2 2 2 2 2 2 2 2 2 2 2 2 2 2 2 2 2 2 2 2 2
left_child=1 -1 11 4 -4 -6 12 8 9 -8 -10 -3 13 -7 15 18 17 -16 19 21 -21 22 -12 24 25 26 -22 -25 -19 -14
right_child=-2 2 3 -5 5 6 7 -9 10 -11 14 -13 29 -15 16 -17 -18 28 -20 20 23 -23 -24 27 -26 -27 -28 -29 -30 -31
leaf_value=0.068145696194476163 -0.067409730697603171 0.058748626552211893 0.056630192755541833 0.058577065087846408 0.048141813438591197 -0.16088874998384328 0.0036043556444004137 0.063602264741946662 0.04260291946377056 -0.073306049685121166 -0.012193518444170996 0.0047777675555737316 0.044758034795025187 0.012633967760717813 -0.12275703180437261 -0.13275345527332852 0.033709210110529131 0.054965532034238818 0.069918645191699907 -0.12728481339916145 -0.014301346644656154 0.0088023832567279137 0.038518325682915189 0.024054791286457173 -0.13559260438333695 0.03056461509144788 -0.10927472835393644 0.0049390223029900215 -0.081864689478833005 -0.028275683698517282
leaf_weight=752.82535576075315 1487.9357070075348 266.8163289129734 48.598043328151107 51.926911503076553 66.97105548530817 2.6071853414177877 882.52787808608264 16.129358470439911 60.206091165542603 47.856075692456216 23.735888205468655 18.894544020295143 106.98318814486265 7.0334751009941101 5.5175370201468494 7.2954036332666865 112.96249558404088 8.9958473630249483 11.772988650947807 4.9708985276520243 31.758582539856434 431.60804379824549 135.2845087274909 126.94485356658697 9.5737649500370008 34.179192334413528 7.0450326502323142 1767.1837274935097 3.0749419648200265 8.5561775341629964
leaf_count=23514 91434 6907 881 911 1009 34 3228 272 551 739 159 74 1209 88 39 37 607 68 82 22 149 1876 881 584 39 119 27 7923 18 50
internal_value=0.000745818 0.0207882 0.0125105 0.00947893 0.00883663 0.00824423 0.0075509 0.00667374 0.0064264 -0.000351678 0.00869311 0.0551794 0.0336781 -0.0342929 0.00794305 0.00704147 0.0258389 -0.0247087 0.00743614 0.00715017 0.00488055 0.0147651 0.0309489 0.00521292 -0.0178967 -0.00245757 -0.0315443 0.00622016 0.0201091 0.0393496
internal_weight=6547.77 5059.84 4307.01 4021.3 3969.37 3920.77 3853.8 3728.62 3712.49 930.384 2782.11 285.711 125.18 9.64066 2721.9 2591.35 130.551 17.5883 2584.06 2572.28 1981.66 590.628 159.02 1976.69 82.5566 72.9828 38.8036 1894.13 12.0708 115.539
internal_count=143531 52097 28583 21602 20691 19810 18801 17420 17148 3967 13181 6981 1381 122 12630 11898 732 125 11861 11779 8863 2916 1040 8841 334 295 176 8507 86 1259
is_linear=0
shrinkage=0.1


Tree=82
num_leaves=31
num_cat=0
split_feature=31 31 31 5 13 14 0 7 33 32 14 30 30 2 11 11 2 11 11 18 25 36 33 35 27 11 10 33 4 18
split_gain=439.084 483.816 166.859 40.1837 11.3275 9.30086 7.49656 6.18913 5.73543 5.70315 4.81807 4.93746 7.38278 4.43201 4.35489 23.846 6.23458 5.79724 29.31 8.02636 6.64285 6.00812 5.83603 6.18324 5.79124 10.841 8.49406 6.64961 6.36156 6.9871
threshold=6.4051489207289158 5.6000049957114308 5.4500000000000011 0.28665966950380045 7.9988468735526297 0.99998693382312853 24.025468460405094 3.9999698480228596 89.000872557812599 91.01827667847715 1.0000000180025095e-35 1.3333325603523505 1.0158738232264939 152.70011315467039 7.9999025157879391 5.0002277014888366 169.53765546679116 2.0000405439524505 2.9916750384456821 2007.3499908828528 0.44837051811051692 30.366662791564067 90.976745278078155 71.996290987136035 4.0002507619988021 1.9947608132802459 4.5417540145701691 65.000433917784264 82.50000088155322 1956.5717487148072
decision_type=2 2 2 2 2 2 2 2 2 2 2 2 2 2 2 2 2 2 2 2 2 2 2 2 2 2 2 2 2 2
left_child=1 2 -1 8 5 6 -5 9 -4 13 11 12 14 -8 15 17 -16 19 20 22 -19 -21 24 -24 28 26 -26 -28 -11 -30
right_child=-2 -3 3 4 -6 -7 7 -9 -10 10 -12 -13 -14 -15 16 -17 -18 18 -20 21 -22 -23 23 -25 25 -27 27 -29 29 -31
leaf_value=-0.067394346719980222 -0.067394409479733589 0.062401861739135679 -0.053595823988396143 -0.03554222183080883 -0.048428078646326526 -0.059283551069816857 0.033845661987208557 -0.069376225777732101 0.0025577613410440346 -0.00563431867790484 0.071760908925806985 -0.049163489139394695 0.093231918192658192 -0.050612779637552945 0.0034163615807914871 0.11013681483976223 -0.023499863577153265 0.27971387585193058 0.01044951748584403 0.060739860933989732 0.099444038542369398 -0.0099008903693792207 -0.080020049156901196 -0.0046090543548791265 0.13498832413813963 0.011518898770253597 0.14071691609142811 0.030480246319830817 0.013364570987008424 0.094234038841502693
leaf_weight=379.62217671331018 764.74109749495983 1481.4299657940865 141.98221764154732 44.169183280318975 40.15023360401392 22.373746586963534 7.878987990319728 10.883423391729592 20.861634468659759 257.19831905700266 11.301571298390625 15.941180527210234 9.8132207337766868 29.38762628659606 931.5611811960116 22.963867250829935 94.8142851870507 2.2177777364850071 1033.0305282901973 12.395172983407972 26.107093758881092 420.24146880954504 12.63365209288895 78.016093619167805 11.596333209425209 205.44151273742318 6.0835536085069171 54.431289007887244 211.65299636498094 11.251815820112823
leaf_count=23514 48378 43056 6441 1006 914 765 114 305 540 1742 187 267 129 403 5224 180 629 12 4601 44 175 2212 53 271 67 1090 33 250 884 45
internal_value=0.00368681 0.0133809 -0.00422 0.00218148 0.00438922 0.0049877 0.0053961 0.00591617 -0.0464021 0.0061526 0.0065755 0.00635993 0.00662014 -0.0327564 0.00636954 0.00873001 0.000929901 0.00773582 0.0132012 0.00320731 0.113559 -0.00787701 0.00886032 -0.0151189 0.0117293 0.0232279 0.0565863 0.0415623 0.00508186 0.0174467
internal_weight=6372.17 5607.43 4126 3746.38 3583.54 3543.39 3521.01 3476.84 162.844 3465.96 3428.69 3417.39 3401.45 37.2666 3391.64 2365.26 1026.38 2342.3 1061.36 1280.94 28.3249 432.637 848.306 90.6497 757.656 277.553 72.1112 60.5148 480.103 222.905
internal_count=143531 95153 52097 28583 21602 20688 19923 18917 6981 18612 18095 17908 17641 517 17512 11659 5853 11479 4788 6691 187 2256 4435 324 4111 1440 350 283 2671 929
is_linear=0
shrinkage=0.1


Tree=83
num_leaves=31
num_cat=0
split_feature=31 31 35 20 18 32 19 7 4 19 0 6 6 21 34 12 15 19 19 25 3 34 11 7 7 25 18 15 19 4
split_gain=1506.01 5.43118 2.71967 6.00556 10.9196 6.25325 3.22907 3.19787 5.76535 4.64342 2.4897 4.06062 6.77374 5.09804 5.97264 4.2861 7.09749 3.94431 4.97901 3.08113 3.11505 3.11633 2.88654 2.26227 14.7907 2.07573 3.26896 11.3812 20.9668 6.42619
threshold=6.4051489207289158 5.9072426333762333 238.6147053078175 48.548129444002313 2510.0204835000004 138.70408848265168 539.06473129057281 2.4620831542126012 91.005977121632398 218.31303009260998 61.646185558074357 2.5099404652738149 6.7188516029697114 0.1580790769500294 138.00042182812447 3.9276554430766191 2.0309910489648288 253.22772251565021 343.44187777476503 0.50798977926993516 60.472002983840817 220.00182637993717 6.0264540505429052 1.5321499960237543 1.4181511021615669 0.55362742704479029 1010.9852736542058 2.3181124864359455 174.76892168404649 77.200068831119012
decision_type=2 2 2 2 2 2 2 2 2 2 2 2 2 2 2 2 2 2 2 2 2 2 2 2 2 2 2 2 2 2
left_child=1 25 10 4 7 6 -6 8 -4 -10 -3 15 13 14 -13 23 -17 -16 19 -19 22 -22 -21 24 -12 -1 27 29 -29 -27
right_child=-2 2 3 -5 5 -7 -8 -9 9 -11 11 12 -14 -15 17 16 -18 18 -20 20 21 -23 -24 -25 -26 26 -28 28 -30 -31
leaf_value=-0.066722841665755026 0.068137968875295052 -0.065736288684553501 -0.067736033892988559 -0.067513566107936837 -0.067787311074767653 0.29755187802663535 0.15178983958312631 -0.067722776832634016 0.1577998794741724 -0.067601705734810488 -0.054276132869359867 0.19447207845491782 -0.067545928806453243 -0.068099378542290756 -0.067922131217842768 -0.054796751094809783 0.10780523854099269 -0.067781812730701663 -0.067756148988139753 0.29301674237310116 -0.068259091200172622 0.14354253922978308 0.1007484156123488 -0.066472964220746014 0.29776318092850013 0.17618539661921073 -0.061985382226160068 -0.067699367026589671 0.2459747834548098 -0.063497051823230136
leaf_weight=1415.4440572443418 1512.5481665879488 113.065469680354 4.189894633367663 19.522208092734218 1.206535600125789 1.7268890701234338 1.5053248181939123 9.1523017976433021 3.2752224504947662 1.2677072118967769 14.928687779232861 2.4166468437761095 14.696669373661278 4.7804469726979724 3.4711696598678818 7.5797420032322389 4.1564985439181328 0.94329010508954336 2.3762161992490292 1.5402684099972248 1.2380695994943383 1.5827696230262516 1.5836980491876602 97.057666232809424 1.2971522845327843 1.1517385020852078 312.53580435551703 4.8593253623694164 3.7953110951930285 38.897702847607434
leaf_count=64530 48378 6437 211 1090 54 21 9 462 39 65 832 24 826 201 150 399 28 43 112 17 50 15 25 5433 39 6 12292 238 41 1464
internal_value=-0.00787404 -0.0628517 -0.0507403 -0.0270029 0.00842366 0.148813 0.0540976 -0.0264184 0.0168701 0.0949014 -0.0543826 -0.0463417 -0.0160391 0.0219379 0.0503444 -0.0547353 0.00279025 0.0229952 0.0570602 0.100119 0.12676 0.0505826 0.195546 -0.060695 -0.0261328 -0.0649961 -0.0582301 -0.0341325 0.0698559 -0.0566043
internal_weight=3603.79 2091.24 314.561 41.8461 22.3239 4.43875 2.71186 17.8851 8.73282 4.54293 272.714 159.649 34.6292 19.9326 15.1521 125.02 11.7362 12.7355 9.26431 6.8881 5.94481 2.82084 3.12397 113.284 16.2258 1776.68 361.24 48.7041 8.65464 40.0494
internal_count=143531 95153 16582 1951 861 84 63 777 315 104 14631 8194 1463 637 436 6731 427 412 262 150 107 65 42 6304 871 78571 14041 1749 279 1470
is_linear=0
shrinkage=0.1


Tree=84
num_leaves=31
num_cat=0
split_feature=31 31 6 13 0 14 24 36 14 35 36 24 33 20 19 7 33 2 5 10 34 32 9 3 33 36 3 37 37 25
split_gain=768.591 183.47 48.9988 11.6584 9.16338 9.48289 8.21301 7.02309 5.90262 5.67612 5.98157 6.24382 5.28916 8.66924 4.91299 4.66607 4.41169 9.20734 4.40584 4.34075 4.29116 4.28376 4.17821 5.56015 3.97575 6.28512 5.69847 3.83122 31.8642 5.6537
threshold=5.6000049957114308 5.4500000000000011 0.02581851184694817 7.9988468735526297 32.00364764427696 0.99998693382312853 23.663394278753852 33.29955939267159 1.0000000180025095e-35 59.001718755988115 54.782185280273701 30.142036502351164 76.956582811709794 48.548129444002313 256.27598898453931 3.9999698480228596 85.615365139241291 154.99514438655166 7.9713708910364298 4.273180278548371 191.74869637537159 119.97852764407439 7.9908215796261581 49.296549816078787 73.949346053499966 49.565078458508658 63.219458678141024 0.99994764460092833 0.0030789039529736111 0.4337441900331036
decision_type=2 2 2 2 2 2 2 2 2 2 2 2 2 2 2 2 2 2 2 2 2 2 2 2 2 2 2 2 2 2
left_child=1 -1 7 4 6 8 19 12 9 10 16 22 13 14 -3 27 -6 -18 -9 -4 -15 -20 23 -12 -21 26 -26 28 -11 -30
right_child=-2 2 3 -5 5 -7 -8 18 -10 15 11 -13 -14 20 -16 -17 17 -19 21 24 -22 -23 -24 -25 25 -27 -28 -29 29 -31
leaf_value=0.067959885940964346 -0.067318345408422089 -0.108287565483699 0.04538272245526713 0.054810845334990768 0.037626719543902461 0.059835759585042538 0.0065349037315010133 0.058453856515817727 -0.08089263559869285 0.0044284499891701565 -0.13061246761586939 -0.14276954464720429 0.050251248952629425 0.069317971155539324 -0.38111555748940462 0.071043930844659153 -0.11353030723485565 0.026820162069713147 0.058612742137098543 0.039401346415907257 -0.19966429462656368 -0.072561114560256448 0.016545241114561595 -0.0078964488624935145 -0.23272799731743846 0.014101999931080307 -0.032182465721604651 0.017045294267266344 -0.26488966333242592 -0.098513945350024473
leaf_weight=661.47404365055263 1308.3057568944059 1.625807069241999 148.25324188545346 53.595293816179037 150.52868433110416 32.834266904741526 156.08510297909379 249.59760424867272 7.8283196929842225 2903.1313593774103 4.0770664028823367 2.8157618939876548 5.3806775361299515 2.9681852273643021 1.1111245304346082 10.566590480506418 6.1874280590564039 19.112168289721012 4.8063574731349927 19.493118707090616 0.74120716005563725 5.1649517714977264 126.43604398705065 39.112110406160355 2.3120519965887096 13.002358470112084 3.6595045104622841 225.32402343675494 2.2738364832475808 20.071993940509856
leaf_count=23514 91434 30 1663 868 1099 724 1011 6973 184 12603 26 12 136 67 21 161 28 82 24 225 18 22 940 195 23 112 27 1078 15 216
internal_value=0.000744942 0.018994 0.0113153 0.00848896 0.00785126 0.00634371 0.0234643 0.0524161 0.00584438 0.00603785 0.0181543 0.0049208 -0.0229458 -0.0840426 -0.219049 0.00470306 0.0311328 -0.00750483 0.0558498 0.0376162 0.0155702 -0.00933286 0.00737244 -0.0194809 0.00768355 -0.0249022 -0.109829 0.00448057 0.00351282 -0.115444
internal_weight=6187.88 4879.57 4218.1 3946.7 3893.11 3550.3 342.805 271.396 3517.47 3509.64 348.269 172.441 11.827 6.44632 2.73693 3161.37 175.828 25.2996 259.569 186.72 3.70939 9.97131 169.625 43.1892 38.467 18.9739 5.97156 3150.8 2925.48 22.3458
internal_count=143531 52097 28583 21292 20424 17363 3061 7291 16639 16455 2382 1173 272 136 51 14073 1209 110 7019 2050 85 46 1161 221 387 162 50 13912 12834 231
is_linear=0
shrinkage=0.1


Tree=85
num_leaves=31
num_cat=0
split_feature=31 31 31 6 13 30 30 0 5 20 32 24 35 34 8 25 36 28 34 10 10 24 2 2 35 18 20 12 35 4
split_gain=380.885 416.154 148.773 33.8295 10.007 7.08303 8.25665 6.01997 5.75225 5.5327 4.83209 4.64434 4.43653 4.24768 6.13972 3.92435 4.16005 6.11771 4.11096 5.50728 4.97523 3.92156 3.63948 4.68157 3.62829 3.44352 7.65672 7.26446 5.90673 9.99891
threshold=6.4051489207289158 5.6000049957114308 5.4500000000000011 0.307916612642544 7.9988468735526297 1.3333325603523505 1.0158738232264939 24.025468460405094 7.9713708910364298 56.395367511404842 91.01827667847715 30.142036502351164 205.58952735772053 148.00200603018996 8.0018873149110643 0.62856561641395048 33.29955939267159 238.68304311776743 190.99947454079805 2.9999970915648553 4.9999488137370776 23.942585282832532 152.70011315467039 151.00003179259679 223.33631604039701 1010.9852736542058 53.753626439925135 3.9276554430766191 269.5820066745211 92.689683030863009
decision_type=2 2 2 2 2 2 2 2 2 2 2 2 2 2 2 2 2 2 2 2 2 2 2 2 2 2 2 2 2 2
left_child=1 2 -1 8 5 6 7 11 15 10 12 -5 22 24 -15 16 17 -4 -17 -20 -21 -10 23 -9 -12 26 28 -28 -3 -30
right_child=-2 25 3 4 -6 -7 -8 9 21 -11 13 -13 -14 14 -16 18 -18 -19 19 20 -22 -23 -24 -25 -26 -27 27 -29 29 -31
leaf_value=-0.06730298291700923 -0.067303045231786915 0.059767507358045827 0.0018768783032081808 -0.041044592390389552 -0.048275143087434226 -0.050583507978316011 0.089632484661611 -0.018638039337666966 -0.048000736723033524 -0.065275381959184087 -0.0077688444203541972 0.10573855242367224 0.14396337405765555 0.0071285766456558102 0.11360644769472988 -0.068518658320128545 -0.054437955420755385 0.3884479686178956 -0.068104174693067149 0.40477893623488587 0.057239869431725626 0.088600048009679633 -0.055582068010248779 0.17237659240992553 0.03333906851333443 0.063265772325031791 0.040466944698067858 -0.13071319383556426 0.068223658583200036 -0.12723834067330939
leaf_weight=332.86188100185245 670.55270580947399 114.18620370514691 5.7391924280673257 38.881114866584539 35.579383686184883 22.755602460354567 11.595473475754259 5.8193551860749713 3.4496313109993917 10.99005192145705 296.65133567713201 2.2821417152881613 1.3920495808124531 3065.0132617494091 5.4249804299324742 1.8637093156576146 135.95324003975838 0.44082828238606442 0.93057990074157748 0.84899155981838681 0.80011060461401939 5.3781104683876038 26.461360059678555 1.6460196338593958 23.146225675940514 1178.9033215027303 5.4184516258537752 4.5700678415596485 5.9166537281125766 4.6930520981550217
leaf_count=23514 48378 3680 239 977 868 569 177 90 20 337 2354 30 15 15335 38 62 6834 20 40 23 27 27 393 20 88 38983 137 21 182 53
internal_value=0.00374258 0.0126479 -0.00326473 0.00249159 0.00449205 0.00502662 0.00538928 0.00510839 -0.0431758 0.00556374 0.00579101 -0.0329068 -0.0310061 0.00617436 0.00731671 -0.0478973 -0.0507904 0.0294515 0.0446454 0.126402 0.23616 0.0352203 -0.0381853 0.0234782 -0.00479355 0.0615346 0.0463929 -0.0378535 0.0531359 -0.0182362
internal_weight=6020.15 5349.59 4035.9 3703.04 3547.64 3512.06 3489.3 3477.71 155.404 3436.54 3425.55 41.1633 35.3188 3390.24 3070.44 146.577 142.133 6.18002 4.44339 2.57968 1.6491 8.82774 33.9267 7.46537 319.798 1313.69 134.784 9.98852 124.796 10.6097
internal_count=143531 95153 52097 28583 21291 20423 19854 19677 7292 18670 18333 1007 518 17815 15373 7245 7093 259 152 90 50 47 503 110 2442 43056 4073 158 3915 235
is_linear=0
shrinkage=0.1


Tree=86
num_leaves=31
num_cat=0
split_feature=31 31 18 15 19 25 34 1 2 2 34 19 31 31 9 36 7 18 20 7 7 32 27 6 31 6 0 9 0 6
split_gain=1321.11 5.89628 5.80566 9.87385 16.4576 9.16735 5.38349 10.3038 13.1971 3.90229 3.43119 12.2633 2.99814 2.66335 13.3016 2.34766 8.24617 13.8174 4.17806 12.2123 51.7683 2.94256 9.37405 2.32271 2.28854 1.69079 5.11754 8.47346 16.2062 5.43891
threshold=6.4051489207289158 5.6118259625383446 1010.9852736542058 2.0309910489648288 170.28145517414308 0.57523483896344307 133.0020140027743 1.366161467255778 156.73255298409381 139.41817403117145 291.04424081531926 561.98643847374728 5.9145458615172801 5.6241022653462256 1.0465505539819961 37.000269382263831 3.3244828205164567 2510.0204835000004 87.915425788331234 1.4818989288480526 1.1313164813575638 97.998473070895031 16.574304650830012 0.84620329912567949 6.2860469644010042 2.5099404652738149 65.887446033823934 1.7943400992249796 68.146967207923566 2.5678778087695142
decision_type=2 2 2 2 2 2 2 2 2 2 2 2 2 2 2 2 2 2 2 2 2 2 2 2 2 2 2 2 2 2
left_child=1 -1 3 6 24 -6 7 8 -3 -8 13 -12 -7 14 -4 16 18 -18 21 20 -20 22 -15 -16 -5 -17 -27 28 -28 -29
right_child=-2 2 10 4 5 12 9 -9 -10 -11 11 -13 -14 15 23 25 17 -19 19 -21 -22 -23 -24 -25 -26 26 27 29 -30 -31
leaf_value=-0.06648103847885109 0.06795147528508029 0.53826888344872503 0.48536244350603308 -0.067464267777846434 -0.069403392539779118 0.25003168387585573 0.13726479911898062 -0.051575675391551168 0.010319648470711911 -0.067420896292280902 -0.067766980748371911 0.2129226512481629 0.12325788647517744 -0.067359476502955387 0.19778403413916024 -0.065317825579594521 -0.067480017904455764 0.28189131959658992 -0.067353855191021078 -0.067361146451060602 1.3382032608224645 -0.062122024272125299 0.57045297571185294 -0.067392932381090662 0.075967824784207313 -0.063229567959086325 0.43477039910818527 0.26413094475816562 -0.012496791978222819 -0.04243083755353276
leaf_weight=1200.3894849210046 1328.0840048789978 0.79853787645697494 0.53511184826493163 10.627114508301021 2.0292065646499386 2.8867923663929087 0.95041607692837615 4.2758812550455332 1.1631099851801989 46.596421274356544 5.8325193757191292 2.1231144778430462 5.2729700757190585 0.90341824106871971 0.36178892292082299 380.43993612006307 2.5509640891104928 2.0351120745763183 1.0356132574379433 3.1800139071419835 0.35080224554985751 55.948361632414162 0.30933122150599957 3.7964124921709299 1.2424691282212723 113.55778962001204 1.1479964172467583 0.58944309409707685 2.7524742661044002 31.841738995164633
leaf_count=52390 48378 12 26 653 74 22 36 206 43 2937 303 9 41 59 11 24715 153 34 68 207 17 3552 19 239 29 7344 35 22 124 1773
internal_value=-0.00844549 -0.0622563 -0.0548544 -0.0287632 0.0275779 0.120806 -0.0518704 0.0354787 0.225235 -0.0633294 -0.0581021 0.00714047 0.168108 -0.0589653 0.0160714 -0.0595555 -0.0418164 0.0875566 -0.0514282 0.0406188 0.288292 -0.0587816 0.0953248 -0.0443209 -0.0524503 -0.0617737 -0.0527781 -0.0201109 0.119144 -0.036859
internal_weight=3213.61 1885.52 685.135 75.8429 22.0586 10.189 53.7844 6.23753 1.96165 47.5468 609.292 7.95563 8.15976 601.336 4.69331 596.643 66.3136 4.58608 61.7275 4.56643 1.38642 57.1611 1.21275 4.1582 11.8696 530.329 149.889 36.3317 3.90047 32.4312
internal_count=143531 95153 42763 4053 819 137 3234 261 55 2973 38710 312 63 38398 276 38122 4109 187 3922 292 85 3630 78 250 682 34013 9298 1954 159 1795
is_linear=0
shrinkage=0.1


Tree=87
num_leaves=31
num_cat=0
split_feature=31 31 5 25 20 20 0 6 25 9 35 2 19 3 2 2 34 2 0 0 34 34 25 4 35 4 33 4 34 0
split_gain=660.671 168.994 43.2464 10.1377 8.50262 8.34623 6.44278 4.87925 4.49463 7.62729 3.98924 5.02221 5.12882 5.80407 5.91318 5.35601 6.4327 5.2885 5.45859 5.54649 6.18343 5.20465 5.18267 5.17426 5.10714 8.1325 4.83525 7.852 4.80299 7.2814
threshold=5.6000049957114308 5.4500000000000011 0.28665966950380045 0.40371871613430826 35.825270335000006 53.498553596108671 24.025468460405094 7.9999628160976615 0.62856561641395048 2.9929295703187844 223.33631604039701 175.81676072983052 618.25370304554838 71.579326505541943 149.14953373761071 159.20010834881757 149.85447200004106 158.60031007204074 48.000101243897653 59.982175582157645 253.0007037603076 169.99945035689845 0.60368998671648899 76.00017680331581 266.00829249243219 86.700208571367241 58.000757899732228 86.100221474128929 242.00023969021822 59.982175582157645
decision_type=2 2 2 2 2 2 2 2 2 2 2 2 2 2 2 2 2 2 2 2 2 2 2 2 2 2 2 2 2 2
left_child=1 -1 7 -4 -5 6 -6 8 -3 -10 26 12 13 14 -12 17 -17 18 23 -20 22 -15 24 -16 -21 -26 27 -8 -18 -30
right_child=-2 2 3 4 5 -7 10 -9 9 -11 11 -13 -14 21 15 16 28 -19 19 20 -22 -23 -24 -25 25 -27 -28 -29 29 -31
leaf_value=0.067796804527265692 -0.067238150789153822 0.058318058130485323 0.034591332571489296 0.062011766525003287 0.042650280527809004 0.052738995587326899 0.050199790123730041 0.0025785307698706983 -0.3087406714974063 0.019088866120806069 0.031901405865667226 -0.031708648617108252 -0.073640752169131213 -0.027208907410931661 -0.066817805027041322 -0.084763124698915171 0.014431587771116082 -0.10075879606190002 -0.061497400559690031 0.024432971753094293 0.072838110952730892 0.026040240647105074 -0.09926340101226043 0.055629246637089041 -0.084818891953267098 0.034807569022881089 0.0061910580691092116 -0.047316484546112002 -0.062596411456193615 0.057855190836882536
leaf_weight=580.81156537309289 1149.8623625589535 211.22456214390695 135.36807296797633 27.627943770959973 46.978675849735737 38.35853102710098 51.467688728123903 18.472953088581562 0.8614015094935884 4.0298407375812531 37.500451715663075 53.333749748766422 9.1226931102573854 21.436411229893565 4.4641123823821571 8.166484082117675 126.78053874522448 8.759071432054041 35.374413423240185 21.671740840189159 7.5673162080347529 127.71379535458982 7.7678398080170146 15.207257200032471 15.897428961470725 8.8445926308631879 3067.3294265624136 9.8349116668105108 19.936724860221151 6.7070546559989443
leaf_count=23514 91434 6796 1792 627 790 807 545 74 13 98 136 190 32 73 22 30 466 37 153 89 25 425 33 64 61 31 15034 54 64 22
internal_value=0.000745474 0.0172771 0.0102029 0.00770284 0.00673937 0.00633218 0.00585261 0.0519071 0.0561235 -0.0386455 0.00538091 -0.00258816 0.000627925 0.00205793 -0.00544409 -0.0103213 0.00171729 -0.0258153 -0.0201949 -0.0299243 -0.0118368 0.0183871 -0.023663 0.0278418 -0.0110105 -0.0420557 0.00674682 0.034555 0.00632048 -0.0322751
internal_weight=5878.48 4728.62 4147.81 3913.22 3777.85 3750.22 3711.86 234.589 216.116 4.89124 3664.88 536.252 482.918 473.795 324.645 287.145 161.591 125.554 116.795 97.1233 61.7489 149.15 54.1816 19.6714 46.4138 24.742 3128.63 61.3026 153.424 26.6438
internal_count=143531 52097 28583 21602 19810 19183 18376 6981 6907 111 17586 1953 1763 1731 1233 1097 582 515 478 392 239 498 214 86 181 92 15633 599 552 86
is_linear=0
shrinkage=0.1


Tree=88
num_leaves=31
num_cat=0
split_feature=31 31 31 5 20 20 33 25 2 24 33 25 35 33 4 36 34 29 19 34 34 19 25 32 25 25 27 19 32 36
split_gain=330.421 359.094 132.274 28.6206 8.46418 8.37962 5.56454 5.3128 5.94193 6.62435 7.81813 4.31341 6.23739 4.3079 7.83586 4.40747 4.42887 4.22014 4.26834 4.68526 4.95754 4.45443 8.07735 5.00094 4.58928 4.6411 6.67171 4.02011 3.96638 3.95348
threshold=6.4051489207289158 5.6000049957114308 5.4500000000000011 0.28665966950380045 35.825270335000006 60.201788705762532 89.000872557812599 0.40371871613430826 149.34159418517933 17.304884098753252 58.720719713120623 0.62856561641395048 112.00330177081075 58.000757899732228 86.100221474128929 33.673513701735295 229.00076657614053 1.0000000180025095e-35 305.22030619402744 159.77476623336585 149.0006075912531 347.88033076887183 0.48535098307312602 108.93391545908379 0.50735836787144617 0.54314569692570414 14.999246317151824 433.95951600494578 128.99932175856262 58.216018804283998
decision_type=2 2 2 2 2 2 2 2 2 2 2 2 2 2 2 2 2 2 2 2 2 2 2 2 2 2 2 2 2 2
left_child=1 2 -1 6 -5 7 11 8 9 10 -6 -4 -13 14 15 -9 -17 -15 19 20 -19 22 23 -20 -24 26 -26 -8 -10 -30
right_child=-2 -3 3 4 5 -7 27 13 28 -11 -12 12 -14 17 -16 16 -18 18 21 -21 -22 -23 24 -25 25 -27 -28 -29 29 -31
leaf_value=-0.06722315769108346 -0.06722321932530903 0.060688253700461263 -0.053413697165457463 -0.062238550429441125 0.19721675811835759 -0.054838559324149307 -0.017011892191775204 0.12729419001248821 -0.031743529699695398 0.28759820897673943 -0.047068442150764216 0.22495777956595778 -0.071582564671038879 0.007117250920930936 0.054848556765025737 -0.05542640263470322 0.07141937173485978 -0.027563836829669341 -0.00779639611154909 -0.037920796606680851 0.10269782057193805 -0.013284605780952044 -0.062563928931869822 0.14694546412044049 0.15810033362455908 -0.030820409532919302 -0.017779573621296719 0.092134390391255747 0.10441135196541328 -0.041636961569546854
leaf_weight=291.79387714713812 587.82517775148153 1166.9601627103984 114.39662410225719 18.923351352103055 1.8829626254737366 23.387010661885142 15.12563478946686 1.5094572752714146 80.630883309990168 1.1605719756335018 4.3063502237200737 1.3691111756488674 1.471838400699198 3188.2927430942655 10.684055510908363 39.523688802495599 2.958635549992322 6.5291251093149167 2.845981437712906 62.670490453019738 5.2879664488136768 49.02340972237289 7.6730728056281832 7.846942488104105 4.858808344230054 6.6532630100846282 3.8783215507864952 4.3436659183353177 4.4579217284917823 3.1725133545696735
leaf_count=23514 48378 43056 6345 677 34 783 471 15 1439 20 77 39 57 16834 68 570 26 71 24 411 48 277 36 52 24 40 19 69 31 26
internal_value=0.00379487 0.0119268 -0.00241844 0.00272723 0.00446193 0.00482059 -0.0421693 0.0052197 -0.0180283 0.0683598 0.02725 -0.0503909 0.0713262 0.00587341 -0.0219695 -0.0406259 -0.0465924 0.00632845 -0.00966305 -0.0270303 0.0307262 0.00596447 0.0339193 0.10576 0.000611809 0.0321089 0.0800291 0.00733901 -0.0252222 0.0436887
internal_weight=5721.44 5133.62 3966.66 3674.86 3538.16 3519.23 136.707 3495.85 95.6112 7.34988 6.18931 117.238 2.84095 3400.24 54.6758 43.9918 42.4823 3345.56 157.267 74.4876 11.8171 82.7798 33.7564 10.6929 23.0635 15.3904 8.73713 19.4693 88.2613 7.63044
internal_count=143531 95153 52097 28583 21602 20925 6981 20142 1627 131 111 6441 96 18515 679 611 596 17836 1002 530 119 472 195 76 119 83 43 540 1496 57
is_linear=0
shrinkage=0.1


Tree=89
num_leaves=31
num_cat=0
split_feature=31 31 18 15 19 25 34 1 32 2 34 19 31 11 36 7 21 20 18 19 32 33 0 31 6 0 9 34 0 6
split_gain=1160.16 6.32216 5.48401 8.57635 12.8923 6.86654 5.2502 8.43356 5.82534 3.60298 3.45552 10.7146 2.67467 11.9103 2.45852 7.76448 11.1241 3.6705 9.6053 32.3131 2.67995 6.79608 2.24991 2.11604 1.88512 5.44359 6.76968 12.1655 12.7131 3.85192
threshold=6.4051489207289158 5.6118259625383446 1010.9852736542058 2.0309910489648288 170.28145517414308 0.57523483896344307 133.0020140027743 1.5180622530228722 112.75847691611595 139.41817403117145 291.04424081531926 561.98643847374728 5.6241022653462256 1.1979965595505604 37.000269382263831 3.3244828205164567 0.61414254953825897 87.915425788331234 1998.856532950756 393.1863314257925 97.998473070895031 66.223122770559399 76.504767209333124 6.2860469644010042 2.5099404652738149 64.605417964453196 1.7712552637146568 210.00031049318156 68.146967207923566 2.5678778087695142
decision_type=2 2 2 2 2 2 2 2 2 2 2 2 2 2 2 2 2 2 2 2 2 2 2 2 2 2 2 2 2 2
left_child=1 -1 3 6 23 -6 7 8 -3 -8 12 -12 13 -4 15 17 -17 20 19 -19 21 -14 -15 -5 -16 -26 27 -27 -29 -28
right_child=-2 2 10 4 5 -7 9 -9 -10 -11 11 -13 14 22 24 16 -18 18 -20 -21 -22 -23 -24 -25 25 26 29 28 -30 -31
leaf_value=-0.066228760769226944 0.06778893258766594 0.33487575849883272 0.44138166763309628 -0.067377093210282249 -0.069470414732121871 0.14310000623632566 0.12296800116569073 -0.068023822402413947 0.038743885343005352 -0.067343137211829454 -0.067634365425512141 0.19646690754302421 -0.067526889255877701 -0.067402974348453368 -0.064956243528507998 -0.067388227294043604 0.2471836689880699 -0.06749487999165911 -0.067600749002895727 0.88834266874575496 -0.06135131336582908 0.42840566981230155 0.1928614865657563 0.068848589018539838 -0.063396611546575748 -0.067541074504346613 0.18881613123723084 0.54966328887193516 0.058034793151915655 -0.039145740253428214
leaf_weight=1092.6527979355305 1165.6337917372584 1.1823001727461808 0.58093291614204545 9.4244326110929268 1.8476969432085741 8.558073000982402 1.0193001888692368 3.416276665404439 1.5161133278161285 41.378116313368082 5.1427261596545568 2.1904516480863094 0.90456203836947568 3.6034336537122731 335.80719248857349 2.2921608602628103 2.2061002478003502 1.1393694505095471 3.205544700846076 0.51289065275341261 49.543477115221322 0.39785498939454556 0.36587676592171181 1.2972138840705145 97.035674405284226 2.1746438201516858 0.75876851379871268 0.9178003724664453 1.2321088770404456 32.067701183259487
leaf_count=52390 48378 18 28 653 74 63 36 201 42 2937 303 9 54 239 24715 152 35 79 207 6 3552 24 9 29 7121 129 23 11 35 1979
internal_value=-0.00909211 -0.0616717 -0.0535319 -0.0271153 0.0260619 0.105355 -0.0502744 0.0363511 0.168493 -0.0627678 -0.0569255 0.0112538 -0.0578605 0.0184813 -0.0585157 -0.0394892 0.0868885 -0.0496946 0.0333533 0.229214 -0.057629 0.0839678 -0.0434127 -0.0508951 -0.0609528 -0.050934 -0.0183827 0.0992261 0.267912 -0.0338765
internal_weight=2870.01 1704.37 611.719 69.6395 21.1274 10.4058 48.5121 6.11469 2.69841 42.3974 542.079 7.33318 534.746 4.55024 530.196 60.202 4.49826 55.7037 4.8578 1.65226 50.8459 1.30242 3.96931 10.7216 469.994 134.187 37.151 4.32455 2.14991 32.8265
internal_count=143531 95153 42763 4053 819 137 3234 261 60 2973 38710 312 38398 276 38122 4109 187 3922 292 85 3630 78 248 682 34013 9298 2177 175 46 2002
is_linear=0
shrinkage=0.1


Tree=90
num_leaves=31
num_cat=0
split_feature=31 31 5 20 20 0 35 36 33 0 14 6 37 37 27 27 19 0 24 4 0 18 25 3 35 36 36 35 0 32
split_gain=568.856 154.964 37.4626 8.63688 8.07256 7.24288 5.8863 4.94986 5.2558 4.19609 3.86353 3.79975 3.53882 31.2153 4.81817 4.33751 4.98572 6.53778 4.01107 6.76487 4.49758 4.33651 3.78895 4.42638 3.82396 4.36342 7.25802 8.82726 3.52997 5.45455
threshold=5.6000049957114308 5.4500000000000011 0.28665966950380045 54.803380124138151 35.825270335000006 24.025468460405094 53.008262816726948 33.29955939267159 66.999700631121712 68.000042161056527 0.99998693382312853 7.9999628160976615 0.99994764460092833 0.0030789039529736111 5.1264275966672042 24.941627533463485 141.77889229879545 79.000079436743036 23.570656772409762 79.281936166713749 37.961821577729481 1146.5965248918199 0.39850792303535865 44.179225916429466 67.999443882971377 46.000024619376738 57.264347814862383 91.003054295085079 45.000189413644037 164.01557144262543
decision_type=2 2 2 2 2 2 2 2 2 2 2 2 2 2 2 2 2 2 2 2 2 2 2 2 2 2 2 2 2 2
left_child=1 -1 7 4 -4 -6 9 8 -3 -7 12 -9 13 22 -14 16 -16 18 -18 -20 -21 -22 23 24 -8 -26 27 -27 29 -24
right_child=-2 2 3 -5 5 6 10 11 -10 -11 -12 -13 14 -15 15 -17 17 -19 19 20 21 -23 28 -25 25 26 -28 -29 -30 -31
leaf_value=0.067654607934086675 -0.067168336718844687 -0.24524681036463014 0.061105816987234246 0.053808478984325316 0.042313568802798823 0.02390075617977383 0.070521245783633599 0.057378450376820427 0.0034506392815659582 -0.017080834032012788 0.055469829943294302 0.008400385707847938 0.038225758117417477 -0.10888355936840094 -0.08803275336805623 0.027799773573302017 0.025739991004317272 -0.10148998152325861 -0.11185678304629165 0.080801498195187407 0.061748847738662273 -0.029763417924914493 0.0092088867952653634 0.048259630998786884 0.046403977573630989 -0.28234158188929065 0.040282297361759728 -0.029074578082155939 0.0014875880557671407 -0.10068011626412787
leaf_weight=509.84438469447196 1011.2778289313428 0.95519084669649412 26.854955045506358 38.934333881363273 54.39896572008729 244.66495007369667 4.1350906714797047 186.49619651027024 7.6986963860690594 27.825738579034805 14.782022809609769 17.310114644467831 68.967406269162893 24.589504997245967 6.7642886638641349 64.103130150586367 52.151008721441031 5.9279720745980731 6.1983435004949561 5.9267266467213622 6.3091110698878756 28.888987401500344 984.30447209160775 39.440365750342607 3.9891777373850337 2.6191927343606931 3.1862097345292568 2.8997010737657547 2154.0830213981681 4.5378307700157157
leaf_count=23514 91434 24 677 907 1010 2059 59 6676 210 126 324 71 398 285 31 312 320 28 32 31 24 103 5015 495 52 34 39 35 9193 13
internal_value=0.000736937 0.0156694 0.00918741 0.00694656 0.00647111 0.00608609 0.00556144 0.0500733 -0.0239999 0.0197159 0.00445433 0.0532185 0.00423695 0.00335603 0.0158171 0.00704953 -0.00480924 0.000531713 0.0066115 -0.0144685 0.00020994 -0.0133602 0.00421872 0.0299386 -0.0129976 -0.0402034 -0.0798918 -0.149272 0.00375824 0.0087046
internal_weight=5610.06 4598.79 4088.94 3876.48 3837.55 3810.69 3756.29 212.46 8.65389 272.491 3483.8 203.806 3469.02 3223.78 245.237 176.27 112.166 105.402 99.4742 47.3232 41.1248 35.1981 3199.2 56.2697 16.8294 12.6943 8.7051 5.51889 3142.93 988.842
internal_count=143531 52097 28583 21602 20695 20018 19008 6981 234 2185 16823 6747 16499 15220 1279 881 569 538 510 190 158 127 14935 714 219 160 108 69 14221 5028
is_linear=0
shrinkage=0.1


Tree=91
num_leaves=31
num_cat=0
split_feature=31 31 31 5 20 20 33 35 2 18 33 0 32 5 30 30 18 15 19 25 34 32 35 20 6 19 19 19 37 37
split_gain=286.505 309.421 117.307 23.6717 7.2681 7.14547 5.2739 4.79101 4.60202 10.972 7.0907 4.31032 4.22835 4.01737 4.03923 4.6764 3.53569 6.76941 13.7773 7.26518 3.62734 6.8934 6.05503 3.50677 3.80445 3.76544 3.3933 12.051 3.56647 7.12021
threshold=6.4051489207289158 5.6000049957114308 5.4500000000000011 0.28665966950380045 35.825270335000006 60.201788705762532 89.000872557812599 53.008262816726948 153.93850511624245 2926.9750855410307 57.997880747875264 68.000042161056527 96.006404224366449 0.99811100428669308 1.3333325603523505 1.0158738232264939 1010.9852736542058 2.0309910489648288 170.28145517414308 0.57523483896344307 133.0020140027743 114.99981424591812 80.998615930357587 10.439204592311599 0.99995336598937867 433.95951600494578 382.93705084364461 377.17754391545782 0.11472906709466714 0.90573090560473657
decision_type=2 2 2 2 2 2 2 2 2 2 2 2 2 2 2 2 2 2 2 2 2 2 2 2 2 2 2 2 2 2
left_child=1 2 -1 6 -5 7 8 11 9 10 -4 26 -12 -9 15 -15 17 20 -19 -20 21 22 -3 -8 -25 -26 27 28 -6 -30
right_child=-2 16 3 4 5 -7 23 13 -10 -11 12 -13 -14 14 -16 -17 -18 18 19 -21 -22 -23 -24 24 25 -27 -28 -29 29 -31
leaf_value=-0.067153382932262792 -0.067153437458979073 -0.27781585236013806 0.38336311462237349 -0.060759735022765785 -0.016620818055277178 -0.052983881184628892 0.41768756996958445 0.075635463554244678 -0.05707472707140248 0.59862265463015185 0.15104661163957017 0.03024391543367121 -0.038414965802554983 0.0059797265085647132 -0.044903075567874172 0.086713198439178851 0.061749190287393785 0.057681127770083475 0.069216850370330915 -0.12408986026831617 0.065089803250018605 0.067930116316772024 -0.0069353890003843194 -0.05329865114774434 0.0020644275126195915 0.12591589951645518 -0.03897044459577504 0.19665734788188555 0.17878077590267666 0.0059291510474243237
leaf_weight=255.73964568600059 515.19689034484327 1.3541686125099643 0.44487334974109849 17.0252665290609 143.43159610778093 21.31739058252424 0.20738586410880344 8.2855885792523605 90.81535909883678 0.30210472177714187 1.2908672066405404 25.5266532022506 13.466818081215022 3220.9738336829469 15.566163288429378 7.1907336814329019 928.1542774066329 17.375593537464741 2.4691297374665728 9.146168375387786 71.907998571172357 5.4025062173604965 2.1125432923436165 7.1342325275763878 8.1379574667662364 3.5150994416326293 41.315811520442367 2.8557813931256524 2.660830236971381 22.833523884415627
leaf_count=23514 48378 18 21 677 1570 783 13 115 5608 20 41 127 751 17108 344 134 38983 682 74 63 2991 208 37 444 70 13 461 27 14 242
internal_value=0.00381587 0.0112054 -0.00167867 0.00290346 0.00442012 0.0047361 -0.0398072 0.0050886 -0.0484783 0.00187353 -0.00998504 -0.00858807 -0.0218426 0.00609216 0.00591452 0.00615956 0.059742 0.0427703 0.00131774 -0.0829976 0.0576476 -0.0026911 -0.112747 0.00872795 0.0042136 0.0394237 -0.0132397 -0.00705111 -0.0104949 0.0239696
internal_weight=5463.16 4947.96 3910.04 3654.3 3528.98 3511.96 125.315 3490.64 106.32 15.5047 15.2026 238.624 14.7577 3252.02 3243.73 3228.16 1037.92 109.768 28.9909 11.6153 80.7772 8.86922 3.46671 18.9947 18.7873 11.6531 213.098 171.782 168.926 25.4944
internal_count=143531 95153 52097 28583 21602 20925 6981 20142 6441 833 813 2441 792 17701 17586 17242 43056 4073 819 137 3254 263 55 540 527 83 2314 1853 1826 256
is_linear=0
shrinkage=0.1


Tree=92
num_leaves=31
num_cat=0
split_feature=31 31 18 15 19 10 34 32 35 33 19 5 0 9 34 31 0 34 19 20 8 33 9 4 31 32 31 2 7 32
split_gain=1018.31 6.89349 5.67744 8.34263 11.5042 5.99628 5.18037 7.04396 6.47891 3.73662 6.12358 3.63884 7.32548 20.9967 23.3941 47.3598 9.60844 8.69116 5.12962 4.43153 4.85558 35.5225 5.8851 3.00471 2.63702 10.7894 2.05928 2.03934 2.45257 3.48615
threshold=6.4051489207289158 5.6118259625383446 1010.9852736542058 2.0309910489648288 170.28145517414308 3.7097661833153337 133.0020140027743 114.99981424591812 80.998615930357587 95.001313310710572 201.1761240090529 1.4248529255552376 64.605417964453196 2.3124144521610619 217.00110788982744 5.7999852773121683 65.280427775237925 291.04424081531926 561.98643847374728 42.14889144055379 2.9110700940006629 59.000956005828485 5.7921410632270254 89.900139245631252 5.6717916998647677 112.2879620687991 6.2860469644010042 148.90030966913864 2.1822110498596516 130.23415487154276
decision_type=2 2 2 2 2 2 2 2 2 2 2 2 2 2 2 2 2 2 2 2 2 2 2 2 2 2 2 2 2 2
left_child=1 -1 3 6 26 23 7 8 -3 -8 -11 24 17 14 16 -16 -14 19 -19 20 21 -13 -23 -6 25 -4 -5 28 -15 -30
right_child=-2 2 11 4 5 -7 9 -9 -10 10 -12 12 13 27 15 -17 -18 18 -20 -21 -22 22 -24 -25 -26 -27 -28 -29 29 -31
leaf_value=-0.065978165254473461 0.067647188141154002 0.33123646738449897 0.29710302001749506 -0.067292713228028808 0.017478456006492199 -0.069768230659910543 -0.067269372834809937 -0.067458966012244187 0.025953520990074849 -0.067320777743796287 0.44681905481157608 3.8403281007062606 0.52461829596051757 -0.067505342838703672 1.0436889539436722 0.085862296260197535 -0.041403348470414651 -0.067933372664272046 0.19903524012790624 -0.06512931200558808 -0.067348422587964085 -0.067688519327050459 0.19754303745520108 0.16580495525222147 -0.062125063006006703 -0.067285984775759353 0.067791085940762857 -0.053159272375650483 0.15283083836194794 -0.067484884643503759
leaf_weight=996.19435368478298 1022.6851410605013 1.175679333508014 1.0424990886822332 8.3212997764349002 1.7002952443435768 1.68168335687369 36.632247108966112 3.0471786251291633 1.7009544512256978 0.60122833121567865 0.37686214782297611 0.025244265794753473 0.33097834140062632 2.0522747375071075 0.79770576488226685 1.4629342118278144 3.1946760369464755 1.0931851146742695 2.1067361980676651 94.452863886021078 3.2943314788863063 1.5541095845401289 1.8119269860908387 6.9407849367707968 343.41415804624557 3.6844417974352837 1.3055806588381518 19.878704023547471 1.9897085800766947 1.1239070072770116
leaf_count=52390 48378 18 20 653 54 50 2924 208 35 45 4 1 13 143 23 28 193 53 7 7861 246 102 19 33 28215 281 29 1393 35 77
internal_value=-0.0097366 -0.0610262 -0.0520043 -0.0238888 0.0296622 0.102996 -0.0484287 0.0384911 0.150723 -0.0621189 0.130779 -0.0556973 -0.0417719 0.00105413 0.172742 0.423848 0.0117331 -0.0544266 0.107831 -0.0595603 0.0191181 0.103113 0.0750848 0.136619 -0.061104 0.0130779 -0.0489729 -0.0386125 0.0173644 0.0733045
internal_weight=2565.67 1542.99 546.794 63.4838 19.9496 10.3228 43.5341 5.92381 2.87663 37.6103 0.97809 483.31 135.169 30.8309 5.78629 2.26064 3.52565 104.338 3.19992 101.138 6.68561 3.39128 3.36604 8.64108 348.141 4.72694 9.62688 25.0446 5.16589 3.11362
internal_count=143531 95153 42763 4053 819 137 3234 261 53 2973 49 38710 10194 1905 257 51 206 8289 60 8229 368 122 121 87 28516 301 682 1648 255 112
is_linear=0
shrinkage=0.1


Tree=93
num_leaves=31
num_cat=0
split_feature=31 31 5 25 20 20 0 36 35 2 35 36 36 34 33 36 6 24 30 19 19 24 27 27 10 19 32 36 3 19
split_gain=490.207 141.422 32.2765 7.44095 6.31744 6.01175 4.99976 4.83532 3.83957 5.24258 6.51014 8.21783 16.0743 4.13753 3.72345 8.51387 3.60125 3.51893 3.50618 3.44706 4.57622 3.41606 5.04398 12.0572 14.4954 6.04068 8.71106 6.62615 6.08603 6.20022
threshold=5.6000049957114308 5.4500000000000011 0.28665966950380045 0.40371871613430826 35.825270335000006 53.498553596108671 24.025468460405094 33.29955939267159 66.00037219727659 161.60050404787455 99.000327270889201 57.820796102524518 52.000080685734304 174.70566833670907 69.445941854979438 30.366662791564067 7.9999628160976615 30.142036502351164 1.9969143043363837 270.39616943426273 335.05826525000003 27.543149256318411 4.0002507619988021 5.9999898939214322 4.9999488137370776 346.31868336713694 162.00092129381133 35.000283534817761 50.142197438503445 319.40827942504262
decision_type=2 2 2 2 2 2 2 2 2 2 2 2 2 2 2 2 2 2 2 2 2 2 2 2 2 2 2 2 2 2
left_child=1 -1 7 8 -5 6 17 14 -4 10 11 12 19 -14 15 -3 -9 -6 21 -10 -21 22 25 24 -24 26 28 -27 -8 -30
right_child=-2 2 3 4 5 -7 18 16 9 -11 -12 -13 13 -15 -16 -17 -18 -19 -20 20 -22 -23 23 -25 -26 27 -28 -29 29 -31
leaf_value=0.067530561859012003 -0.067106893384830515 0.068845503976876457 0.049802864431155044 0.058702295689099217 0.046930719329756641 0.04827292136124977 0.039894326583497057 0.056042063698756833 0.072978414604954925 0.03956035942014631 0.050829703384172954 0.040370750247512688 -0.3050039285776156 -0.13011162772763563 0.0087826519282563943 -0.36579443043617893 0.007813714842929375 -0.067374894530489199 0.072432074244935793 -0.17106945306788507 0.03029639597028146 -0.0032325557981321036 -0.11897325913134658 0.0045274190727150106 -0.011575146343451937 -0.021750426589385027 -0.080064839454044856 0.034244275498793664 0.009414870432569479 -0.027888912546337432
leaf_weight=447.44734225794673 888.82511600968428 0.88280462101101675 56.010119892656803 22.159025629982352 39.133558778092265 32.045052407309413 56.47853722423315 167.39797213114798 3.3746941648423725 36.743274906650186 9.6229957714676839 6.8074421361088744 3.0126984789967537 2.4549722298979759 6.7190666776150465 0.92070890963077545 17.060748659074306 2.8922967314720145 7.5535037871450177 2.0524121224880219 2.5073280297219753 524.34088213555515 16.785265325568616 2329.6054564695805 50.008889162912965 23.985523872077465 11.2224048320204 177.71946046035737 371.47140674293041 50.627971848472953
leaf_count=23514 91434 21 903 627 760 807 387 6676 42 493 136 93 39 24 193 20 71 30 119 24 38 2009 150 11355 227 95 41 975 1982 246
internal_value=0.00073112 0.014193 0.00827327 0.00626706 0.0054674 0.00514805 0.00477066 0.0481789 0.0305078 0.0142749 -0.0168679 -0.0491028 -0.0945499 -0.226478 -0.025462 -0.153042 0.0515814 0.039064 0.00437251 -0.00363759 -0.0603416 0.0042302 0.00549741 0.00332634 -0.0385641 0.0130212 0.00702337 0.0275857 0.00906554 0.00494053
internal_weight=5367.87 4479.04 4031.6 3838.62 3716.03 3693.87 3661.83 192.981 122.586 66.5758 29.8325 20.2095 13.4021 5.46767 8.52258 1.80351 184.459 42.0259 3619.8 7.93443 4.55974 3612.25 3087.9 2396.4 66.7942 691.505 489.8 201.705 478.578 422.099
internal_count=143531 52097 28583 21602 19810 19183 18376 6981 1792 889 396 260 167 63 234 41 6747 790 17586 104 62 17467 15458 11732 377 3726 2656 1070 2615 2228
is_linear=0
shrinkage=0.1


Tree=94
num_leaves=31
num_cat=0
split_feature=31 31 31 6 13 30 30 35 25 35 35 35 8 5 3 20 2 32 32 3 24 32 35 20 32 2 34 8 35 24
split_gain=248.517 267.539 103.772 19.5255 6.70431 4.85643 7.18942 4.5658 5.66324 9.18965 9.34473 5.10425 5.14597 10.7382 6.21343 6.14513 9.50888 5.34144 11.6047 4.47594 7.68907 4.41757 4.58587 3.95847 3.57529 3.47979 3.32489 4.20861 3.53659 5.64459
threshold=6.4051489207289158 5.6000049957114308 5.4500000000000011 0.307916612642544 7.9988468735526297 1.3333325603523505 1.0158738232264939 154.00005118626294 0.62856561641395048 101.0009019484761 114.00074750994411 155.00144034948264 2.0249169791237751 0.99811100428669308 61.926771767645683 15.968046334141228 173.60154934714333 120.96743654601582 124.92349579790684 49.947648674351363 21.55534638905678 91.01827667847715 215.0013029070565 58.906677588101893 135.99916366506253 152.70011315467039 147.00047569679046 8.0018873149110643 76.999896633238208 20.56070834050114
decision_type=2 2 2 2 2 2 2 2 2 2 2 2 2 2 2 2 2 2 2 2 2 2 2 2 2 2 2 2 2 2
left_child=1 2 -1 7 5 6 21 8 -4 -10 -11 -9 13 15 -15 16 -13 -16 -19 20 -14 22 25 26 -20 -5 28 -28 -23 -30
right_child=-2 -3 3 4 -6 -7 -8 11 9 10 -12 12 19 14 17 -17 -18 18 24 -21 -22 23 -24 -25 -26 -27 27 -29 29 -31
leaf_value=-0.067092393950258636 -0.067092444952047303 0.058878410164737785 -0.052941173085648198 0.02211569957183164 -0.043355010940018243 -0.045586318480600532 0.091216826869295622 0.29797839712168039 -0.069432881223000689 0.54954990793975933 0.0451263238767525 -0.067287830287846725 -0.067631719870718185 -0.07024328466041839 0.029044173935225234 -0.057148068379032947 0.74893082407739286 0.52405910729425098 0.0047864692296567838 -0.069512919375401619 0.54860228439038272 -0.017998800877708575 0.15067300695555691 -0.066889379309588201 0.22716877895867957 -0.05492417126312802 0.0061670707815596635 0.088933649469291803 0.046118565929280812 -0.0031490512665030565
leaf_weight=224.09958855248988 451.46004017069936 923.28844937309623 86.109009842388332 7.5532857924699774 29.1664102897048 19.032292562536895 9.6597625175490958 0.54984951298683782 1.8475385429337614 0.64886084198951699 0.84624617919325829 0.33913386985659855 0.53405913617462175 1.3977051153779019 1.9556252928450701 9.906852647662161 0.2464553490281105 1.0074841687455776 1.2750879656523468 13.036165954545138 0.32612547371536493 119.75474248174578 1.3440462164580811 7.6025955937802783 1.669582982547581 26.200205605477095 3096.3362860539928 6.1558960434049359 27.202637743204832 160.22964312974364
leaf_count=23514 48378 43056 5492 113 868 569 177 33 50 13 29 25 32 43 46 726 16 15 32 690 15 1359 13 309 35 467 16158 40 303 915
internal_value=0.00382753 0.0105267 -0.00105062 0.00302433 0.00438954 0.00478957 0.00506651 -0.0363545 -0.0479837 0.0797241 0.264041 -0.0040926 -0.00933309 0.0262717 0.11936 -0.0385419 0.276232 0.164218 0.231105 -0.0549344 0.166004 0.00482546 -0.0304713 0.00518798 0.130874 -0.0376843 0.00534869 0.00633129 -0.00457528 0.00400131
internal_weight=5230.78 4779.32 3856.03 3631.93 3510.24 3481.07 3462.04 121.696 89.4517 3.34265 1.49511 32.2441 31.6943 17.7979 7.30549 10.4924 0.585589 5.90778 3.95216 13.8964 0.860185 3452.38 35.0975 3417.28 2.94467 33.7535 3409.68 3102.49 307.187 187.432
internal_count=143531 95153 52097 28583 21291 20423 19854 7292 5584 92 42 1708 1675 938 171 767 41 128 82 737 47 19677 593 19084 67 580 18775 16198 2577 1218
is_linear=0
shrinkage=0.1


Tree=95
num_leaves=31
num_cat=0
split_feature=31 31 25 4 35 20 34 5 5 12 7 24 19 32 18 18 5 36 20 34 10 8 31 6 6 32 0 6 9 25
split_gain=894.775 7.22777 5.24658 6.60099 6.25155 9.5119 6.70123 5.63489 7.41927 4.80513 9.57923 3.79715 6.6259 6.49313 6.82363 20.2891 7.32186 6.49554 8.15585 4.53561 3.06809 2.93023 2.78413 4.83681 11.0342 4.06189 2.45284 10.7663 12.1164 16.0103
threshold=6.4051489207289158 5.6118259625383446 0.55362742704479029 76.400452873159864 257.00001454217579 27.948747884313061 202.74033956264529 6.1291841740598709 6.3770011650841463 4.8854817426460375 3.1399642815909883 26.347182043348891 253.22772251565021 130.23415487154276 1564.8718648318384 1554.8319285079758 6.0053365900452427 33.886447181404101 96.623082091217114 266.00269122272681 2.9261772406320388 1.5897566835898378 6.3000100808444772 1.4469561112096274 5.2489237263514719 171.00263229213229 65.887446033823934 4.2236066430492576 1.9706109266399865 0.53035585057680212
decision_type=2 2 2 2 2 2 2 2 2 2 2 2 2 2 2 2 2 2 2 2 2 2 2 2 2 2 2 2 2 2
left_child=1 -1 22 -4 9 6 -6 -7 -9 11 -11 12 -5 14 15 16 -14 18 -16 21 -12 -19 26 25 -25 -24 -3 -28 29 -29
right_child=-2 2 3 4 5 7 -8 8 -10 10 20 -13 13 -15 17 -17 -18 19 -20 -21 -22 -23 23 24 -26 -27 27 28 -30 -31
leaf_value=-0.065714695259896747 0.067523526982405144 -0.064715033286280574 0.33881291220847559 -0.067272709965360819 0.19726901585286682 -0.049468454896111583 -0.067462434232903795 0.33428697801124091 -0.0049511923481202775 -0.059855463298565129 0.15474199365210958 -0.065219008446915222 -0.067310709536972574 -0.067177099160995166 -0.067169268388911602 0.56096324158220479 0.20218606266029351 0.13969122364400896 0.41713146663401202 0.13054407545622648 -0.027063916343514339 -0.067205397480445725 -0.06723986944863411 0.33576195670642262 -0.067250421940366734 0.36593255574669109 -0.065643469146938721 0.020439993845744533 -0.022237337987745204 0.41394634559755011
leaf_weight=908.82315363036469 896.98419534042478 234.43318430054933 0.46887947432696719 24.299814904108644 3.8561634020879891 14.342869714833798 1.2714668605476616 0.93867552652955 2.0584672158583999 7.5175227131694538 4.2138851629570127 74.682448347099125 2.4567978251725497 8.3893375275656563 0.6243871385231603 0.92515435442328442 1.7096737213432787 0.7418214213103046 0.78477737959474325 1.6015876224264491 1.1904519619420169 8.864246463403104 6.051311659626661 1.1965071884915235 1.571859862655401 0.22450553532689799 63.491723068058491 2.8653641920536783 17.123049145564437 1.6176603930070994
leaf_count=52390 48378 22080 3 2125 69 1039 90 7 118 579 33 6698 206 753 56 13 43 7 6 28 81 789 533 23 133 7 5832 134 1237 41
internal_value=-0.0104323 -0.0604383 -0.0506422 -0.0358496 -0.0369443 0.0119728 0.131625 -0.0234097 0.101295 -0.0449084 0.0131469 -0.050906 -0.0296961 0.00529178 0.0396238 0.137339 0.0432748 0.000189764 0.202543 -0.0252525 0.114694 -0.051228 -0.0578877 -0.00317355 0.106934 -0.0517439 -0.0594363 -0.0448942 0.0160798 0.162433
internal_weight=2295.32 1398.34 489.514 160.938 160.47 22.4676 5.12763 17.34 2.99714 138.002 12.9219 125.08 50.3976 26.0978 17.7084 5.09163 4.16647 12.6168 1.40916 11.2077 5.40434 9.60607 328.575 9.04418 2.76837 6.27582 319.531 85.0978 21.6061 4.48302
internal_count=143531 95153 42763 12743 12740 1323 159 1164 125 11417 693 10724 4026 1901 1148 262 249 886 62 824 114 796 30020 696 156 540 29324 7244 1412 175
is_linear=0
shrinkage=0.1


Tree=96
num_leaves=31
num_cat=0
split_feature=31 31 5 14 13 0 24 7 36 11 11 11 11 19 2 34 36 27 8 18 0 37 37 10 32 35 18 33 18 18
split_gain=423.405 128.537 27.7025 6.51029 6.53189 5.6263 7.40942 5.14794 4.64053 4.20165 23.066 5.942 24.5019 6.61722 4.9222 6.27638 4.62207 4.39673 4.34131 5.23069 6.12667 4.29974 17.0503 6.90087 4.2552 5.89873 6.50306 5.46114 4.64956 5.87674
threshold=5.6000049957114308 5.4500000000000011 0.28665966950380045 0.99998693382312853 7.9988468735526297 32.00364764427696 23.663394278753852 3.9999698480228596 33.29955939267159 7.9999025157879391 5.0002277014888366 2.0000405439524505 2.9916750384456821 395.33258407223838 169.53765546679116 252.00097047291516 30.366662791564067 5.9999898939214322 1.9999927881542103 3509.138427789881 45.81703977325899 0.99994764460092833 0.020008538343411045 5.9998872388027653 127.00014242377244 395.88813684390612 1901.4193688710679 84.944246921080065 2249.2830576391057 3509.138427789881
decision_type=2 2 2 2 2 2 2 2 2 2 2 2 2 2 2 2 2 2 2 2 2 2 2 2 2 2 2 2 2 2
left_child=1 -1 8 4 5 6 -4 9 -3 10 11 13 -13 21 -11 -16 -15 -14 -18 -20 -21 22 -7 -23 25 27 -27 28 -19 -30
right_child=-2 2 3 -5 -6 7 -8 -9 -10 14 -12 12 17 16 15 -17 18 24 19 20 -22 23 -24 -25 -26 26 -28 -29 29 -31
leaf_value=0.067422301536259485 -0.067053517444629826 -0.026007482235456764 0.032567106267777805 0.056479033913976552 0.044729238272232831 0.0024460947982166766 0.0015299065692234385 0.069679484845167103 0.049843792063712075 0.0064877895848780886 -0.10750969869170145 -0.10419135913925193 -0.099349342614822408 -0.06557628333546682 0.034723838888984268 -0.10345789350216844 -0.04164111887794944 0.0094853054600250869 0.031926118474095266 0.059367263477792691 -0.058496233185514002 0.030968184502497578 -0.13670279519662615 -0.082088977832375454 -0.0094095415930630158 0.044123201288178017 -0.064444797336278711 0.027330476835443804 -0.021601219125737273 0.022188038012798311
leaf_weight=392.61816379614174 782.05406351923011 8.4728005919605476 161.85757603496313 25.038202049210668 41.592477599158883 973.57583172619343 146.56623825617135 11.791032882407306 167.86270805820823 999.33182670176029 19.397871467284858 23.743249129503965 4.5587487127631894 5.910176344215869 94.908944899216294 3.4049878790974608 9.6456356868147832 297.41945475898683 196.5246864259243 6.4467585086822536 13.961359806358812 85.753941910341382 8.8862280868925136 5.761678395792841 366.17739679664373 7.2384185716509846 23.201080890372396 103.54357766732574 129.69847262091935 40.130941426381469
leaf_count=23514 91434 234 2043 765 914 4578 1000 304 6747 5357 214 219 45 22 596 13 41 1366 947 37 64 512 82 25 1230 29 79 370 568 182
internal_value=0.000718109 0.0128326 0.00745068 0.00565545 0.0053189 0.00488055 0.0178179 0.00371757 0.0461992 0.00349011 0.00107972 0.00199469 -0.00382473 0.0064299 0.00858818 0.0299381 0.0217262 -0.00137297 0.0240034 0.0269222 -0.0212641 0.00311865 0.00118751 0.0238503 -0.000911276 0.00426455 -0.0386277 0.00655193 0.00194735 -0.0112538
internal_weight=5157.07 4375.02 3982.4 3806.07 3781.03 3739.44 308.424 3431.01 176.336 3419.22 2321.58 2302.18 995.711 1306.47 1097.65 98.3139 232.489 971.968 226.578 216.933 20.4081 1073.98 982.462 91.5156 967.409 601.232 30.4395 570.792 467.249 169.829
internal_count=143531 52097 28583 21602 20837 19923 3043 16880 6981 16576 10610 10396 4088 6308 5966 609 1111 3869 1089 1048 101 5197 4660 537 3824 2594 108 2486 2116 750
is_linear=0
shrinkage=0.1


Tree=97
num_leaves=31
num_cat=0
split_feature=31 31 31 6 13 9 25 9 24 18 2 18 31 33 6 30 30 18 10 18 35 33 32 5 20 35 18 15 19 34
split_gain=215.417 230.251 91.6017 16.2119 5.76961 4.62242 8.83586 9.61737 19.3358 7.58978 4.91911 7.89558 4.45195 5.09783 4.18393 5.09854 6.55195 4.02756 4.56287 7.46949 7.48623 5.91016 3.8231 3.7998 6.07813 3.74739 3.61145 6.25442 10.5681 5.21833
threshold=6.4051489207289158 5.6000049957114308 5.4500000000000011 0.307916612642544 7.9988468735526297 2.9929295703187844 0.49582367492046037 1.9939837295098697 23.942585282832532 1107.885177185932 152.70011315467039 2899.4424584390126 5.5999934808113094 89.999026617873696 0.99995336598937867 1.3333325603523505 1.0158738232264939 1463.8146562275847 2.9999970915648553 1553.6736647163295 39.027427784777807 61.999958221051976 91.01827667847715 7.9713708910364298 11.082951485268666 215.0013029070565 1010.9852736542058 2.0309910489648288 170.28145517414308 194.0012485302598
decision_type=2 2 2 2 2 2 2 2 2 2 2 2 2 2 2 2 2 2 2 2 2 2 2 2 2 2 2 2 2 2
left_child=1 2 -1 5 14 6 -4 23 -9 -10 11 12 13 17 -5 16 22 -7 -19 -20 -21 -22 25 24 -8 -16 27 -3 -29 -30
right_child=-2 26 3 4 -6 10 7 8 9 -11 -12 -13 -14 -15 15 -17 -18 18 19 20 21 -23 -24 -25 -26 -27 -28 28 29 -31
leaf_value=-0.067039070621796856 -0.067039111331534437 0.055350018942725822 -0.068030931539824632 0.094736369066405451 -0.041445731158660425 -0.067820196507546546 0.33759477997813586 0.82771905249974354 0.40444800888390531 -0.0076367308837049317 -0.054099596836474917 0.45881623212409955 -0.067854972417625989 0.27891922372683237 -0.036053733558644913 -0.050017869120603367 0.093911327070922743 -0.068094857042548543 0.65251642357057271 0.96104842904313514 0.40120902011489684 -0.013844982054769292 0.0049152635943507939 0.19225034074728015 -0.023197282519848206 0.12523966715456905 0.060105477834350468 0.054829040666130528 -0.11280464905921256 0.049368090060258059
leaf_weight=196.34284752327949 395.54545965604484 64.30049236305058 9.3378512952476758 5.149012576788663 27.354733351618052 2.9954642578959429 0.49266108404844722 0.44831491727381889 0.62058859411627088 1.5973705817013977 76.865416131913662 0.38201120961457569 5.859490055590868 0.84921438712626685 32.32547215372324 17.05295944493264 8.2306091012433154 1.2741945693269374 0.27830595709383521 0.097609495744109487 0.42494563758373294 1.7807335974648593 3409.439556770958 1.0973595678806312 8.9416803587228042 1.5076242461800564 734.0484713613987 13.889631265774371 8.6556236408650857 2.5742603801190844
leaf_count=23514 48378 3254 682 69 868 180 19 15 7 87 5191 16 354 24 580 565 161 69 11 3 6 81 19035 5 542 13 38983 682 61 76
internal_value=0.00379732 0.00984345 -0.000518265 0.0030953 0.00430033 -0.0341268 0.00641104 0.0590803 0.228737 0.107665 -0.0441872 0.0104623 -0.00216873 0.0478137 0.00466057 0.00452685 0.00479635 0.0191681 0.0867471 0.163172 0.104045 0.0661192 0.00458333 0.0161289 -0.00435673 -0.0288664 0.0577941 0.03882 -0.00349342 -0.0756293
internal_weight=5029.76 4634.21 3810.75 3614.4 3501.06 113.343 22.5358 13.198 2.66627 2.21796 90.8074 13.942 13.56 7.70047 3473.71 3468.56 3451.5 6.85125 3.85579 2.58159 2.30329 2.20568 3443.27 10.5317 9.43434 33.8331 823.468 89.42 25.1195 11.2299
internal_count=143531 95153 52097 28583 21291 7292 1357 675 109 94 5935 744 728 374 20423 20354 19789 350 170 101 90 87 19628 566 561 593 43056 4073 819 137
is_linear=0
shrinkage=0.1


Tree=98
num_leaves=31
num_cat=0
split_feature=31 31 18 15 25 10 34 9 36 34 35 0 31 6 11 32 19 34 9 14 19 36 2 33 7 25 33 32 27 33
split_gain=784.918 7.89413 5.51048 7.11719 8.32329 6.09302 4.84535 5.70625 4.10859 5.56712 5.70967 8.97966 11.2886 8.07285 6.9775 7.49679 5.18016 3.70592 3.70296 3.31617 7.95041 13.4474 13.1991 9.49361 7.08853 3.23993 3.21951 2.97718 3.14626 2.94455
threshold=6.4051489207289158 5.6118259625383446 1010.9852736542058 2.0309910489648288 0.57523483896344307 2.8111778521012503 133.0020140027743 2.8268864458041651 50.600278986275562 291.04424081531926 92.000345492101786 64.913235596685141 5.6959822279913741 1.4469561112096274 5.803009282139362 109.35866938369388 561.98643847374728 202.74033956264529 1.4555685966725134 0.32869256826046223 354.15856180239911 38.767407678451484 167.73296347728893 70.98901965902904 3.3244828205164567 0.56271836830210553 95.001313310710572 93.00399945535824 9.1797930034326125 65.471625720466434
decision_type=2 2 2 2 2 2 2 2 2 2 2 2 2 2 2 2 2 2 2 2 2 2 2 2 2 2 2 2 2 2
left_child=1 -1 3 6 -5 -6 7 -3 9 10 11 27 18 -14 15 -15 -11 -17 -13 -12 -21 22 23 -22 -25 -20 -8 28 -4 -9
right_child=-2 2 8 4 5 -7 26 29 -10 16 19 12 13 14 -16 17 -18 -19 25 20 21 -23 -24 24 -26 -27 -28 -29 -30 -31
leaf_value=-0.065443225060362931 0.06741560334488654 0.39195286977225541 -0.067131597550480468 -0.055354386880200168 0.12569270328000956 -0.048683381163717898 -0.067136973698012539 0.084577784923113519 -0.065444554490182036 -0.067370053707960634 -0.062806640030857827 0.37063850345645721 -0.049128516743931337 0.38037835809225456 -0.067302067577334451 0.0022545218250416958 0.17255252668771237 0.18730074134842783 -0.067477498640791195 -0.059017702637834346 0.50181649187343613 -0.05555038070092011 -0.067162986491422966 -0.011497106003100707 0.28220705767248128 0.24357945589995664 0.11189962944749719 -0.06294567540762995 0.28610667123931927 -0.06737819404527047
leaf_weight=830.45593741070479 786.51697267591953 0.42762015759944816 0.49596223141998297 6.7408293858170536 8.6279918020591122 2.6099792141467324 28.632365542463962 2.6580482963472605 157.65763290412724 1.5015733819454902 130.71869966387749 1.0906237363815336 10.876661421731116 1.0869892602786411 2.1508211297914386 2.3673711623996496 2.2459287606179714 1.9937248481437562 0.53907520044594981 33.702979057095945 1.0281566260382522 8.2902935408055765 2.1372105209156871 1.4552860856056216 1.8875908460468052 0.88390337955206633 1.0409137755632389 23.695445828139782 0.51292277313768864 2.4511939911171794
leaf_count=52390 48378 12 50 578 106 135 2924 51 16511 125 13304 5 1090 28 185 139 8 26 43 3442 38 855 214 113 15 8 49 2495 16 198
internal_value=-0.0110883 -0.0597076 -0.04887 -0.0186932 0.0324982 0.0851945 -0.0448323 0.0410452 -0.0530248 -0.0444617 -0.0464758 -0.0149211 0.033173 0.00612277 0.0852065 0.145415 0.0764188 0.0868505 0.231999 -0.0545209 -0.0321894 0.0289107 0.136498 0.236078 0.154346 0.12574 -0.0608565 -0.0557825 0.112457 0.0116759
internal_weight=2056.48 1269.96 439.508 53.1889 17.9788 11.238 35.2101 5.53686 386.319 228.661 224.914 45.6935 20.9892 18.4756 7.59891 5.44809 3.7475 4.3611 2.5136 179.22 48.5015 14.7985 6.50824 4.37103 3.34288 1.42298 29.6733 24.7043 1.00889 5.10924
internal_count=143531 95153 42763 4053 819 241 3234 261 38710 22199 22066 4085 1524 1468 378 193 133 165 56 17981 4677 1235 380 166 128 51 2973 2561 66 249
is_linear=0
shrinkage=0.1


Tree=99
num_leaves=31
num_cat=0
split_feature=31 31 6 36 13 14 0 14 32 33 5 25 34 36 3 2 4 10 3 34 34 0 32 25 21 21 7 24 23 32
split_gain=366.05 116.379 23.7942 6.50365 6.18377 5.43258 5.28553 5.23228 5.01275 4.45056 4.95701 3.98132 3.77604 3.40805 5.57032 4.01584 3.80704 3.77738 3.68016 4.13616 7.75491 3.96534 3.4794 3.39794 3.38786 12.6407 4.8655 4.11656 4.08799 4.74626
threshold=5.6000049957114308 5.4500000000000011 0.02581851184694817 33.29955939267159 7.9988468735526297 0.99998693382312853 24.025468460405094 1.0000000180025095e-35 96.999869429560349 99.002060128335259 0.99811100428669308 0.62856561641395048 147.00047569679046 29.90832942958933 60.583504793973482 169.53765546679116 93.456898132808121 1.9919886098198929 69.784386510061083 135.00044214731199 143.00089919311782 77.999621470637564 123.91667010143162 0.60680921260063359 0.99788035491840443 1.0000000180025095e-35 2.0000072118457903 22.120581668973337 1.0004188431925745 126.93142869907861
decision_type=2 2 2 2 2 2 2 2 2 2 2 2 2 2 2 2 2 2 2 2 2 2 2 2 2 2 2 2 2 2
left_child=1 -1 3 8 5 6 -4 12 -3 11 -11 -5 13 14 -8 16 18 -18 21 -20 -21 -15 -16 -10 25 -14 -26 -28 -29 -30
right_child=-2 2 4 9 -6 -7 7 -9 23 10 -12 -13 24 15 22 -17 17 -19 19 20 -22 -23 -24 -25 26 -27 27 28 29 -31
leaf_value=0.067327792290956215 -0.067006543896034207 -0.26343343734150737 0.037666938131499822 0.053572309151306334 0.046082058556337679 0.054444863320453445 0.055554399759756616 -0.08148806356649535 0.010078853314863655 0.0676046632847839 -0.16246700290465943 -0.030095088683383026 0.002700813007336073 0.013076985706652595 -0.015090945611061828 0.036515749319071651 -0.020840470149999638 0.078456924253842916 0.033509106606243039 -0.1437764823520162 0.030260490357333011 -0.055274336522910861 -0.1142296867744314 -0.16780781631441921 0.032463684245850562 -0.10748852603087262 0.050348470273065375 0.010176665956098181 0.029768123086983213 -0.069460520551555993
leaf_weight=344.46233398746699 687.80976493866183 0.8669376578181972 47.005842007696629 152.84116136841476 36.358605194836855 21.773533774539828 5.9645616225898292 7.1589434565976253 8.4744464792311174 1.6984354723244899 2.0874081496149302 5.9072249419987193 3137.6361290640198 198.68922233581543 7.909133240580557 77.101663831621408 5.1958127338439253 14.584856154397128 5.1940205637365571 6.4988906104117614 4.2246842011809349 8.8663769867271167 6.4085870403796434 1.2296199612319458 90.756094449199736 10.445685366168616 11.97184659168124 30.884114534594119 6.4803940616548088 18.81724582798779
leaf_count=23514 91434 9 1007 6766 868 728 29 191 243 83 31 139 14939 1583 34 599 24 66 29 35 17 38 23 20 646 95 70 158 31 82
internal_value=0.000704195 0.0115919 0.00671045 0.0429603 0.00504152 0.00464078 0.00434784 0.00391931 -0.0330439 0.0479035 -0.0592504 0.0504589 0.00408693 0.0141119 -0.0256406 0.0166287 0.0103253 0.0523744 0.00660336 -0.0397359 -0.0752125 0.0101571 -0.0594653 -0.0124615 0.00305431 0.00233519 0.0173003 -0.00289178 -0.0142368 -0.0440415
internal_weight=4965.3 4277.49 3933.03 173.105 3759.93 3723.57 3701.79 3654.79 10.571 162.534 3.78584 158.748 3647.63 340.638 20.2823 320.356 243.254 19.7807 223.473 15.9176 10.7236 207.556 14.3177 9.70407 3306.99 3148.08 158.91 68.1536 56.1818 25.2976
internal_count=143531 52097 28583 7291 21292 20424 19696 18689 272 7019 114 6905 18498 2477 86 2391 1792 90 1702 81 52 1621 57 263 16021 15034 987 341 271 113
is_linear=0
shrinkage=0.1


Tree=100
num_leaves=31
num_cat=0
split_feature=31 31 31 30 30 20 33 25 29 19 18 32 33 4 24 33 4 8 32 8 32 36 34 32 35 10 35 24 35 6
split_gain=186.795 198.425 80.7265 14.0421 8.22383 7.42299 4.62544 10.9612 4.39902 4.54952 4.08455 4.07322 4.00421 3.61383 3.5297 4.74918 4.65549 4.48611 7.41108 5.13469 4.13974 3.81039 3.7247 9.07228 7.53235 6.09737 5.72537 5.07189 4.88237 5.24199
threshold=6.4051489207289158 5.6000049957114308 5.4500000000000011 1.3333325603523505 1.0158738232264939 53.997686383385918 55.002018244502999 0.47497545384177881 1.0000000180025095e-35 292.10674571369742 1554.8319285079758 168.34544789679768 80.400560649614448 66.411536321182851 27.602139238685904 54.500508989173404 89.500014369148388 1.9999927881542103 101.99972925847335 1.1439153205998005 104.99957544518917 88.943561641962518 251.000606508701 108.355662050231 96.001040888660455 3.0951164245821046 180.35613836756207 22.535018136951798 307.7083945827406 0.50598328031648176
decision_type=2 2 2 2 2 2 2 2 2 2 2 2 2 2 2 2 2 2 2 2 2 2 2 2 2 2 2 2 2 2
left_child=1 2 -1 4 5 8 7 -5 14 11 -11 12 -10 -6 15 16 -4 18 -17 20 -20 22 28 24 -24 -25 -27 -26 29 -19
right_child=-2 -3 3 6 13 -7 -8 -9 9 10 -12 -13 -14 -15 -16 17 -18 21 19 -21 -22 -23 23 25 27 26 -28 -29 -30 -31
leaf_value=-0.066992444632061887 -0.066992485064724411 0.056767330352612416 -0.056669180920666765 -0.06782902810152508 0.33161472499960626 -0.048387100220757165 -0.049647097925071597 0.4922323750970008 -0.016839560896328258 0.12293077371972123 -0.00072660013141667939 0.12344804244881057 -0.06660163961778591 0.083225010144756528 0.012928169106492391 -0.063616293606038377 0.10324900418091146 -0.037155783450947361 0.14022921139291647 0.11930459080882294 0.022831299013159452 -0.067513322724603406 -0.045901508538287165 -0.018236212356610004 0.2312290168077146 0.05128048539972474 -1.4967051974411385e-05 0.087318152108513986 0.020910135902256526 0.0021857557861958915
leaf_weight=172.00015559326857 346.5078388620168 734.02787609025836 20.333385162055496 1.0115517899394024 0.63196438550948997 27.141627007164061 57.84419103898108 0.53389005083590735 46.763785697519779 2.7533909436315289 89.471867855638266 1.6807322157546867 24.717350866645575 8.0068306326866132 470.52843069471419 7.3658432429656377 1.9994150502607215 34.34372669365257 3.2248867368325582 7.6341880951076737 43.787128109484911 7.5673613529652348 3.2600170234218266 48.060494056902826 3.2971875797957173 44.391070944257081 42.680000209249556 9.5195533987134677 138.85569512099028 2446.5425844248384
leaf_count=23514 48378 43056 371 48 6 1774 3719 19 651 19 777 7 220 173 2101 88 11 2013 32 41 268 83 37 240 29 229 165 54 581 14827
internal_value=0.00375606 0.00920385 -6.68297e-05 0.00313611 0.00394636 0.0037076 -0.0450855 0.12565 0.00411172 -0.0118071 0.0029652 -0.0304286 -0.0340467 0.101396 0.00490154 0.00358232 -0.042352 0.00394346 0.0305448 0.0432369 0.0308845 0.00334977 0.00354329 0.0188039 0.0898188 0.0103552 0.0261368 0.12434 0.00266246 0.00164114
internal_weight=4846.48 4499.98 3765.95 3593.95 3534.56 3525.92 59.3896 1.54544 3498.78 165.387 92.2253 73.1619 71.4811 8.6388 3333.39 2862.86 22.3328 2840.53 62.012 54.6462 47.012 2778.52 2770.95 151.208 16.0768 135.132 87.0711 12.8167 2619.74 2480.89
internal_count=143531 95153 52097 28583 24797 24618 3786 67 22844 1674 796 878 871 179 21170 19069 382 18687 429 341 300 18258 18175 754 120 634 394 83 17421 16840
is_linear=0
shrinkage=0.1


Tree=101
num_leaves=31
num_cat=0
split_feature=31 31 0 36 35 33 34 18 18 25 9 9 34 12 15 7 4 2 2 20 32 0 15 7 18 33 4 33 7 0
split_gain=689.01 8.36237 5.54053 6.42142 7.9723 10.5068 12.7747 12.6945 9.92369 10.2745 8.13754 7.34388 6.81504 5.49843 6.82003 4.46039 8.49488 6.19282 7.37307 7.92778 5.28843 7.9783 5.18062 4.30313 4.09735 3.10951 2.97007 2.57755 4.57934 1.93265
threshold=6.4051489207289158 5.6118259625383446 57.000307839466906 50.600278986275562 95.002007045838994 66.896755433835821 217.00110788982744 1571.1232151183824 1554.8319285079758 0.48693967370115265 1.7517842773205501 2.4817226184605485 291.04424081531926 3.9276554430766191 2.1181368959606091 2.2984960233090814 88.500029836128945 166.84320830541034 166.50012306703638 87.915425788331234 164.01557144262543 61.936637092983617 2.4350011380807599 2.2145540029387925 864.47305188751659 70.623412833379689 88.600123570626906 100.01982341896981 3.8116922886343745 57.371634756932984
decision_type=2 2 2 2 2 2 2 2 2 2 2 2 2 2 2 2 2 2 2 2 2 2 2 2 2 2 2 2 2 2
left_child=1 -1 27 4 5 7 -7 8 9 11 -8 -4 15 -5 -15 16 -6 18 19 22 29 -22 23 26 -11 -21 -18 -3 -29 -17
right_child=-2 2 3 13 12 6 10 -9 -10 24 -12 -13 -14 14 -16 20 17 -19 -20 25 21 -23 -24 -25 -26 -27 -28 28 -30 -31
leaf_value=-0.065160205669800714 0.067321375827611177 -0.063192396938721959 0.74812390042910071 -0.066020256701373167 -0.055308636571851727 -0.053652415156453831 0.2316123832855754 -0.067267375173408403 0.36363559698640502 0.12361456734522269 -0.067230482389087159 0.19465159045148606 0.11444235148991853 -0.06708306417354841 0.10449789456642702 0.13156152862124496 0.25644343760403243 -0.067366685868387149 0.54279398850147265 0.39874759093865197 0.29399033711275985 -0.067171724944871877 0.12876284552332373 0.15055109357579821 -0.067180961158511673 0.12983890088996822 -0.067124021993913735 -0.067101476510658523 0.14774159105981874 -0.067121149683090894
leaf_weight=759.53643774683587 689.488280788064 160.96605661790818 0.36127925105392733 81.908852009102702 23.755981074646115 19.337478399276737 2.9108106316998592 3.1926943100988865 1.9684538990259168 2.4763417849317193 1.3263963526114819 0.71260146517306566 2.8747087130323044 4.8312555747106654 4.4506817478686571 0.49385342840105195 0.29764722473919203 4.3141608862206331 0.32272573001682836 0.82372011616826124 1.0451020440086716 1.4747852850705383 3.4862065650522709 1.2573366351425646 2.0634303716942668 0.89968101866543293 6.0480083003640175 2.5530305569991461 1.6226877365261314 56.726599554531276
leaf_count=52390 48378 18998 9 9457 2610 2014 25 322 17 42 136 41 70 551 55 45 13 469 24 20 13 154 47 44 211 38 653 287 21 6377
internal_value=-0.011771 -0.0590253 -0.0472139 -0.037158 -0.0235647 0.0181959 -0.0191942 0.100003 0.170438 0.102692 0.138064 0.380853 -0.0373814 -0.0577542 0.0151899 -0.041705 -0.0163946 0.0365835 0.0707248 0.0588343 -0.0591626 0.0826172 0.0278244 -0.018459 0.0368936 0.258367 -0.0519469 -0.0611802 0.0163867 -0.0654064
internal_weight=1843.53 1154.04 394.503 229.361 138.17 34.3495 23.5747 10.7748 7.58211 5.61365 4.23721 1.07388 103.821 91.1908 9.28194 100.946 41.2055 17.4495 13.1353 12.8126 59.7403 2.51989 11.0892 7.60299 4.53977 1.7234 6.34566 165.142 4.17572 57.2205
internal_count=143531 95153 42763 23457 13394 2817 2175 642 320 303 161 50 10577 10063 606 10507 3918 1308 839 815 6589 167 757 710 253 58 666 19306 308 6422
is_linear=0
shrinkage=0.1


Tree=102
num_leaves=31
num_cat=0
split_feature=31 31 5 25 20 14 33 25 8 32 11 5 0 33 33 35 36 24 20 2 25 32 19 18 19 10 3 33 7 2
split_gain=317.134 105.057 20.4423 5.38425 4.90213 4.2782 4.18614 4.44452 3.96345 3.7218 4.61379 3.70596 3.50383 3.60593 4.0659 9.69613 5.03282 3.80763 3.29483 3.26548 4.6342 4.01598 2.90284 2.93953 2.81524 5.31934 3.73423 2.77189 6.20249 6.75781
threshold=5.6000049957114308 5.4500000000000011 0.28665966950380045 0.40371871613430826 35.825270335000006 0.99998693382312853 89.000872557812599 0.62856561641395048 2.9999916318710329 128.99932175856262 2.9916750384456821 0.99811100428669308 24.025468460405094 70.98901965902904 76.956582811709794 125.00010415666036 67.528348927210018 30.142036502351164 53.498553596108671 149.34159418517933 0.37361293488445263 95.001834364246704 433.95951600494578 2899.4424584390126 226.93336630468315 4.9999488137370776 73.700026600187485 90.976745278078155 2.9999957838943483 171.98052175406471
decision_type=2 2 2 2 2 2 2 2 2 2 2 2 2 2 2 2 2 2 2 2 2 2 2 2 2 2 2 2 2 2
left_child=1 -1 6 9 -5 11 7 -3 -9 19 -11 -6 13 -13 15 16 -15 -16 27 20 -4 -22 24 -24 25 -8 -27 -14 -29 -30
right_child=-2 2 3 4 5 -7 22 8 -10 10 -12 12 18 14 17 -17 -18 -19 -20 -21 21 -23 23 -25 -26 26 -28 28 29 -31
leaf_value=0.067245250304124926 -0.06696571314402737 0.05241239108796935 -0.12588445805925458 0.056599583072772033 -0.075354561120108368 0.055557706527940433 0.045736487332469017 -0.16528276946721254 0.030280573311949124 -0.12447649148570628 0.022682693915786895 0.06873090109790142 0.0019561588855923706 0.035363963327958409 0.069073105295150733 -0.2861346781679292 -0.2100401710480837 -0.08481154875968433 0.043999869555453999 0.037479777634187292 -0.10996836771411428 0.069681204613805489 -0.14861093171284104 0.007765927540768474 0.049156293331643772 -0.23887768969298007 0.067712161055833262 -0.063342665464972137 0.019170959920314562 -0.010099132899670737
leaf_weight=302.18535968102515 605.62659851519857 124.70487598329782 3.0397236291319114 17.580150745809078 5.9596066167578092 15.818028340116141 2.9664312880486312 1.7805738784372795 2.4793815929442644 3.5320057459175569 5.3692350704222918 16.636342510581017 3086.5401333379559 5.9830081351101416 9.7925371304154378 1.4143890440464018 0.97137493640184391 1.9238035529851902 19.732241274788976 92.32729852758348 1.6735655348747966 4.851729204878211 2.3113127350807181 2.5047669857740402 11.179401636123655 1.5821525398641827 0.53046767599880684 11.1306633669883 333.63506645802408 103.30079916119576
leaf_count=23514 91434 6345 39 627 120 548 70 28 68 22 43 398 15616 133 203 26 11 19 570 1571 28 89 22 47 339 37 25 62 1141 336
internal_value=0.000677699 0.0104469 0.00603611 0.00458461 0.00392188 0.00366555 0.042229 0.0489813 -0.0514609 0.0263005 -0.03571 0.00343735 0.00356811 0.0342993 0.00577988 -0.0474563 0.00108638 0.0438055 0.00325062 0.0317177 -0.0239016 0.0236058 0.000908953 -0.0672818 0.0211084 -0.0406272 -0.161895 0.00302313 0.010373 0.0122509
internal_weight=4799.06 4193.44 3891.25 3741.21 3630.42 3612.84 150.039 128.965 4.25996 110.794 8.90124 3597.02 3591.06 36.7215 20.0851 8.36877 6.95438 11.7163 3554.34 101.892 9.56502 6.52529 21.0745 4.81608 16.2585 5.07905 2.11262 3534.61 448.067 436.936
internal_count=143531 52097 28583 21602 19810 19183 6981 6441 96 1792 65 18635 18515 790 392 170 144 222 17725 1727 156 117 540 69 471 132 62 17155 1539 1477
is_linear=0
shrinkage=0.1


Tree=103
num_leaves=31
num_cat=0
split_feature=31 31 31 30 30 20 33 25 20 18 20 7 35 4 34 35 36 4 36 33 32 0 32 27 2 27 19 26 10 4
split_gain=161.994 170.435 71.0511 12.039 7.58448 6.37785 3.75058 6.0478 3.68058 3.57148 5.70362 6.77024 5.97681 4.75056 4.53178 3.265 4.76954 3.23517 4.03534 4.04553 5.09188 6.71087 4.88657 4.33233 8.4482 5.67136 9.41753 6.22458 4.81859 3.13282
threshold=6.4051489207289158 5.6000049957114308 5.4500000000000011 1.3333325603523505 1.0158738232264939 53.997686383385918 55.002018244502999 0.4776431494589955 35.15339674810145 1010.9852736542058 47.730911273170499 3.1399642815909883 269.5820066745211 92.689683030863009 132.00178349079889 43.011422156476947 53.906288125394866 64.903414766912377 73.882993215685914 60.500241126578388 117.97044967054346 29.008397677782067 142.50075675658346 2.3918099535631439 160.80000567973408 6.3526131899813194 280.3808809014364 0.7628964244511639 7.9277153157001656 66.411536321182851
decision_type=2 2 2 2 2 2 2 2 2 2 2 2 2 2 2 2 2 2 2 2 2 2 2 2 2 2 2 2 2 2
left_child=1 2 -1 4 5 8 7 -5 -4 10 12 14 -3 -14 -12 16 -10 -18 19 -19 21 -21 -22 -23 28 -26 -27 -28 -25 -6
right_child=-2 9 3 6 29 -7 -8 -9 15 -11 11 -13 13 -15 -16 -17 17 18 -20 20 22 23 -24 24 25 26 27 -29 -30 -31
leaf_value=-0.066951672769572979 -0.066951716899864386 0.060778807786419177 -0.044190679384569644 -0.067736338290104253 0.31812686700736326 -0.046654426862105303 -0.047940970959385973 0.30898363867410594 -0.043244342766710187 0.058213972434285333 -0.1081421462518414 -0.11342412190481313 0.067486604368739031 -0.10128337615399663 0.061109572668727075 0.004748498501668745 -0.057065115892363141 -0.070096271925357514 -0.060467355436855358 -0.069363670413577994 -0.032372218595918684 0.18281373455347977 0.10373268163680863 -0.069487792680651139 -0.022265203625723141 0.3417062557450905 0.21306497164937635 -0.014176063051247512 0.1248476435991097 0.083246899271578398
leaf_weight=150.65717881778255 303.51270443759859 51.717016419395804 15.765270547941325 0.94563484657555708 0.61549915932118793 25.016961256973445 53.326641732826829 0.77572735585272312 35.220789096318185 582.30095593445003 1.9679688168689597 5.1176948910579076 2.6891930466517797 4.3913665860891342 8.0659328922629339 3380.1058446709067 7.7266171220690003 4.2135852212086311 6.6277077291160813 3.233986189588907 14.415751768276097 3.7475929465144899 3.2286966517567626 5.1019934257492414 1.9906985126435737 2.1773455608636141 2.2502635223791003 2.5960665149614215 1.7013741694390772 7.3371360758319497
leaf_count=23514 48378 3318 1044 49 6 1774 3719 18 434 38983 30 46 162 48 469 20629 170 78 79 78 97 39 13 53 26 23 17 38 26 173
internal_value=0.00370087 0.00859113 0.000320395 0.00315289 0.00387796 0.00365727 -0.0432513 0.102032 0.0040179 0.055585 0.0348838 -0.0198253 0.0489818 -0.0371846 0.0279139 0.00423665 -0.0141233 0.00325751 0.0123457 0.0231521 0.0328671 0.0640816 -0.00746685 0.0861389 0.0632344 0.126724 0.168952 0.0913372 -0.0208887 0.101426
internal_weight=4688.54 4385.03 3728.78 3578.12 3523.07 3515.12 55.048 1.72136 3490.1 656.25 73.9492 15.1516 58.7976 7.08056 10.0339 3474.34 94.2325 59.0117 51.2851 44.6574 40.4438 22.7993 17.6444 19.5653 15.8177 9.01437 7.02368 4.84633 6.80337 7.95264
internal_count=143531 95153 52097 28583 24797 24618 3786 67 22844 43056 4073 545 3528 210 499 21800 1171 737 567 488 410 300 110 222 183 104 78 55 79 179
is_linear=0
shrinkage=0.1


Tree=104
num_leaves=31
num_cat=0
split_feature=31 31 0 36 35 33 34 18 34 7 4 3 9 12 15 0 25 34 32 0 2 20 25 10 33 7 0 14 5 36
split_gain=604.294 9.02093 5.73621 6.53559 7.59576 8.88415 11.5009 10.0314 7.53805 6.87158 11.379 7.92998 6.39307 5.57403 6.18168 5.36895 5.49065 5.15743 4.99865 6.03314 4.70833 4.16992 3.97375 3.83221 2.59777 4.05324 2.20757 2.1954 4.71686 2.695
threshold=6.4051489207289158 5.6118259625383446 57.000307839466906 50.600278986275562 95.002007045838994 66.896755433835821 217.00110788982744 1571.1232151183824 146.9667509750569 2.2984960233090814 90.70009322359499 70.500015046060753 1.7517842773205501 3.9276554430766191 2.1181368959606091 70.702167033295936 0.55492638194684651 130.00127771089319 164.01557144262543 61.936637092983617 172.89944615513068 110.01771522844983 0.61629084990022776 1.3109274199135486 100.01982341896981 3.8116922886343745 62.999880890554181 0.38435497863935125 2.7077414656599696 49.000452629849455
decision_type=2 2 2 2 2 2 2 2 2 2 2 2 2 2 2 2 2 2 2 2 2 2 2 2 2 2 2 2 2 2
left_child=1 -1 24 4 5 7 -7 8 17 10 22 15 -8 -5 -15 16 -12 -4 -11 -20 -10 -13 27 -19 -3 -26 -18 -6 -29 -30
right_child=-2 2 3 13 9 6 12 -9 20 18 11 21 -14 14 -16 -17 26 23 19 -21 -22 -23 -24 -25 25 -27 -28 28 29 -31
leaf_value=-0.064873225840050064 0.067239084855600387 -0.062604931122069704 0.10398283741375972 -0.065811943377576163 -0.067102872203307656 -0.051852308566696807 0.2069171783529411 -0.067198724919882366 -0.067119845926355129 -0.065150204496098901 0.38505479202008946 -0.067298336857190971 -0.067165638593143062 -0.067034893272368432 0.10135927505977571 -0.067160628899766567 0.1546265721437283 0.14562889739487889 0.24180571011076696 -0.067116120222101339 0.4655257850631383 0.37744812120903604 0.19445205123070813 0.3681646412343369 -0.067051189949708712 0.13899191599994701 0.04203885743061464 -0.047228484270754059 0.014771071759071774 0.2787926014911426
leaf_weight=695.88158305571415 604.30256842263043 143.17316135205328 2.708970607724039 72.617919419892132 18.889107209164656 17.41681402549148 3.0885717030614606 2.8278263281099489 1.7956676143221555 51.045317219570279 0.85383289866149237 4.2069122660905114 1.1747156921774147 4.2772681196220201 4.4459168193861842 1.3936494477093209 5.3845665170811117 1.1996248918585481 1.1971405036747449 1.339613332878798 0.18285440979525436 0.22193713812157501 0.68388181971385975 2.1802272582426667 2.2603865959681566 1.6528868479654191 2.5740663702599704 4.9839737997390321 0.74092094786465146 0.8084910036996007
leaf_count=52390 48378 18998 62 9457 2321 2014 25 322 200 6448 25 492 136 551 55 153 98 21 13 157 5 26 10 32 287 21 132 646 48 8
internal_value=-0.0124457 -0.0582537 -0.0452898 -0.0346115 -0.0204279 0.0212037 -0.0158175 0.0948715 0.151682 -0.0348056 -0.00385205 0.0667329 0.131396 -0.0567391 0.01879 0.115223 0.144066 0.206784 -0.0583413 0.0786697 -0.0178929 -0.0450113 -0.0434212 0.289179 -0.0604078 0.0199772 0.118212 -0.0498202 0.000146934 0.152539
internal_weight=1655.51 1051.21 355.326 208.24 126.899 32.5753 21.6801 10.8952 8.06734 94.3234 40.7413 14.635 4.26329 81.3411 8.72318 10.2061 8.81247 6.08882 53.5821 2.53675 1.97852 4.42885 26.1064 3.37985 147.086 3.91327 7.95863 25.4225 6.53339 1.54941
internal_count=143531 95153 42763 23457 13394 2817 2175 642 320 10577 3959 926 161 10063 606 408 255 115 6618 170 205 518 3033 53 19306 308 230 3023 702 56
is_linear=0
shrinkage=0.1


Tree=105
num_leaves=31
num_cat=0
split_feature=31 31 5 20 14 36 25 35 2 35 36 36 35 33 33 5 19 19 18 36 19 2 19 31 33 11 0 33 33 35
split_gain=274.913 94.5665 17.4137 4.70476 4.40948 4.21959 4.09134 3.85377 5.08588 6.0707 7.28693 12.1198 3.76391 3.60236 3.55704 3.41263 3.28885 3.53339 3.23317 4.40465 3.83933 3.16845 6.89055 7.4422 8.37006 4.53975 3.08128 3.49223 3.58002 6.13654
threshold=5.6000049957114308 5.4500000000000011 0.28665966950380045 35.825270335000006 0.99998693382312853 33.29955939267159 0.40371871613430826 66.00037219727659 161.60050404787455 99.000327270889201 57.820796102524518 52.000080685734304 75.001742655236711 89.000872557812599 85.999883465945075 0.99811100428669308 270.39616943426273 335.05826525000003 1463.8146562275847 32.495438504193736 399.69389713907998 153.93850511624245 282.7457226570553 5.5999934808113094 73.949346053499966 7.9999025157879391 24.025468460405094 70.98901965902904 76.956582811709794 125.00010415666036
decision_type=2 2 2 2 2 2 2 2 2 2 2 2 2 2 2 2 2 2 2 2 2 2 2 2 2 2 2 2 2 2
left_child=1 -1 5 -4 6 18 7 -5 9 10 11 16 -13 21 -10 -8 -9 -18 -3 -20 -21 22 -7 24 25 -24 27 -17 29 -29
right_child=-2 2 3 4 -6 13 15 8 14 -11 -12 12 -14 -15 -16 26 17 -19 19 20 -22 -23 23 -25 -26 -27 -28 28 -30 -31
leaf_value=0.067173136855895696 -0.066929659849345458 -0.14256356132545669 0.056010156525180259 0.044968476308808125 0.055807186188102209 0.058948257484118 -0.075329969529263907 0.072512755803229273 0.04584043441825586 0.046543389556618575 0.035306333730790264 -0.31506276174086439 -0.14639392132238557 0.0044437599218269085 -0.059244638595879098 0.068562440976627045 -0.15813272943352169 0.023328704896335716 0.069187930375791795 -0.00046253397251388875 -0.27714437381500784 0.05860552990374665 -0.1865526472295187 0.067628638934505089 0.011230845048404357 -0.49405578842253628 0.0029198982218159417 0.00014746879419795986 0.04236647884304099 -0.2070115052863627
leaf_weight=265.08144412375987 532.87979880557396 1.9488510452210892 17.397769729606807 45.67608655616641 16.284770365804434 11.216627693735065 5.5406687892973414 2.7819467391818815 27.516714036464695 8.0593941677361709 5.8279992435127488 2.0863416809588671 3.61620869114995 19.169515148736537 3.6481765769422045 15.308635443449019 2.138373639434576 2.1539087053388357 3.8579018581658602 1.2546299155801537 0.83551701717078675 94.278588232584298 1.4756781840696929 2.3542186981067061 1.6595909986644981 0.71162204910069693 3541.7979359403253 6.7635867260396498 11.101942829787729 1.8132931031286714
leaf_count=23514 91434 45 677 860 604 570 120 39 430 126 88 21 36 513 28 398 21 37 138 34 17 5416 37 125 63 23 17725 144 222 26
internal_value=0.00066165 0.00939677 0.00542727 0.00412967 0.00388586 0.0402093 0.00365646 0.0232569 0.00610814 -0.025953 -0.0573577 -0.0996254 -0.208103 0.044493 0.0335391 0.00309014 -0.0121812 -0.0670736 -0.0307784 0.00584748 -0.111064 0.0513663 0.0121818 -0.0724099 -0.158111 -0.286597 0.00321162 0.0327424 0.00487708 -0.0436493
internal_weight=4656.24 4123.36 3858.28 3719.51 3702.12 138.763 3685.83 103.505 57.8291 26.6642 18.6048 12.7768 5.70255 130.866 31.1649 3582.33 7.07423 4.29228 7.8969 5.94805 2.09015 111.696 17.4177 6.20111 3.84689 2.1873 3576.79 34.9875 19.6788 8.57688
internal_count=143531 52097 28583 21602 20925 6981 20321 1686 826 368 242 154 57 6747 458 18635 97 58 234 189 51 6234 818 248 123 60 18515 790 392 170
is_linear=0
shrinkage=0.1


Tree=106
num_leaves=31
num_cat=0
split_feature=31 31 31 30 30 20 2 18 25 35 20 24 5 32 35 35 24 0 29 19 34 32 6 0 19 4 23 6 19 33
split_gain=140.482 146.699 62.4406 10.2311 6.86038 5.3449 3.81436 7.68423 3.54682 4.51279 6.50839 4.34872 5.14208 6.48735 8.19054 6.1387 4.2239 5.60612 3.44528 4.02414 4.02697 3.71977 3.56556 5.8817 3.51356 3.42412 3.3335 3.29412 3.04549 2.96809
threshold=6.4051489207289158 5.6000049957114308 5.4500000000000011 1.3333325603523505 1.0158738232264939 54.803380124138151 153.00005562515784 2989.8608175787958 0.55362742704479029 257.00001454217579 41.322128782962373 25.582858155592877 3.1308077800073564 111.29505496154277 78.999452664881446 147.00012354431868 28.566477750585431 62.749714459335685 1.0000000180025095e-35 305.22030619402744 159.77476623336585 166.00763693053065 6.3961887574506333 36.999040392685785 249.60338296909785 66.001102480520146 0.34193559223541103 7.7056124722590136 576.70143839226409 84.437686187458823
decision_type=2 2 2 2 2 2 2 2 2 2 2 2 2 2 2 2 2 2 2 2 2 2 2 2 2 2 2 2 2 2
left_child=1 2 -1 4 5 18 7 -5 -3 11 16 12 13 14 26 -14 17 -11 -4 20 22 29 -20 -24 -25 -6 -10 -17 -12 -22
right_child=-2 8 3 6 25 -7 -8 -9 9 10 28 -13 15 -15 -16 27 -18 -19 19 -21 21 -23 23 24 -26 -27 -28 -29 -30 -31
leaf_value=-0.06691601628595864 -0.066916055451218065 0.05983743593680238 0.0045828311892417567 -0.0069307537007109628 0.36345605354186988 -0.045242229754017718 -0.052207426974682752 0.34803146855982681 -0.034943697009237745 -0.14667548745552259 0.057669137987631763 0.059523621846893228 0.053365453999791083 0.057671149861546228 0.067299204488525083 -0.15502973193624525 0.067527180037003837 0.037049965744707598 -0.073849554634463035 0.0044732499377633369 -0.02787565317430666 0.1043283936975398 -0.07209030124049344 0.04179063544729477 0.18453972828854528 0.082264156166904176 -0.24220980569634376 0.06741494523085409 -0.10622078292777722 -0.076807914648190895
leaf_weight=131.9485934143886 265.82418704498559 397.40216997917742 3325.9958643317223 6.3955303635448209 0.4617183692753305 22.2835813453421 44.073957249056548 0.67415462527424086 1.258805658668279 5.5764537034556287 14.310431618243454 117.35480383504182 3.5387847656384093 31.283628071658313 2.9307765979319811 4.1383008901029825 2.0997161399573088 2.3652672711759806 2.8674702960997793 85.939793489873409 44.319998930208385 1.7987808231264342 2.7235330902040005 4.1765414653345942 2.9366079568862915 6.9758888301439583 2.0230270838364959 0.79335041902959336 1.2314102351665486 17.209634704515338
leaf_count=23514 48378 30241 21195 361 3 1745 3411 14 44 89 966 8583 224 2276 216 63 127 120 102 728 596 9 41 35 34 176 17 56 34 133
internal_value=0.00362629 0.00800032 0.000637435 0.00313505 0.00378065 0.00357738 -0.0412698 0.0269179 0.054475 0.0431939 0.0041418 0.0493112 0.0232384 0.0391351 -0.0542035 -0.0471318 -0.058608 -0.0919569 0.00388927 -0.0103526 -0.0271102 -0.037418 0.0242723 0.0528756 0.100723 0.0997202 -0.162709 -0.119245 0.0446838 -0.0415618
internal_weight=4552.91 4287.09 3700.78 3568.83 3517.69 3510.25 51.1436 7.06968 586.307 188.905 25.5833 163.321 45.9667 37.4962 6.21261 8.47044 10.0414 7.94172 3487.97 161.972 76.0326 63.3284 12.7042 9.83668 7.11315 7.43761 3.28183 4.93165 15.5418 61.5296
internal_count=143531 95153 52097 28583 24797 24618 3786 375 43056 12815 1336 11479 2896 2553 277 343 336 209 22873 1678 950 738 212 110 69 179 61 119 1000 729
is_linear=0
shrinkage=0.1


Tree=107
num_leaves=31
num_cat=0
split_feature=31 31 0 36 35 3 32 7 7 4 3 12 15 32 0 0 35 25 3 32 20 25 20 33 23 14 14 18 14 34
split_gain=530.529 9.4451 5.71012 6.65698 7.14471 7.91996 8.28436 9.39813 6.7028 9.97772 6.47827 5.03318 5.12736 4.81797 4.74895 4.21029 4.16103 3.48474 3.38098 3.42992 3.04943 2.96259 2.96042 2.6173 3.72018 2.25353 4.27934 4.15136 2.92946 2.13398
threshold=6.4051489207289158 5.6118259625383446 57.000307839466906 50.600278986275562 95.002007045838994 62.864468051409681 125.91654580851748 2.0086925662323827 2.2984960233090814 90.70009322359499 70.500015046060753 3.9276554430766191 2.1181368959606091 164.01557144262543 61.936637092983617 70.702167033295936 67.001999396987088 0.61629084990022776 62.752458478884684 97.998473070895031 38.037551583886206 0.55492638194684651 110.01771522844983 100.01982341896981 0.81206853574511573 0.38435497863935125 0.74275773542830081 1981.7467852906518 0.5972961442381316 220.00182637993717
decision_type=2 2 2 2 2 2 2 2 2 2 2 2 2 2 2 2 2 2 2 2 2 2 2 2 2 2 2 2 2 2
left_child=1 -1 23 4 5 6 7 18 9 17 15 -5 -13 -10 -15 21 -9 25 19 -4 -18 -11 -12 -3 -25 -6 27 -27 -29 -7
right_child=-2 2 3 11 8 29 -8 16 13 10 22 12 -14 14 -16 -17 20 -19 -20 -21 -22 -23 -24 24 -26 26 -28 28 -30 -31
leaf_value=-0.064574460328152977 0.067167197857731217 -0.061979461304564748 0.3037519604126428 -0.065586687867862301 -0.0670579571980571 -0.06707492937222112 -0.049032543606109723 0.0059088954838536194 -0.064865994515578423 0.28558207062840052 -0.067293507862477467 -0.066991606842175352 0.092509710078350432 0.20874133938075051 -0.067071268467769826 -0.067102674991764394 -0.067090096346447178 0.17477322764891087 0.34780192719776237 -0.067110869734101672 0.18728563003089083 0.10901041519155935 0.25714784535909618 -0.067104001833545146 0.13508610083000988 -0.066998022761088571 -0.066989372560338253 0.086279137564383476 0.35818607941731406 0.066393007685664557
leaf_weight=638.48798243608326 529.54419103078544 127.27185119129717 0.265640959609306 64.297644861973822 16.707406771834947 8.7631400176323933 5.2957511409185818 1.7697890987619747 45.294863149058074 1.0776305524632324 3.7365334075875571 3.7791657582856697 4.3184211309999228 1.3134482512250536 1.1897272206842897 1.2316117119044054 0.49842954985797305 0.72420401033013959 0.23152014054357994 4.0731679364107549 8.6476605259813351 8.0377780268900079 0.30413367971777905 2.0290598692372437 1.6500152219086883 0.92365202680230085 3.564014577306807 0.96281738905236103 0.67332325503230095 1.3876372901722778
leaf_count=52390 48378 18998 28 9457 2321 1159 695 132 6448 25 492 551 55 13 157 153 61 10 5 509 178 230 26 275 33 128 513 37 24 50
internal_value=-0.0131655 -0.0575467 -0.0435252 -0.0324085 -0.0176277 0.0235717 0.0589355 0.0958568 -0.0324912 -0.00110979 0.0645046 -0.0562295 0.01807 -0.0574024 0.0776511 0.106437 0.146264 -0.0411872 -0.0245369 -0.044405 0.173423 0.129885 -0.0428734 -0.0595758 0.0235755 -0.0480374 0.00385579 0.102494 0.198177 -0.0488295
internal_weight=1488.05 958.508 320.02 189.069 116.674 30.9327 20.782 15.4862 85.7411 37.9431 14.3877 72.3952 8.09759 47.798 2.50318 10.347 10.9159 23.5554 4.57033 4.33881 9.14609 9.11541 4.04067 130.951 3.67908 22.8312 6.12381 2.55979 1.63614 10.1508
internal_count=143531 95153 42763 23457 13394 2817 1608 913 10577 3959 926 10063 606 6618 170 408 371 3033 542 537 239 255 518 19306 308 3023 702 189 61 1209
is_linear=0
shrinkage=0.1


Tree=108
num_leaves=31
num_cat=0
split_feature=31 31 5 20 20 36 35 33 0 2 19 31 32 10 24 36 24 37 4 25 32 2 3 32 36 34 27 19 19 18
split_gain=238.52 84.8943 14.763 4.20749 4.03195 3.96432 3.76015 3.50129 3.29641 3.10149 6.04667 5.6167 5.44458 4.96971 2.86533 3.76373 5.27438 3.67042 3.43159 5.81729 5.08138 6.05884 4.48448 4.99986 5.87855 3.90166 3.57312 3.01814 7.73007 4.37643
threshold=5.6000049957114308 5.4500000000000011 0.28665966950380045 34.500916484005081 66.748958525013734 33.29955939267159 53.008262816726948 89.000872557812599 68.000042161056527 153.93850511624245 282.7457226570553 5.5999934808113094 104.99957544518917 7.9277153157001656 20.680306284200412 52.164606287439469 29.981364026079707 0.11472906709466714 74.048262305845739 0.44705528420754587 112.99923165619401 156.23697794662115 52.500494883102526 101.99972925847335 63.488773461656621 160.7658079956681 3.9855558493695336 272.34709414719265 279.1509705110538 2040.0580229860063
decision_type=2 2 2 2 2 2 2 2 2 2 2 2 2 2 2 2 2 2 2 2 2 2 2 2 2 2 2 2 2 2
left_child=1 -1 5 -4 6 -3 8 9 14 10 -7 12 -12 -14 27 17 18 -16 20 -20 22 -22 -17 24 26 -25 -24 -5 -29 -30
right_child=-2 2 3 4 -6 7 -8 -9 -10 -11 11 -13 13 -15 15 16 -18 -19 19 -21 21 -23 23 25 -26 -27 -28 28 29 -31
leaf_value=0.067110115216299518 -0.06689790463914469 -0.030951995340467803 0.05640142312270912 0.060237613573330934 0.053093032067446616 0.058054939465945365 0.0024103149706745566 0.0028577537666805023 -0.017665195909767908 0.057569913337622659 -0.30680614007406537 0.067532950232176647 0.02410675198885158 -0.25391199752787269 0.040282551402867954 0.072341137465999975 -0.13829334830234832 -0.031425026543049787 -0.11647286953669887 0.022165675447780017 -0.17305725870227834 -0.00088045895798106576 -0.13811553468146365 -0.11486114360714723 -0.22272933076994447 0.060235148568114939 0.069987530439900747 -0.2005798804589749 -0.018713622352071607 0.053194943354039473
leaf_weight=232.52704489044845 468.70648969413014 7.799999624490737 15.098883138038216 29.504772938787937 16.324195597320795 10.290402835235001 3414.4678835235536 18.737879326567054 27.532524297945201 85.623063873499632 1.2513787187635887 2.1260875454172492 2.144512446597219 0.91827000956982363 54.13327313400805 6.1228438783437076 2.7067445944994679 8.2223632745444757 3.1780067421495906 63.521735957823694 4.3587552178651077 3.8482362870126963 1.4184079580008968 1.6221478469669817 2.355093089863658 5.9060182087123394 1.9723688121885059 1.5570959765464056 13.333425655961035 23.173523103818297
leaf_count=23514 91434 234 646 466 654 570 17848 513 129 5416 21 125 76 26 469 67 10 59 31 440 34 40 13 23 19 62 33 25 171 363
internal_value=0.000647729 0.00844212 0.00487957 0.00372074 0.0035049 0.0381486 0.00328427 0.0425996 0.015011 0.0498752 0.0104955 -0.0654963 -0.131055 -0.0592476 0.0189754 0.0116588 -0.000662055 0.030827 0.0032883 0.01556 -0.0263641 -0.092324 0.00154408 -0.0311121 -0.101362 0.0225059 -0.0170648 0.0362323 0.0176249 0.0269318
internal_weight=4530.48 4061.78 3829.25 3700.36 3685.26 128.892 3668.94 121.092 254.467 102.354 16.7307 6.44025 4.31416 3.06278 226.935 159.366 97.0104 62.3556 94.3036 66.6997 27.6039 8.20699 19.3969 13.274 5.74587 7.52817 3.39078 67.5688 38.064 36.5069
internal_count=143531 52097 28583 21602 20956 6981 20302 6747 2454 6234 818 248 123 102 2325 1300 772 528 762 471 291 74 217 150 65 85 46 1025 559 534
is_linear=0
shrinkage=0.1


Tree=109
num_leaves=31
num_cat=0
split_feature=31 31 31 30 30 20 0 5 34 4 11 15 18 31 32 34 3 33 20 36 34 2 2 10 5 2 35 33 4 36
split_gain=121.864 126.26 54.8139 8.69823 6.27634 4.63889 3.61253 4.49106 7.35359 7.91596 6.75892 4.39451 6.76449 4.1876 4.07847 6.59603 10.198 4.83631 4.38059 10.7772 3.85857 3.51542 7.21437 16.7914 3.48313 3.24832 3.19712 3.16351 4.45567 3.29334
threshold=6.4051489207289158 5.6000049957114308 5.4500000000000011 1.3333325603523505 1.0158738232264939 56.395367511404842 57.000307839466906 4.0950299142629119 217.00110788982744 86.903384434248025 2.6683306339567539 2.0309910489648288 1010.9852736542058 5.7999852773121683 116.2327535822762 146.9667509750569 57.525601713312611 66.896755433835821 96.623082091217114 38.946309135981757 192.73986619192181 153.00005562515784 151.50027966827432 4.9999488137370776 0.51332441369047699 139.41817403117145 84.997940868534258 54.500508989173404 84.922286675184679 33.000154623648299
decision_type=2 2 2 2 2 2 2 2 2 2 2 2 2 2 2 2 2 2 2 2 2 2 2 2 2 2 2 2 2 2
left_child=1 2 -1 4 5 27 -3 11 -9 -10 13 14 20 -11 15 16 17 24 -17 -20 -13 22 25 -24 -8 -5 -26 28 29 -4
right_child=-2 6 3 21 -6 -7 7 8 9 10 -12 12 -14 -15 -16 18 -18 -19 19 -21 -22 -23 23 -25 26 -27 -28 -29 -30 -31
leaf_value=-0.066884826648478404 -0.066884860022327061 0.062974991100026148 0.11656416571200633 0.27645064735250385 0.098350278044718922 -0.044845406074840791 0.067277305279203253 0.047516649800760147 0.037515612680023874 -0.22882888953122818 0.067397344069464252 -0.067117922958453452 0.067212189819789533 -0.069175022680420709 0.063541743410730545 0.062884738084901207 0.067384016442553471 0.067227176640616587 -0.23157521786751845 0.067178539988223054 0.067470359051756398 -0.050662033877633905 0.019663869465208979 0.6428968354526039 -0.19323100191687348 -0.06871645906755447 -0.025944256532891109 0.0040079895284180263 0.050350268953963363 -0.065293636643515424
leaf_weight=115.55251697637141 232.79396022856236 223.6531296512112 1.0551550257951081 0.29094643518328567 6.9879479929804793 19.748472638428211 0.80113102309405615 27.581080038100481 7.3565790839493266 3.3956055352464301 1.7938386434689162 10.175636791624131 11.249968268908558 3.1827995050698519 169.22546376939863 42.949259857647121 6.9967142883688203 1.5188160045072434 1.8113112719729532 3.622048469260335 2.6941465940326443 40.587340272963047 1.831991655752063 0.56582099245861162 4.8686076225712895 4.3347924686968327 1.4927195608615873 3463.1389326862991 5.0998372230678788 17.703114688396454
leaf_count=23514 48378 19492 13 11 179 1689 63 2063 497 43 134 208 957 74 14536 3663 557 126 38 319 185 3411 66 33 48 265 53 22508 42 366
internal_value=0.0035426 0.00744501 0.000898349 0.00309766 0.00367294 0.00348428 0.0533505 0.0461924 0.0163996 -0.0381654 -0.104665 0.0512052 0.0105699 -0.151584 0.0554066 0.0339163 -0.0224533 -0.0948582 0.0521824 -0.0324166 -0.0389434 -0.0393584 0.0259626 0.166731 -0.129229 -0.0470064 -0.153976 0.00375799 -0.0325311 -0.0550641
internal_weight=4434.06 4201.27 3676.9 3561.34 3513.73 3506.75 524.369 300.716 43.3099 15.7288 8.37224 257.406 24.1198 6.57841 233.286 64.0606 15.678 8.68127 48.3826 5.43336 12.8698 47.6109 7.02355 2.39781 7.16246 4.62574 6.36133 3487 23.8581 18.7583
internal_count=143531 95153 52097 28583 24797 24618 43056 23564 2811 748 251 20753 1350 117 19403 4867 847 290 4020 357 393 3786 375 99 164 276 101 22929 421 379
is_linear=0
shrinkage=0.1


Tree=110
num_leaves=31
num_cat=0
split_feature=31 31 0 36 35 6 32 7 4 19 12 2 15 34 34 27 10 11 32 0 32 0 15 25 35 20 5 24 14 14
split_gain=465.937 9.78118 5.70351 6.37288 6.6834 7.28978 6.38805 6.29723 8.57568 5.66787 5.11607 5.07335 4.65819 4.64506 5.2029 4.61561 4.88215 4.50154 4.39469 3.78482 3.65304 3.53526 3.37428 2.66726 2.46297 5.33019 4.65821 2.41788 2.19376 3.67681
threshold=6.4051489207289158 5.6118259625383446 57.000307839466906 50.600278986275562 95.002007045838994 1.4469561112096274 111.29505496154277 2.2984960233090814 90.70009322359499 343.44187777476503 3.9276554430766191 166.84320830541034 2.1181368959606091 145.99477149894713 142.00020098366085 10.433685789832282 2.6863358501174379 2.0456205549086808 164.01557144262543 64.913235596685141 134.26975075006411 61.936637092983617 2.4350011380807599 0.61629084990022776 249.00305810836116 41.322128782962373 0.99811100428669308 24.440792604968674 0.38435497863935125 0.74275773542830081
decision_type=2 2 2 2 2 2 2 2 2 2 2 2 2 2 2 2 2 2 2 2 2 2 2 2 2 2 2 2 2 2
left_child=1 -1 24 4 5 6 13 8 23 19 -5 15 -12 14 -4 16 22 -18 -9 -7 27 -20 -10 28 -3 26 -26 -21 -6 -30
right_child=-2 2 3 10 7 9 -8 18 11 -11 12 -13 -14 -15 -16 -17 17 -19 21 20 -22 -23 -24 -25 25 -27 -28 -29 29 -31
leaf_value=-0.064263113462475666 0.067104387371315979 -0.065074325924587492 0.062453164436335119 -0.065384704954260159 -0.067014022940797766 -0.066998518735280954 -0.066976292858989969 -0.064549644283136184 -0.067087871514897979 -0.067169391779147186 -0.066953473499445498 -0.067331456404291209 0.090402778926872734 -0.066993467014537775 0.33878436831409225 -0.067121026786919155 0.11617384371942935 0.31280889297239367 0.17433017208034807 0.16477897935667898 -0.067100699990218032 -0.067023614421320724 0.1068848700432556 0.14062518348947278 -0.067046136527549413 -0.059308067869056069 0.13157459213482514 0.023085971476425649 0.093735323762979245 -0.066951467204553902
leaf_weight=586.71001679170877 463.95970394834876 98.608183465898037 2.708946840837601 56.922930092550814 14.78163814079017 1.1329872156493355 10.398742589168249 40.150945734232664 1.8207943858578781 2.2425620122812679 3.3383043357171109 2.546899000182747 4.3102528480812907 1.7366324304603038 0.91035199398174871 1.6398056265898038 3.633959885686636 1.7130506546236572 1.437275052070617 8.0926552354358083 0.89994705189019519 1.0504508274607358 2.8754995432682335 0.78994072321802278 1.8310335911810423 12.857802659738807 3.3249462959356606 1.4148648926056928 2.601959604304283 3.1454513324424624
leaf_count=52390 48378 16862 120 9457 2321 170 1616 6448 227 287 551 355 55 258 16 198 105 19 13 144 114 157 22 10 256 2085 103 92 189 513
internal_value=-0.0139167 -0.0568464 -0.0417852 -0.0302258 -0.015336 0.0251888 -0.0212773 -0.0306454 0.000435521 0.0783019 -0.0550667 0.0605531 0.0217228 0.067449 0.131958 0.0884317 0.113829 0.179171 -0.0565584 0.10657 0.125465 0.0724177 0.0394341 -0.0396918 -0.058863 -0.0248619 0.0610388 0.143693 -0.0466302 0.00579443
internal_weight=1339.59 875.629 288.919 172.297 107.725 29.5377 15.7547 78.1877 35.549 13.783 64.5715 14.23 7.64856 5.35593 3.6193 11.6831 10.0433 5.34701 42.6387 11.5405 10.4075 2.48773 4.69629 21.319 116.622 18.0138 5.15598 9.50752 20.529 5.74741
internal_count=143531 95153 42763 23457 13394 2817 2010 10577 3959 807 10063 926 606 394 136 571 373 124 6618 520 350 170 249 3033 19306 2444 359 236 3023 702
is_linear=0
shrinkage=0.1


Tree=111
num_leaves=31
num_cat=0
split_feature=31 31 5 25 10 33 35 24 33 25 0 32 20 14 0 32 27 19 4 4 11 11 2 34 11 11 19 36 8 37
split_gain=206.977 76.0235 12.5124 3.94732 4.24249 5.75469 4.37729 5.08695 4.0538 4.2316 4.80059 3.99003 3.80227 3.75727 3.44289 6.31649 3.65085 6.13337 4.87935 3.68959 3.5212 20.6466 4.68283 5.36852 4.53337 21.859 5.98784 4.22313 4.17814 4.4014
threshold=5.6000049957114308 5.4500000000000011 0.28665966950380045 0.55430575096687174 4.9999488137370776 64.999605315038522 263.0650485609408 28.566477750585431 89.999026617873696 0.56049629686950253 60.921207012778119 164.01557144262543 34.500916484005081 0.99998693382312853 32.00364764427696 100.6835195013109 29.906148927560775 213.76649007094616 90.101023330878164 76.201612296193403 7.9999025157879391 5.0002277014888366 169.53765546679116 252.00097047291516 2.0000405439524505 2.9916750384456821 395.33258407223838 72.000744394553166 7.9747254713304363 0.014243463307110184
decision_type=2 2 2 2 2 2 2 2 2 2 2 2 2 2 2 2 2 2 2 2 2 2 2 2 2 2 2 2 2 2
left_child=1 -1 3 11 6 -6 -5 -8 9 10 -7 -3 -4 14 15 -14 19 -18 -19 -17 21 24 27 -24 26 -26 -16 -22 29 -27
right_child=-2 2 12 4 5 8 7 -9 -10 -11 -12 -13 13 -15 20 16 17 18 -20 -21 22 -23 23 -25 25 28 -28 -29 -30 -31
leaf_value=0.067055027660741118 -0.06686979289523183 0.047650741900416703 0.05531752038188046 0.054921930743206719 -0.26173759245743622 -0.4250033461977496 -0.21470549749933712 0.074728478699768702 -0.13351064639481244 0.068099436975133626 0.071137295088454996 -0.11245811449739163 0.045714422989131559 0.054076662481071562 0.0014337974503138443 0.029306735344709647 -0.15719852818690969 0.028582774525433521 -0.11476331506019999 0.0013092453283363704 0.0038410382607483003 -0.1070551228027215 0.032368717749217756 -0.0948585998017865 -0.10232273179528713 -0.0015763438852629886 0.019376768246146536 0.054433824256338449 0.055590305109009946 -0.037593485983526853
leaf_weight=203.97107750363648 411.80795458995271 95.282191985286772 14.026760148815809 12.591870981268587 1.1871402030810694 0.40458369813859452 1.4146185470744961 1.0639462247490881 2.3007980082184076 4.1027800776064396 0.37651491165161133 1.5823352551087726 50.147986197844148 14.432107229717074 1055.9346225322224 68.286074358969927 3.4630631487816599 9.5463800374418479 3.1608333252370349 151.49437339231372 972.14249410200864 17.930698512587696 92.705178091302514 3.43966320157051 22.293740193359554 913.88358580833301 225.7488280525431 16.7838293928653 12.366188585758207 35.237319159787148
leaf_count=23514 91434 5891 646 631 27 26 22 38 55 232 14 45 840 610 5282 979 28 98 15 1089 5667 213 695 13 219 3538 1128 162 182 198
internal_value=0.000640797 0.00757848 0.00438878 0.0361243 -0.000696087 -0.0577734 0.0310111 -0.0904634 -0.024072 0.0274847 -0.185847 0.0450353 0.00335213 0.00315346 0.00295236 0.0134841 0.00663406 -0.0392247 -0.0070736 0.0100081 0.00205785 -0.000170929 0.00674805 0.0278171 0.000675038 -0.00443087 0.00459418 0.00469969 -0.00216108 -0.00291353
internal_weight=4419.11 4007.3 3803.33 120.307 23.4423 8.37182 15.0704 2.47856 7.18468 4.88388 0.781099 96.8645 3683.02 3669 3654.56 286.099 235.951 16.1703 12.7072 219.78 3368.47 2283.39 1085.07 96.1448 2265.46 983.781 1281.68 988.926 961.487 949.121
internal_count=143531 52097 28583 6981 1045 354 691 60 327 272 40 5936 21602 20956 20346 3049 2209 141 113 2068 17297 10760 6537 708 10547 4137 6410 5829 3918 3736
is_linear=0
shrinkage=0.1


Tree=112
num_leaves=31
num_cat=0
split_feature=31 31 31 30 30 13 0 5 5 34 36 2 15 18 32 34 3 20 36 33 10 25 33 25 29 19 18 10 33 34
split_gain=105.755 109.087 48.0707 7.38033 5.87516 4.3358 3.43346 4.15311 6.13997 6.7804 6.04177 4.15118 3.94661 5.79054 3.84152 5.59591 8.08738 3.99714 7.90519 3.52474 3.43366 3.28189 3.23512 3.70801 3.03213 3.94708 3.79558 3.33512 3.40027 3.39642
threshold=6.4051489207289158 5.6000049957114308 5.4500000000000011 1.3333325603523505 1.0158738232264939 7.9988468735526297 57.000307839466906 4.0950299142629119 7.9713708910364298 217.00110788982744 48.864030980406291 148.90030966913864 2.0309910489648288 1010.9852736542058 116.2327535822762 146.9667509750569 57.525601713312611 96.623082091217114 38.946309135981757 66.896755433835821 3.4977366485602435 0.57523483896344307 55.002018244502999 0.4776431494589955 1.0000000180025095e-35 305.22030619402744 1554.8319285079758 2.1662648338562929 59.58475905950457 208.79020545654271
decision_type=2 2 2 2 2 2 2 2 2 2 2 2 2 2 2 2 2 2 2 2 2 2 2 2 2 2 2 2 2 2
left_child=1 2 -1 4 5 24 -3 12 9 11 20 -9 14 21 15 16 19 -17 -19 -8 -11 -14 23 -5 -4 27 -27 28 -26 -29
right_child=-2 6 3 22 -6 -7 7 8 -10 10 -12 -13 13 -15 -16 17 -18 18 -20 -21 -22 -23 -24 -25 25 26 -28 29 -30 -31
leaf_value=-0.066857547214872942 -0.066857575838282099 0.062397822085535862 0.004278132371524212 -0.067621940353224802 0.098641620805402966 -0.046292093034555358 -0.10838875909130086 -0.076327612417348228 0.067184742223499225 0.067196597696795424 0.067392866661757145 0.057163940554016593 0.047619692164658015 0.067153652607716788 0.063048102636680661 0.062298964721520744 0.067307411245551271 -0.18574088730341437 0.06711579346313383 0.067166912867059073 -0.1331117726167059 -0.067255791838580825 -0.042722823561800322 0.22581299771943147 0.12002767303568665 0.13423592376952517 0.0012896115521725459 0.0046418062462641341 -0.063912806165679889 -0.054851140728869721
leaf_weight=101.18562549771741 203.85130567196757 197.52886870224029 3325.5516207027249 0.77169694658368715 6.4862331277690819 17.484809260349721 7.4557620109990221 2.9013777757063535 14.700854907743631 0.96132951043546011 2.4200657298788419 11.818691002205012 3.4450304266065386 9.9424306964501721 149.45506901666522 38.057125902734697 6.2458607498556367 2.0222321543842545 3.1817955262959003 1.3508764496073125 7.7939159236848354 8.9426027284935099 43.016463648527861 0.97440825589001179 1.0485373544506753 2.2033242499455801 84.699727404396981 35.439458396751434 24.194032083265483 13.159128878265618
leaf_count=23514 48378 19492 21886 49 179 793 164 105 1337 85 196 986 233 957 14536 3663 557 38 319 126 102 160 3719 18 22 14 884 471 380 168
internal_value=0.00345246 0.00692755 0.00110766 0.00304213 0.00355665 0.00338063 0.0523733 0.0450583 0.0155692 -0.013733 -0.0724605 0.0308523 0.050261 0.0103126 0.0545545 0.0327859 -0.0197305 0.0510587 -0.0311417 -0.0814598 -0.111118 -0.0353086 -0.0373065 0.0961285 0.00362976 -0.00978418 0.00466031 -0.0267838 -0.0562722 -0.0114672
internal_weight=4328.29 4124.44 3656.22 3555.03 3510.27 3503.78 468.224 270.695 40.5962 25.8954 11.1753 14.7201 230.099 22.3301 207.769 58.3137 15.0525 43.2612 5.20403 8.80664 8.75525 12.3876 44.7626 1.74611 3486.3 160.744 86.9031 73.8412 25.2426 48.5986
internal_count=143531 95153 52097 28583 24797 24618 43056 23564 2811 1474 383 1091 20753 1350 19403 4867 847 4020 357 290 187 393 3786 67 23825 1939 898 1041 402 639
is_linear=0
shrinkage=0.1


Tree=113
num_leaves=31
num_cat=0
split_feature=31 31 0 5 4 34 18 20 24 35 36 19 14 34 31 35 34 32 23 32 3 20 31 2 5 7 32 34 33 19
split_gain=409.836 9.78133 5.32452 6.00617 7.50396 7.7361 5.67364 5.84443 5.16446 4.94934 3.43939 6.78037 8.87542 5.90574 3.5894 3.02354 2.85796 6.95466 4.59647 2.73723 2.67676 2.66705 2.54209 2.69829 2.31785 2.06247 1.69153 4.6482 1.5436 3.22007
threshold=6.4051489207289158 5.6118259625383446 53.217487530151935 1.4248529255552376 86.903384434248025 217.00110788982744 1010.9852736542058 47.730911273170499 25.64946489937164 269.5820066745211 38.767407678451484 359.38931877311012 0.32869256826046223 180.70537685049609 5.9552260254380629 103.00139577212856 146.9667509750569 110.99995822105198 0.35397570171698073 97.998473070895031 58.126558673527946 27.948747884313061 6.3000100808444772 148.90030966913864 2.9537026105815927 2.1822110498596516 93.00399945535824 151.81286382734507 48.279058621723912 229.08640475000001
decision_type=2 2 2 2 2 2 2 2 2 2 2 2 2 2 2 2 2 2 2 2 2 2 2 2 2 2 2 2 2 2
left_child=1 28 26 6 22 20 7 9 -7 -4 11 19 -13 -14 -15 -9 17 18 -12 -8 -6 -22 23 25 -24 -5 27 -3 29 -1
right_child=-2 2 3 4 5 8 10 15 -10 -11 16 12 13 14 -16 -17 -18 -19 -20 -21 21 -23 24 -25 -26 -27 -28 -29 -30 -31
leaf_value=0.18656074855652824 0.067049491009258402 0.28164823431657338 -0.057619832919784099 -0.06702891619059248 0.10818228591233509 0.14396957228041135 0.22070263050833461 0.097533812372599893 -0.031212121336009792 0.072059128517833776 -0.066972247936377308 -0.066959919079940755 -0.067033691014215122 0.06705147109953398 0.28625009681563002 -0.067195193543750947 -0.066908524191528304 -0.066915814114957797 0.14262041321753202 -0.066948923965735485 0.096466849823657927 -0.062122460881926522 0.24724061821373905 -0.05965417689950319 -0.067198452457420607 0.077436390641366787 -0.064486253988491768 -0.066909618251693392 -0.064277378017273831 -0.067226177631326364
leaf_weight=0.75791620509698931 406.44096657447517 0.53258534986525674 14.403074805159127 1.5089464369230032 1.4586030426435197 8.0661055338568968 0.34026085492223757 6.8483659517951292 2.1265188679099074 3.6989661543630055 1.5099211493507017 3.1169875180348745 0.94619355117902149 1.1044689496047797 2.3084209044463933 1.330742619000375 77.239718841854483 10.024518266785888 3.408010367769748 11.909223455004392 1.245221687015144 7.1458431514911354 0.58638532366603513 18.740966018289328 0.3905762517824769 2.8637766856700182 76.300579557195306 1.3584752534516153 537.67228017840534 1.4688787297345696
leaf_count=60 48378 33 2309 232 74 195 33 135 272 119 254 543 141 62 29 191 14707 1863 90 2135 20 1120 5 3093 51 175 14621 261 52159 171
internal_value=-0.0147284 -0.0562543 -0.0403402 -0.0309778 0.00113914 0.046347 -0.0412349 0.000577191 0.107421 -0.0311213 -0.0510544 -0.0131561 0.0618911 0.154027 0.215314 0.0707324 -0.059164 -0.0191314 0.0782705 -0.0589587 -0.0168533 -0.038588 -0.0364717 -0.0431502 0.121532 0.0275841 -0.0621707 0.0312558 -0.0639333 0.0191532
internal_weight=1206.85 800.413 260.513 182.322 44.1329 20.0423 138.189 26.2811 10.1926 18.102 111.908 19.7256 7.47607 4.35908 3.41289 8.17911 92.1822 14.9424 4.91793 12.2495 9.84967 8.39106 24.0907 23.1137 0.976962 4.37272 78.1916 1.89106 539.899 2.22679
internal_count=143531 95153 42763 27848 5237 1681 22611 2754 467 2428 19857 2943 775 232 91 326 16914 2207 344 2168 1214 1140 3556 3500 56 407 14915 294 52390 231
is_linear=0
shrinkage=0.1


Tree=114
num_leaves=31
num_cat=0
split_feature=31 31 5 36 36 10 19 11 18 18 18 4 0 35 20 14 6 6 4 3 32 36 34 19 33 34 3 1 2 3
split_gain=179.802 67.9275 10.6043 4.039 7.39485 4.68502 4.64627 6.39422 5.15628 5.23824 6.49434 4.39248 3.44377 3.75529 3.42322 3.39242 3.17908 27.0622 4.15773 5.33459 4.76358 4.6988 6.61252 4.40596 5.44824 4.64345 3.89717 4.33668 4.62881 3.65379
threshold=5.6000049957114308 5.4500000000000011 0.28665966950380045 55.652206520776737 55.375221337339447 4.9999488137370776 395.33258407223838 1.9947608132802459 1742.8598055000002 1463.8146562275847 1525.715432161471 94.800383072639704 55.999656121256344 276.00316721912412 33.479920692034561 0.99998693382312853 7.9999628160976615 1.0536233692857484 89.500014369148388 63.441304966005049 101.99972925847335 55.90522838887717 283.16223576016313 377.17754391545782 75.96103619515587 152.81831224599333 61.594290655072349 1.7946695001455224 157.41002240993325 59.463391945365785
decision_type=2 2 2 2 2 2 2 2 2 2 2 2 2 2 2 2 2 2 2 2 2 2 2 2 2 2 2 2 2 2
left_child=1 -1 3 4 5 12 8 -8 9 -7 -11 -12 -3 -14 -4 16 17 18 19 21 -20 22 26 25 -25 -22 29 -28 -29 -16
right_child=-2 2 14 -5 -6 6 7 -9 -10 10 11 -13 13 -15 15 -17 -18 -19 20 -21 23 -23 -24 24 -26 -27 27 28 -30 -31
leaf_value=0.067006930731517034 -0.066845176585666133 0.061159957610110671 0.055827910491234978 0.060557338843505906 -0.2650330849090049 0.025885814810771592 -0.39187215624628724 -0.054752756939486447 0.060523282415515689 -0.36583691640536681 0.019616506307233099 -0.24345533252541154 0.022467441515933773 -0.12362528036009346 -0.0066719427093749444 0.052967630492843823 0.0036799299269952099 -0.083015705069577089 -0.10835648791127102 0.031541839019285076 0.065225485939012548 0.031150069501009799 -0.14815028847493825 0.024401727169934315 -0.068638048212814634 -0.0049090026108620614 0.014407897784305465 -0.030366397866297579 -0.16930416127143483 0.051018686354322086
leaf_weight=178.94240951165557 361.80318075738614 31.873322509229183 12.23448011279106 38.243131401948631 0.89552042074501415 4.6356232929974848 0.64337828662246366 4.4826567182317376 9.7123513426631671 0.90666965581476722 2.0864530624821787 0.91216688230633725 16.625375982373956 1.9677388444542874 74.870935243554413 13.452576909214256 3247.6694366207812 40.727459873305634 4.8879405222833148 82.128997532185167 10.748339511454104 35.312830915674567 3.3999203816056243 8.9892051834613103 20.990910893306136 77.560325889848173 6.0011334717273686 5.2501556500792503 4.4137787371873856 12.864549696445463
leaf_count=23514 91434 2083 615 2730 33 278 18 174 559 34 134 16 881 41 473 617 17700 686 18 429 72 287 13 51 91 386 32 28 22 82
internal_value=0.000630228 0.00680533 0.00395126 0.0341253 0.0206007 0.0240645 -0.012942 -0.0970652 0.0106821 -0.045995 -0.131318 -0.0604088 0.0412083 0.00700622 0.00302017 0.00284313 0.00265767 -0.00589571 0.00314496 0.0112528 -0.0116154 -0.000472439 -0.0109282 -0.00761781 -0.0407411 0.0036273 -0.00641619 -0.0523608 -0.093823 0.00178717
internal_weight=4315.23 3953.43 3774.49 112.984 74.7413 73.8457 23.3793 5.12604 18.2533 8.54091 3.90529 2.99862 50.4664 18.5931 3661.5 3649.27 3635.82 388.146 347.419 224.242 123.177 142.113 106.8 118.289 29.9801 88.3087 103.401 15.6651 9.66393 87.7355
internal_count=143531 52097 28583 6981 4251 4218 1213 192 1021 462 184 150 3005 922 21602 20987 20370 2670 1984 1366 618 937 650 600 142 458 637 82 50 555
is_linear=0
shrinkage=0.1


Tree=115
num_leaves=31
num_cat=0
split_feature=31 31 31 30 30 13 0 5 4 34 24 18 20 35 35 2 2 10 32 2 4 32 18 35 28 0 8 8 0 0
split_gain=91.7978 94.1691 42.1206 6.20298 5.51288 3.83607 3.26874 4.26847 5.86164 6.88156 5.50633 3.99084 5.5981 4.2685 3.39068 3.19092 5.04821 6.00736 2.92179 3.54705 3.27519 3.33662 3.24391 3.20892 2.76295 3.15959 2.73342 7.17248 4.41378 4.62794
threshold=6.4051489207289158 5.6000049957114308 5.4500000000000011 1.3333325603523505 1.0158738232264939 7.9988468735526297 53.217487530151935 1.4248529255552376 86.903384434248025 217.00110788982744 25.64946489937164 1010.9852736542058 47.730911273170499 269.5820066745211 103.00139577212856 153.00005562515784 151.50027966827432 4.9999488137370776 91.01827667847715 152.70011315467039 78.197568356251679 87.032436999122282 893.08394265000004 225.13948541872628 39.199413699730549 78.997381413730892 1.9999927881542103 1.0004103158373872 35.999139025065851 37.961821577729481
decision_type=2 2 2 2 2 2 2 2 2 2 2 2 2 2 2 2 2 2 2 2 2 2 2 2 2 2 2 2 2 2
left_child=1 2 -1 4 5 18 -3 11 -9 -10 -11 12 13 -8 -14 16 -5 -18 19 20 21 -4 -21 -24 26 -26 27 28 -20 -30
right_child=-2 6 3 15 -6 -7 7 8 9 10 -12 -13 14 -15 -16 -17 17 -19 24 22 -22 -23 23 -25 25 -27 -28 -29 29 -31
leaf_value=-0.06683368388513887 -0.066833709775618852 0.064301964389670493 0.12235228950567241 -0.044035468703007431 0.099246381228728392 -0.044831705061579276 0.061425801498269511 0.048201915971539062 0.033772351106751808 -0.10733912492378697 0.044441074719277107 0.057950403974260246 -0.077743024816296469 -0.048692304504009819 0.067307153058445146 -0.047431792951948708 0.019670090863326311 0.32365165346466096 -0.030910305876179708 0.13017551492271387 0.15300231440620307 -0.047424435171986953 -0.061082491846775035 0.1171648032055702 -0.073629232976118272 0.25514180248367674 0.0034743405257163444 0.11139736689484724 0.13838495404052822 0.018837696416667819
leaf_weight=88.598673065891489 178.49430484324694 133.32549503445625 1.5709960162639642 4.0806489605456582 5.9946288526989511 16.50338069209829 23.066303172148768 37.617788844741881 14.524241869337859 9.1495680194348079 3.235381548292934 183.86742927972227 7.207037862390278 4.1540691889822474 2.0757286474108696 35.120529052335769 1.7890374069102111 1.0212070308625696 17.757493920624256 1.0089982347562934 1.7447764985263345 4.3988062608987093 22.205901356413964 1.058104780036955 6.651533550117164 0.3057468608021735 3363.9796251663938 8.1230081077665073 3.4738560048863283 47.742946105543524
leaf_count=23514 48378 15072 32 276 179 793 2312 3600 1242 202 276 19906 135 119 192 3411 66 33 212 26 14 74 518 12 439 10 22168 50 22 248
internal_value=0.00335086 0.00644305 0.00127034 0.00297266 0.00343082 0.00326655 0.0513787 0.0453308 0.0227106 -0.0129251 -0.0676888 0.0519543 0.0217518 0.0446208 -0.0453082 -0.0352242 0.026994 0.130133 0.00349465 -0.0265889 0.0324786 -0.00274648 -0.045362 -0.0529754 0.00377373 -0.059181 0.00390102 0.0225182 0.012051 0.0269462
internal_weight=4229.85 4051.35 3633.13 3544.53 3502.52 3496.53 418.223 284.898 64.527 26.9092 12.3849 220.371 36.5031 27.2204 9.28277 42.0114 6.89089 2.81024 3480.02 31.9876 7.71458 5.9698 24.273 23.264 3448.03 6.95728 3441.08 77.0973 68.9743 51.2168
internal_count=143531 95153 52097 28583 24797 24618 43056 27984 5320 1720 478 22664 2758 2431 327 3786 375 99 23825 676 120 106 556 530 23149 449 22700 532 482 270
is_linear=0
shrinkage=0.1


Tree=116
num_leaves=31
num_cat=0
split_feature=31 31 0 5 4 34 18 20 24 35 36 19 14 32 20 5 34 32 10 35 31 2 32 34 10 23 32 36 7 31
split_gain=360.396 9.73884 5.02627 5.57205 6.42333 5.8881 5.07294 4.92093 4.86904 4.28808 3.35042 5.98563 7.19094 6.94684 3.57277 2.79268 2.70011 5.86571 3.7457 2.50284 2.34229 2.37086 2.18691 1.89831 1.84108 1.73883 1.69718 8.45846 1.65281 1.54174
threshold=6.4051489207289158 5.6118259625383446 53.217487530151935 1.4248529255552376 86.903384434248025 189.00023522664949 1010.9852736542058 47.730911273170499 25.582858155592877 269.5820066745211 38.767407678451484 359.38931877311012 0.32869256826046223 107.99894014975855 22.570680373693307 7.9713708910364298 146.9667509750569 110.99995822105198 1.896528822767555 103.00139577212856 6.3000100808444772 148.90030966913864 97.998473070895031 180.70537685049609 2.5812078012965145 0.81206853574511573 93.00399945535824 34.724045637910372 2.1822110498596516 6.1887183590458186
decision_type=2 2 2 2 2 2 2 2 2 2 2 2 2 2 2 2 2 2 2 2 2 2 2 2 2 2 2 2 2 2
left_child=1 -1 26 6 20 -6 7 9 15 -4 11 22 -13 -14 -15 24 17 18 -12 -9 21 28 -8 -16 -7 -10 27 -3 -5 -26
right_child=-2 2 3 4 5 8 10 19 25 -11 16 12 13 14 23 -17 -18 -19 -20 -21 -22 -23 -24 -25 29 -27 -28 -29 -30 -31
leaf_value=-0.063594155949310685 0.067001513559676082 0.93621272951393542 -0.05685448239144987 -0.066992027817205826 -0.066972027200913983 -0.067089727676177185 0.16694546888876444 0.089450600413177359 -0.045439788564528974 0.065816184319878943 0.12570873892840154 -0.066940030210830601 0.61036647478870187 0.58288195413400667 -0.066976908025181428 -0.06704557893750758 -0.066879121848141182 -0.066886321612410482 -0.066956960357571843 -0.067180945910825449 0.11620899987845859 -0.058751044760830644 -0.066917831707091785 0.11755835219896094 0.12223116484679855 0.071430172111592513 -0.06410570835171911 -0.017833060270069357 0.065999605134446929 0.24528417354884793
leaf_weight=497.009312179056 356.00944052170962 0.098312628455459072 13.076252565253531 1.362572715152061 3.8219901681877699 0.45743561536073407 0.41568103246391075 6.7045658710412672 3.5635409620590499 3.6436040806584051 3.4664796604774883 2.7870765025727442 0.29073091782629479 0.15070859901607025 0.66820981400087465 0.7929152203723796 67.908890758175403 8.8342840955592674 1.4234314109198747 1.2032627146691082 0.98358599282801051 16.729034250602126 10.50554397376254 3.3631815733388066 7.616095607634632 1.9806534387171266 67.319461954757571 1.6971388300880788 2.9744589743204415 1.175313288811594
leaf_count=52390 48378 11 2309 232 685 68 33 135 547 119 93 543 26 6 117 120 14707 1863 251 191 56 3093 2135 83 175 75 14621 283 175 11
internal_value=-0.0155264 -0.0556626 -0.0388891 -0.0294498 0.00230186 0.0442574 -0.0400278 0.000619452 0.0715331 -0.030122 -0.0500569 -0.0112351 0.0591393 0.137701 0.104842 0.113064 -0.0587032 -0.0182477 0.0696246 0.0656174 -0.0346271 -0.0416697 -0.0580166 0.0869713 0.128505 -0.00368821 -0.0615466 0.0344071 0.0242174 0.138682
internal_weight=1088.03 732.024 235.014 165.899 41.4576 19.4079 124.442 24.6277 15.586 16.7199 99.8142 18.1811 7.25991 4.47283 4.1821 10.0418 81.6331 13.7242 4.88991 7.90783 22.0497 21.0661 10.9212 4.03139 9.24884 5.54419 69.1149 1.79545 4.33703 8.79141
internal_count=143531 95153 42763 27848 5237 1681 22611 2754 996 2428 19857 2943 775 232 206 374 16914 2207 344 326 3556 3500 2168 200 254 622 14915 294 407 186
is_linear=0
shrinkage=0.1


Tree=117
num_leaves=31
num_cat=0
split_feature=31 31 5 36 36 0 10 3 24 20 20 24 33 25 35 2 35 36 36 33 33 19 19 24 5 20 20 20 15 0
split_gain=156.573 60.5762 8.96337 3.96791 9.33283 4.34459 5.54165 7.62295 5.21146 7.38655 6.1254 5.22921 3.33021 3.09173 3.45056 4.53128 5.21996 5.80621 8.43055 3.25439 3.05582 4.41098 2.92411 2.87021 2.86775 2.98323 2.86416 2.75538 3.03047 7.22443
threshold=5.6000049957114308 5.4500000000000011 0.28665966950380045 55.652206520776737 55.422864486839607 55.999656121256344 7.9277153157001656 53.600647137229238 23.214911221809562 18.736596087484447 12.449567987625455 23.505354110019059 98.007950120403976 0.40371871613430826 66.00037219727659 161.60050404787455 99.000327270889201 57.820796102524518 52.000080685734304 85.999883465945075 66.999700631121712 253.22772251565021 270.39616943426273 23.374684787824894 0.99811100428669308 33.479920692034561 186.37339201627995 52.836653738322788 2.2752402375421892 64.999969848022872
decision_type=2 2 2 2 2 2 2 2 2 2 2 2 2 2 2 2 2 2 2 2 2 2 2 2 2 2 2 2 2 2
left_child=1 -1 3 4 5 6 -3 -8 -7 10 -10 23 -9 14 -4 16 17 18 22 -17 -20 -22 -16 -11 -15 -26 -5 -27 -29 -30
right_child=-2 2 13 26 -6 8 7 12 9 11 -12 -13 -14 24 15 19 -18 -19 20 -21 21 -23 -24 -25 25 27 -28 28 29 -31
leaf_value=0.066964801881374644 -0.066823807722363057 0.051157206719856588 0.042232393882210811 0.062591148284513121 -0.49204230878887201 0.04706533112899549 -0.39306264679269698 0.068285312095152276 -0.055911842024615611 -0.034575603442919482 -0.45681569892952179 -0.0022578144293353294 -0.19091423795876258 -0.074223671005077846 0.071969330372269075 0.043776452079259176 0.044461048175119582 0.032753842725639186 -0.070884502004529268 -0.056353778785665734 -0.12473892120944748 -0.32546010064137915 -0.062531770368776149 -0.28875829297992411 0.056153632377488008 0.0019851317985800157 -0.22993372960849956 0.05907017947251586 0.020081783518792615 -0.37039623974194552
leaf_weight=156.98061921866611 318.36913088627625 39.886996295303106 41.314848577603698 34.642609379254282 0.35605672746896644 10.334642864763739 0.64779269043356125 1.7138318745419385 0.7764877881854797 0.76592739112675445 0.74848012533038855 14.387543904595075 0.69738061539828766 4.8980277446098617 2.552155697718268 25.669757465831939 7.5229961052536956 5.4710414335131636 2.0414989329874516 3.7157955281436434 2.3328795041888952 2.0630263146013021 4.408350458368659 1.0577457454055545 10.274142810143529 3511.9817180889659 0.33797745313495298 15.482325011398645 2.8383372612297531 0.56876325514167536
leaf_count=23514 91434 2681 903 2707 3 617 27 118 31 27 22 695 4 121 42 463 136 93 20 30 22 21 62 26 572 18298 23 685 123 11
internal_value=0.000610462 0.00610621 0.00355824 0.0321744 0.018652 0.0212125 0.0412093 -0.0885038 -0.00938086 -0.0422713 -0.252682 -0.0224782 -0.00668143 0.00272285 0.0203281 0.00410345 -0.025972 -0.0540534 -0.0895012 0.031115 -0.171986 -0.218939 -0.0132153 -0.182004 0.00224081 0.00234657 0.0597648 0.00219 0.0402805 -0.0451025
internal_weight=4224.84 3906.47 3749.49 106.353 71.3729 71.0168 42.946 3.05901 28.0708 17.7362 1.52497 16.2112 2.41121 3643.14 97.0924 55.7775 26.3919 18.869 13.3979 29.3856 6.4374 4.39591 6.96051 1.82367 3546.04 3541.15 34.9806 3530.87 18.8894 3.4071
internal_count=143531 52097 28583 6981 4251 4248 2830 149 1418 801 53 748 122 21602 1792 889 396 260 167 493 63 43 104 53 19810 19689 2730 19117 819 134
is_linear=0
shrinkage=0.1


Tree=118
num_leaves=31
num_cat=0
split_feature=31 31 31 30 30 13 36 0 35 6 33 19 7 4 3 32 0 2 2 35 18 33 0 2 33 3 36 32 2 32
split_gain=79.7065 80.8302 36.8869 5.32644 5.08984 3.41525 3.31373 3.97833 4.34679 5.16483 3.90189 3.8361 3.78307 5.54514 3.80117 3.21488 3.00415 2.85156 3.7478 4.40161 3.08298 2.88322 2.75935 2.73475 2.64068 3.90574 2.61083 2.60604 2.57697 2.56604
threshold=6.4051489207289158 5.6000049957114308 5.4500000000000011 1.3333325603523505 1.0158738232264939 7.9988468735526297 50.600278986275562 57.000307839466906 95.002007045838994 1.4469561112096274 62.384099598516933 343.44187777476503 2.2984960233090814 90.70009322359499 70.500015046060753 164.01557144262543 61.936637092983617 153.00005562515784 151.50027966827432 126.00071518976129 2377.1898163263672 48.279058621723912 64.913235596685141 139.41817403117145 54.500508989173404 64.362339769864022 33.000154623648299 98.001889275943952 155.20356084816265 151.02678050451581
decision_type=2 2 2 2 2 2 2 2 2 2 2 2 2 2 2 2 2 2 2 2 2 2 2 2 2 2 2 2 2 2
left_child=1 2 -1 4 5 24 7 29 9 10 28 22 13 -10 -15 -14 -17 18 23 20 -20 -19 -11 -5 25 26 -4 -12 -9 -3
right_child=-2 6 3 17 -6 -7 -8 8 12 11 27 -13 15 14 -16 16 -18 21 19 -21 -22 -23 -24 -25 -26 -27 -28 -29 -30 -31
leaf_value=-0.066812807786808218 -0.066812830766578443 0.061926546300821519 0.092226934632907431 0.23078080707186543 0.10018635522890518 -0.043430485529643209 0.061727298627816618 -0.096444101108357508 0.047728698516638059 0.067069551340197528 -0.20840590363918246 0.067223616445186207 0.065251489430021112 -0.057315760818368922 0.047595138769531795 -0.13635368352612287 0.067091090493718392 0.25882046576001799 -0.06560414916644948 0.26080923795328559 0.20197029024804558 -0.048944743057603754 -0.077993115793714582 -0.068470617863411895 0.003591894455807888 0.058963888361923483 -0.060157466772880579 0.067061325245180214 0.067166119350831971 -0.033339353527375243
leaf_weight=77.572697707684711 156.28170647285879 87.109717861283571 1.2027621380984843 0.33459262736141626 5.4149566991254678 15.663171165157108 149.18684747489169 3.092382077593359 27.784699182026088 1.4728937149047876 0.35161080909892817 2.7676093326881519 53.205920795444399 11.433070980943741 4.9484243509359649 1.5734056150540703 1.3473649574443696 0.30729556642472644 1.4121768353506929 1.1500357557088134 0.61951035354286421 32.256069416180253 11.950696637388317 3.498212936334312 3452.7198111773469 3.9837075835093847 17.244350062683225 14.765133341308681 1.3978664311580358 2.922260421793907
leaf_count=23514 48378 10963 12 11 179 793 18438 74 3047 170 17 290 6488 413 525 14 158 13 58 32 9 3398 357 265 23420 47 346 1775 144 183
internal_value=0.00324346 0.00598835 0.0014005 0.00289704 0.00330999 0.00315972 0.050159 0.0425266 0.0317381 0.00182417 0.0363411 -0.0399746 0.0424155 0.0205214 -0.0256249 0.059644 -0.0425037 -0.0335824 0.0242512 0.104477 0.0159857 -0.0460404 -0.0620762 -0.0423469 0.00336971 -0.0308305 -0.0502219 0.060654 -0.0455103 0.0588344
internal_weight=4144.97 3988.69 3613.38 3535.81 3496.23 3490.81 375.31 226.123 136.091 35.7982 19.607 16.1912 100.293 44.1662 16.3815 56.1267 2.92077 39.5779 7.01453 3.18172 2.03169 32.5634 13.4236 3.83281 3475.15 22.4308 18.4471 15.1167 4.49025 90.032
internal_count=143531 95153 52097 28583 24797 24618 43056 24618 13472 2827 2010 817 10645 3985 938 6660 172 3786 375 99 67 3411 527 276 23825 405 358 1792 218 11146
is_linear=0
shrinkage=0.1


Tree=119
num_leaves=31
num_cat=0
split_feature=31 31 36 2 27 11 35 33 4 18 24 34 35 19 24 31 31 2 3 18 12 18 0 36 3 11 35 5 9 3
split_gain=316.647 8.33541 5.1006 5.51303 5.02391 5.41659 3.72976 6.62133 4.46587 4.07957 4.13814 4.04284 3.57163 5.59163 3.33074 3.11259 3.65298 2.9488 2.66957 2.44002 2.15128 3.88419 2.06315 1.97522 1.97043 1.80861 1.79132 2.42434 1.76337 1.67872
threshold=6.3000100808444772 5.6118259625383446 49.19693968730563 167.73296347728893 4.1740386207645743 1.2153863441809973 84.997940868534258 67.339154551451159 91.200069471245357 1564.8718648318384 20.088255859887436 179.000753908116 520.65047425830505 485.2180428962414 28.659918281147554 6.4051489207289158 6.3999712721760664 144.04980483922671 67.280262616310168 1981.7467852906518 4.8854817426460375 979.63991597029997 66.869119979158526 38.767407678451484 70.060773223968809 4.6255673292694093 241.00653629168519 3.1308077800073564 7.1457110935117809 70.060773223968809
decision_type=2 2 2 2 2 2 2 2 2 2 2 2 2 2 2 2 2 2 2 2 2 2 2 2 2 2 2 2 2 2
left_child=1 -1 3 4 -3 19 7 9 12 10 -7 -10 17 -14 18 16 22 -8 -13 -6 26 -22 29 25 -25 28 -4 -28 -20 -2
right_child=15 2 20 -5 5 6 8 -9 11 -11 -12 14 13 -15 -16 -17 -18 -19 23 -21 21 -23 -24 24 -26 -27 27 -29 -30 -31
leaf_value=-0.063235758481519619 0.13258217666876818 -0.066956108419853361 -0.065366256790483884 -0.061715284531961491 -0.066881174990590528 0.45345562132104755 0.062182708623337912 -0.040905845993019566 -0.057178838559724512 -0.066988817810258672 0.11123672808512158 -0.032919787587054508 -0.066858878116436968 0.45908302498780751 -0.051791865865486987 0.066959564100183555 -0.066967678781164261 -0.055572640028262135 0.13217113338484152 0.11685023659799816 0.075507131680387626 -0.066898769215343004 -0.038219968175319079 0.09012306234511519 -0.066883031038971794 0.020513378979005275 -0.066922969034111088 0.1068777375793617 0.29041618910815553 -0.066909335673281431
leaf_weight=458.47492573398631 3.0106472359038876 14.145008758641778 75.939943660283461 30.772431297693402 0.84452820313163002 0.3756055769044887 2.2786310086958101 6.0982101422268897 5.0638279854320016 1.2374248174019156 5.961743223015219 1.902775905560701 0.46191397146321733 0.35944861359894276 2.6470844456925979 311.80213229265064 3.8170805892441422 31.870682681445032 2.292475807946174 5.0153799201361835 3.2877021974418303 4.588451582705602 1.4215051406063137 3.0921264449134469 1.0780042547266928 0.89450266212224949 1.8027254333719605 1.4466346271801738 1.0163843841291962 0.49055517185479391
leaf_count=52390 170 3160 18294 6970 190 29 173 1163 1009 244 196 303 110 9 525 48378 796 6845 64 113 112 1074 209 87 240 78 398 86 10 106
internal_value=-0.0162921 -0.0557474 -0.038957 -0.0253561 -0.0124416 -0.00180428 -0.00991071 0.0366518 -0.0219325 0.099091 0.13152 0.0185585 -0.042759 0.163306 0.048235 0.0653098 0.00645148 -0.0477154 0.0740011 0.0903709 -0.0572978 -0.00745501 0.0633809 0.0982976 0.049536 0.146674 -0.0622551 0.0104542 0.180779 0.104631
internal_weight=983.49 662.949 204.474 117.408 86.6358 72.4908 66.6308 13.673 52.9579 7.57477 6.33735 17.9872 34.9707 0.821363 12.9234 320.542 8.73979 34.1493 10.2763 5.85991 87.0655 7.87615 4.92271 8.37349 4.17013 4.20336 79.1893 3.24936 3.30886 3.5012
internal_count=143531 93872 41482 21518 14548 11388 11085 1632 9453 469 225 2316 7137 119 1307 49659 1281 7018 782 303 19964 1186 485 479 327 152 18778 484 74 276
is_linear=0
shrinkage=0.1


Tree=120
num_leaves=31
num_cat=0
split_feature=31 31 5 36 36 20 0 10 3 24 24 34 24 24 4 25 33 35 33 27 34 20 33 14 33 20 36 8 6 6
split_gain=136.409 53.9308 7.60625 3.84769 5.57983 4.00582 3.92927 4.81422 7.81492 4.61595 5.5914 4.71055 4.00564 4.8726 3.96356 3.24031 2.93754 2.84224 3.6415 7.60749 3.98401 2.77803 2.95316 2.76943 2.66651 3.95139 2.79663 2.63897 2.62823 24.2167
threshold=5.6000049957114308 5.4500000000000011 0.28665966950380045 55.652206520776737 55.422864486839607 213.42554101326974 55.999656121256344 7.9277153157001656 50.500270254227409 23.214911221809562 23.505354110019059 179.77653829819164 26.11090568158102 26.347182043348891 94.800383072639704 0.49721482896288283 98.007950120403976 37.004429654343859 78.999894475850638 24.941627533463485 202.74033956264529 33.479920692034561 96.002503257264408 0.99998693382312853 89.999026617873696 10.439204592311599 33.886447181404101 1.9999927881542103 7.9999628160976615 1.0536233692857484
decision_type=2 2 2 2 2 2 2 2 2 2 2 2 2 2 2 2 2 2 2 2 2 2 2 2 2 2 2 2 2 2
left_child=1 -1 3 4 6 -5 7 24 -9 27 11 -11 15 -14 -15 -12 -10 18 20 -20 -4 22 -19 28 -3 -26 -27 -8 29 -23
right_child=-2 2 17 5 -6 -7 9 8 16 10 12 -13 13 14 -16 -17 -18 21 19 -21 -22 23 -24 -25 25 26 -28 -29 -30 -31
leaf_value=0.066927951690727072 -0.066804925208121382 0.064474376629416949 0.053781946917533019 0.062015852037267838 -0.30898045703044108 -0.34519813466151517 -0.14483465459598294 -0.38529822264986846 0.068984296087639368 -0.059541094019111375 -0.16331029935168695 -0.36177395853382499 -0.31521967655429445 0.067807167519129838 -0.10818288519438968 0.040638560065408856 -0.16660314934468115 0.063138497922618358 0.025404075597540588 -0.14036285647547547 -0.064163671154643609 0.0022896027592477337 -0.24996124805030726 0.050589543268916008 -0.44109855888738647 -0.11543662757144176 0.037328699383606438 0.060232005589574138 0.0027529573029746197 -0.082477032359184771
leaf_weight=137.7252547047101 279.99493857723428 28.34401077684015 32.46828755363822 31.817741615697742 0.52124637365341087 0.24341982137411733 0.67432230897248047 0.65767597034573499 1.8318443344905975 1.1655230987817078 0.85662539675831695 0.92492434196174134 0.7750483276322474 1.9458247916772959 3.738173047080636 8.5979797458276135 0.74432995542883862 10.072180938906964 11.216994472779332 3.6757252076640716 3.1409384552389374 342.75209672562778 0.31053418852388937 11.67852760106325 0.19736847467720409 1.4422953212633709 7.085264821536839 9.0463577751070243 3177.2289265659638 37.378104832023382
leaf_count=23514 91434 2422 468 2716 3 14 8 20 125 26 39 31 34 124 100 447 4 590 79 28 29 1970 19 605 7 24 228 609 17133 681
internal_value=0.000596777 0.00547549 0.00320677 0.0303292 0.0169549 0.0589241 0.0194523 0.0393857 -0.077629 -0.00952423 -0.0395061 -0.193265 -0.0193081 -0.0800081 -0.0479355 0.02216 0.000916389 0.00245502 0.0260128 -0.0155095 0.0433785 0.00212265 0.0537741 0.00197239 0.0495939 0.00125285 0.011491 0.0460066 0.00181278 -0.00604548
internal_weight=4148.25 3868.26 3730.53 100.61 68.5488 32.0612 68.0276 40.3028 3.23385 27.7248 18.0041 2.09045 15.9137 6.45905 5.684 9.45461 2.57617 3629.92 50.5019 14.8927 35.6092 3579.42 10.3827 3569.04 37.0689 8.72493 8.52756 9.72068 3557.36 380.13
internal_count=143531 52097 28583 6981 4251 2730 4248 2830 149 1418 801 57 744 258 224 486 129 21602 604 107 497 20998 609 20389 2681 259 252 617 19784 2651
is_linear=0
shrinkage=0.1


Tree=121
num_leaves=31
num_cat=0
split_feature=31 31 31 30 30 0 5 4 34 18 20 24 9 20 2 0 31 10 18 19 33 3 0 9 9 2 11 36 35 4
split_gain=69.2122 69.3594 32.2782 4.54308 4.52484 3.18463 3.94556 4.57202 4.80738 3.69081 4.45809 3.53166 3.46013 3.0285 2.59545 3.24283 3.61878 3.45012 7.36379 3.76828 2.48734 3.62228 4.78631 2.53823 27.6817 4.0486 5.67642 4.6702 5.7776 5.57143
threshold=6.4051489207289158 5.6000049957114308 5.4500000000000011 1.3333325603523505 1.0158738232264939 53.217487530151935 1.4248529255552376 86.903384434248025 217.00110788982744 1010.9852736542058 47.730911273170499 25.64946489937164 4.94986455327735 53.997686383385918 153.00005562515784 59.982175582157645 5.5999934808113094 4.9999488137370776 1476.9961116394234 440.8854788893446 54.500508989173404 59.463391945365785 51.999839803316064 1.0001023725258471 1.9939837295098697 153.80011440864348 7.9999025157879391 47.74458889836756 251.53802412658902 97.000457838812409
decision_type=2 2 2 2 2 2 2 2 2 2 2 2 2 2 2 2 2 2 2 2 2 2 2 2 2 2 2 2 2 2
left_child=1 2 -1 4 13 -3 9 -8 -9 10 12 -10 -7 20 15 16 17 -5 -19 -20 21 -4 -23 25 -25 -22 27 28 -27 -29
right_child=-2 5 3 14 -6 6 7 8 11 -11 -12 -13 -14 -15 -16 -17 -18 18 19 -21 23 22 -24 24 -26 26 -28 29 -30 -31
leaf_value=-0.066794541677579672 -0.066794568773286531 0.063467562091674701 -0.058037850043424113 0.022972251684506312 0.097528950208424309 -0.019460103782009235 0.044582507479962293 0.030118536129027752 -0.088601156884574789 0.056329798291545767 -0.043018149366030017 0.040710718087203501 0.067077983341536515 -0.038123360582129333 -0.044550953787590324 -0.069432552648343818 -0.067627494001321412 0.56223572881307715 -0.067718549397424402 0.2914399967467054 0.032742217074406117 -0.045608917401112996 0.11998084811112411 0.10717033999031762 0.0038850431216434899 -0.014185879325940022 -0.031241598686096335 0.0070512546734795185 0.013034852652051086 0.076653510743096356
leaf_weight=67.915204510791227 136.82586410036311 104.16585420724005 14.991977447178217 1.53332302160561 5.0752223990857592 6.5249436218291565 31.038939385674894 12.458242305554451 9.1521205324679595 146.53427359787747 8.5683911102823895 2.7456533461809149 15.82921214401722 17.783868263941258 30.316960464697331 2.4384117815643549 1.2870045425370333 0.47786175925284635 0.63790997909381963 0.53892165794968605 32.613559287972748 3.88134139496833 3.1721851788461208 26.20240824110806 2679.5849931472912 296.96907103899866 65.9201101930812 230.60076844366267 105.7363253631629 12.104244447778909
leaf_count=23514 48378 15072 327 56 179 376 3600 1242 202 19906 327 276 2055 1774 3411 155 102 20 36 6 153 71 21 144 18459 1495 341 1380 400 53
internal_value=0.00312335 0.00555339 0.00149205 0.00280515 0.00317533 0.0489337 0.042432 0.0191336 -0.013298 0.0497049 0.0183109 -0.0587598 0.0418184 0.00303811 -0.0319425 0.0233484 0.0739042 0.131041 0.231182 0.0967555 0.00324895 -0.030234 0.0288618 0.00346293 0.00488524 -0.00171016 -0.00328975 -0.000434843 -0.00703867 0.0105225
internal_weight=4073.63 3936.8 3599.78 3531.87 3494.64 337.018 232.852 55.395 24.356 177.457 30.9225 11.8978 22.3542 3489.56 37.2304 6.91343 4.47502 3.18802 1.65469 1.17683 3471.78 22.0455 7.05353 3449.73 2705.79 743.944 711.331 645.41 402.705 242.705
internal_count=143531 95153 52097 28583 24797 43056 27984 5320 1720 22664 2758 478 2431 24618 3786 375 220 118 62 42 22844 419 92 22425 18603 3822 3669 3328 1895 1433
is_linear=0
shrinkage=0.1


Tree=122
num_leaves=31
num_cat=0
split_feature=31 31 25 24 5 36 5 35 31 31 6 0 35 36 20 35 5 33 10 34 35 33 34 19 10 32 11 5 8 32
split_gain=278.284 8.41984 4.86196 4.75818 3.96289 3.91525 3.37639 2.99357 2.82393 3.19995 2.78088 7.54413 4.77369 3.36442 2.57049 2.36219 6.50646 2.16522 2.59867 1.95821 1.84319 1.78514 3.18824 3.94015 1.76898 1.63295 1.59607 1.54627 1.44749 1.3739
threshold=6.3000100808444772 5.6118259625383446 0.54965284929437785 26.387874106225663 3.1308077800073564 33.886447181404101 7.6498365563513113 269.5820066745211 6.4051489207289158 6.3999712721760664 4.2236066430492576 65.887446033823934 98.000015159117865 49.19693968730563 45.59752770998778 520.65047425830505 2.294424984465234 68.483809356118357 2.775312925952385 189.00023522664949 103.00139577212856 48.279058621723912 148.97115808587461 231.23380027571093 4.3824823767924146 87.032436999122282 4.0800028154048507 1.4248529255552376 2.5739455325313045 125.91654580851748
decision_type=2 2 2 2 2 2 2 2 2 2 2 2 2 2 2 2 2 2 2 2 2 2 2 2 2 2 2 2 2 2
left_child=1 21 10 4 5 28 19 -5 9 24 15 25 13 29 26 -3 -17 18 20 -6 -7 22 23 -1 27 -12 -9 -2 -4 -13
right_child=8 2 3 7 6 17 -8 14 -10 -11 11 12 -14 -15 -16 16 -18 -19 -20 -21 -22 -23 -24 -25 -26 -27 -28 -29 -30 -31
leaf_value=0.40781793659548715 0.039034205027291206 -0.063052683848757549 -0.066920191987057967 -0.056243505997492255 -0.066981071411736773 0.092603543716463677 -0.066975480522021597 -0.068032079311593247 0.06692289034265779 -0.066942548676042254 0.13176457283379583 0.10874206079979259 -0.06696785022265693 -0.066908538695267694 -0.066894360057237132 0.0031222321376489417 0.79266278958264125 -0.051536788937743154 -0.067055631972044977 0.10328451903578602 -0.066933380392269592 -0.063288162265932854 -0.067099369923843064 -0.067291214455201545 -0.067007429865355572 -0.066843317077068906 0.082628902129972592 0.16652963381317168 0.10512372338775161 -0.014876682320399662
leaf_weight=0.40187707752920587 2.5007717886473966 76.539108796045184 0.57293675234541597 29.652743286686018 0.74087824183516016 3.6578268064186004 1.6821119277738024 0.84941986296325822 273.05866234470159 3.3930757497437298 0.42207979876548307 7.2547675177920592 3.5664483059663317 1.554489365313201 2.5548410324845463 1.1552111364435393 0.11474200361408282 14.109070291277019 2.4275170480832458 7.650993620743975 0.90294945309869934 421.64992127765436 1.1701173654291777 0.30858374200761318 0.90720353322103608 21.57647391827777 4.0835086852312088 1.5352269811555741 3.3393465511035174 1.0262313315179197
leaf_count=14 262 20835 123 7146 137 169 330 115 48378 796 18 137 757 349 604 208 22 3311 542 245 210 52159 173 44 172 5887 110 51 114 113
internal_value=-0.0170706 -0.0550741 -0.0373034 -0.0170307 0.00937825 -0.0119522 0.0623332 -0.0419771 0.0651725 0.00783874 -0.0502368 -0.0270008 0.0321435 0.0680823 0.0145202 -0.0608083 0.0744583 -0.0289906 0.0165293 0.0882526 0.0610182 -0.0628546 0.0343584 0.201458 0.0591695 -0.0630327 0.056686 0.0875314 0.0799286 0.0934225
internal_weight=890.359 608.964 185.434 72.2241 35.0836 25.0096 10.074 37.1405 281.395 8.33628 113.21 35.4005 13.4019 9.83549 7.48777 77.8091 1.26995 21.0974 6.98829 8.39187 4.56078 423.53 1.88058 0.710461 4.9432 21.9986 4.93293 4.036 3.91228 8.281
internal_count=143531 93872 41482 13156 5181 4469 712 7975 49659 1281 28326 7261 1356 599 829 21065 230 4232 921 382 379 52390 231 58 485 5905 225 313 237 250
is_linear=0
shrinkage=0.1


Tree=123
num_leaves=31
num_cat=0
split_feature=31 31 5 19 0 3 18 32 25 32 0 0 33 35 32 18 24 11 11 2 36 34 33 10 10 4 19 34 19 19
split_gain=119.129 47.9368 6.42455 3.84094 8.01413 5.16798 4.10482 3.91497 3.48564 3.00957 4.11733 2.66059 3.10432 2.82843 5.97347 3.48537 3.78354 2.8283 18.6726 4.60647 4.41401 4.18646 4.04275 3.70647 15.2515 4.00287 10.4897 4.57511 5.58211 6.11167
threshold=5.6000049957114308 5.4500000000000011 0.28665966950380045 395.33258407223838 76.999400606212092 47.102267897943953 2007.3499908828528 124.92349579790684 0.55978665004405725 128.41546154810206 56.991849314161819 24.025468460405094 70.98901965902904 125.00010415666036 110.99995822105198 893.08394265000004 32.778015969393039 7.9999025157879391 5.0002277014888366 169.53765546679116 72.000744394553166 246.00027965216108 89.999026617873696 5.0000803547617982 5.9998872388027653 77.400203973573028 377.17754391545782 224.00158688226671 167.0481096799833 243.30650742234101
decision_type=2 2 2 2 2 2 2 2 2 2 2 2 2 2 2 2 2 2 2 2 2 2 2 2 2 2 2 2 2 2
left_child=1 -1 3 8 5 -5 -7 -8 -3 10 -9 12 -4 15 -15 -14 -17 18 23 20 22 -21 -19 -13 -25 26 27 28 -26 -30
right_child=-2 2 11 4 -6 6 7 9 -10 -11 -12 17 13 14 -16 16 -18 19 -20 21 -22 -23 -24 24 25 -27 -28 -29 29 -31
leaf_value=0.066895775426783308 -0.066788601111155088 0.048941811730618429 0.061934226831095118 -0.30795433313023635 -0.34358782275544592 -0.24565030774787822 0.068140570807438017 -0.013203183697234328 -0.0046698006210583575 0.0021182588406285213 -0.32305143304450162 0.00238896475446601 -0.13152688903450077 -0.24989344078694342 -0.0013688501654469775 0.053214790868398004 -0.16463785626174793 0.00098501440561009996 -0.10515226954033124 0.031573920645312906 0.054040525535808015 -0.05879205428491862 0.021351772191201181 -0.099092085610669095 -0.14896127508962878 0.0010950224617998891 0.058630597096261977 -0.12603935959376031 0.045437776558741788 -0.046973620780413283
leaf_weight=120.8417882299982 246.63604164886056 61.613607010338455 16.082181461155415 0.52643828094006195 0.70311788748949666 0.60527192195877688 8.2732530622743088 1.0047647426836173 15.099267859011887 6.5288374107331038 0.74822484701871861 2092.2971311125439 1.2938894443213964 1.2539158947765816 4.2287162952125072 13.155412595719095 0.84863549470901567 881.30421092105098 16.75404443917796 94.193217975553125 17.402523382566869 5.4217865020036689 109.57974374573678 17.709614326711744 3.9402688220143309 281.14836532436311 11.485347809270023 6.4528179690241805 9.530057702213524 28.736267830245197
leaf_count=23514 91434 5165 527 20 23 16 713 43 796 184 21 11455 21 18 74 363 8 5981 219 823 209 23 426 109 25 1036 62 25 49 149
internal_value=0.000574942 0.00491428 0.00289429 0.0285499 -0.0124957 0.000666518 0.0101343 0.019486 0.0383895 -0.0291181 -0.145455 0.00221894 0.028947 0.00341809 -0.0582081 0.0255043 0.0400131 0.00194341 5.91534e-05 0.00614094 0.00411417 0.0266555 0.00323733 0.000778248 -0.00860914 -0.003914 -0.0273288 -0.0476183 -0.0356288 -0.023959
internal_weight=4075.4 3828.76 3707.92 95.1028 18.3899 17.6868 17.1604 16.5551 76.7129 8.28183 1.75299 3612.82 36.8628 20.7806 5.48263 15.2979 14.004 3575.96 2468.05 1107.9 1008.29 99.615 990.884 2451.3 359.003 341.293 60.1448 48.6594 42.2066 38.2663
internal_count=143531 52097 28583 6981 1020 997 977 961 5961 248 64 21602 1011 484 92 392 371 20591 13129 7462 6616 846 6407 12910 1455 1346 310 248 223 198
is_linear=0
shrinkage=0.1


Tree=124
num_leaves=31
num_cat=0
split_feature=31 31 31 30 30 36 0 35 6 7 4 32 2 19 32 13 32 3 34 29 19 19 4 2 32 25 19 19 4 32
split_gain=60.1211 59.2281 28.2332 3.90311 4.10063 3.19345 3.63773 3.70366 3.9535 3.54578 4.45625 3.44969 3.21524 2.90944 2.87824 2.85062 2.6089 2.6085 2.54449 2.33796 3.49604 3.53439 5.22913 3.64796 5.38035 5.10339 3.90471 3.61086 5.01538 7.46213
threshold=6.4051489207289158 5.6000049957114308 5.4500000000000011 1.3333325603523505 1.0158738232264939 50.600278986275562 57.000307839466906 95.002007045838994 1.4469561112096274 2.2984960233090814 88.500029836128945 111.29505496154277 166.84320830541034 343.44187777476503 164.01557144262543 7.9988468735526297 91.01827667847715 57.525601713312611 172.00056567859312 1.0000000180025095e-35 305.22030619402744 347.88033076887183 80.554987539929655 159.40002200994181 111.50049302913273 0.50610908944688482 329.64873078492434 440.8854788893446 86.700208571367241 134.99990801586441
decision_type=2 2 2 2 2 2 2 2 2 2 2 2 2 2 2 2 2 2 2 2 2 2 2 2 2 2 2 2 2 2
left_child=1 2 -1 4 15 6 -3 8 11 10 -9 17 18 -10 -11 19 -17 -8 -12 -4 -21 22 23 25 -25 -22 -26 -23 -29 -30
right_child=-2 5 3 -5 -6 -7 7 9 13 14 12 -13 -14 -15 -16 16 -18 -19 -20 20 21 27 -24 24 26 -27 -28 28 29 -31
leaf_value=-0.06677856773486042 -0.066778584800742558 0.057071936258489081 0.0036721649672506449 -0.030357345494180954 0.097211788576672481 0.060420005081121192 -0.078181414248582368 0.051193573389153604 -0.055969159006899444 0.064731014622874158 0.067051328151411377 0.066976040645804133 0.067261152990290216 0.067136998202723966 -0.042030835317918028 0.23697744335119419 -0.047787678546762545 0.067074972992579571 -0.053539037444917392 -0.025108235929029412 -0.077286471205825658 -0.035532905783251412 -9.4336324361215797e-05 0.0018883946020047907 0.11640648112882873 0.13999740012499981 0.29308869918695757 -0.027474693647537213 0.13397451940223751 -0.038703419926539119
leaf_weight=59.457211172906682 119.78640577336773 71.449324687942863 3310.5320148770697 35.337714150547981 4.6182564767077556 118.05672765010968 3.7394128637388411 18.837873485404998 12.909570571500806 42.281269834376872 2.0158487609587636 10.582586882170288 3.6147692524828008 2.2551339240744701 2.6855846173129967 0.32919728849083085 14.172817381564526 1.846890610642731 13.255245059728621 71.653091920074075 2.7724479576572767 28.710794122423977 22.568430962972343 2.6863126340322179 3.8745056265033782 1.7717186203226445 1.8471884713508187 11.503924268763514 6.5391095913946611 4.0541506158187985
leaf_count=23514 48378 11146 21886 3786 179 18438 156 2645 527 6488 255 1616 480 290 172 15 778 238 605 1041 47 313 204 58 43 9 17 138 51 18
internal_value=0.00299919 0.00515012 0.00155655 0.00270984 0.00304489 0.0475635 0.0393801 0.0282941 -0.00098385 0.0393882 0.01678 0.0334165 -0.0175461 -0.0376621 0.0583548 0.00292003 -0.0413235 -0.0301581 -0.0376206 0.00310501 -0.0087798 0.00477286 0.0289723 0.0796194 0.118635 0.00743003 0.173446 -0.0121453 0.018242 0.0678889
internal_weight=4005.75 3885.96 3582.43 3522.97 3487.63 303.53 185.474 114.024 31.3336 82.6906 37.7237 16.1689 18.8859 15.1647 44.9669 3483.02 14.502 5.5863 15.2711 3468.51 157.982 86.3286 35.5206 12.9522 8.40801 4.54417 5.72169 50.808 22.0972 10.5933
internal_count=143531 95153 52097 28583 24797 43056 24618 13472 2827 10645 3985 2010 1340 817 6660 24618 793 394 860 23825 1939 898 378 174 118 56 60 520 207 69
is_linear=0
shrinkage=0.1


Tree=125
num_leaves=31
num_cat=0
split_feature=31 31 25 24 5 5 19 23 12 35 36 35 6 5 32 27 31 31 34 23 19 7 35 10 33 35 35 9 10 25
split_gain=244.397 8.60042 4.68635 4.32486 3.24652 3.84979 3.65582 3.99642 3.55298 2.84487 2.69063 6.19517 4.31605 4.12178 3.99646 5.91686 2.48168 2.88667 2.32712 2.11569 2.0165 1.91646 1.89668 4.85176 1.70257 2.7319 4.32421 1.49328 1.4756 1.43549
threshold=6.3000100808444772 5.6118259625383446 0.54965284929437785 26.387874106225663 6.0053365900452427 7.6498365563513113 300.08751331886896 0.59937291838303208 4.8854817426460375 269.5820066745211 49.19693968730563 98.000015159117865 4.2236066430492576 7.9713708910364298 97.998473070895031 43.768155925235419 6.4051489207289158 6.3999712721760664 199.6735854409437 0.73717505273107897 318.10448295506961 1.8304411336556141 520.65047425830505 1.8612995280229525 48.279058621723912 54.001812377555332 53.008262816726948 6.5594729488677865 2.9060590143219485 0.55492638194684651
decision_type=2 2 2 2 2 2 2 2 2 2 2 2 2 2 2 2 2 2 2 2 2 2 2 2 2 2 2 2 2 2
left_child=1 24 10 4 6 -6 8 21 -4 -5 11 12 14 20 15 -3 17 27 -11 -9 -14 -8 -13 -24 25 26 -1 -2 -10 -26
right_child=16 2 3 9 5 -7 7 19 28 18 -12 22 13 -15 -16 -17 -18 -19 -20 -21 -22 -23 23 -25 29 -27 -28 -29 -30 -31
leaf_value=-0.06714458878750644 0.10128116679026787 -0.066947484107742483 -0.062338357915531752 -0.054982048903820413 0.11187821332355996 -0.066964416539277483 0.048627641510824861 0.21867499751109809 0.094440083026928356 0.056241033352594484 -0.066816555864916721 -0.063955833931312989 0.096165312748455689 -0.066874541026657977 -0.066872565204303056 0.47029743110583522 0.06689082178601026 -0.066918291970462757 -0.066936590139605345 0.06720024919115429 -0.067011966706780127 -0.066848870336580685 0.31773584283428241 -0.066879887865003249 -0.065961736178472646 -0.067123512606427863 0.41296515859014549 -0.011635163385809026 -0.067037089208331915 -0.050798371212797559
leaf_weight=0.36409362033009429 3.0052191445138297 0.47801542864181268 11.935200649546461 26.720019667875022 5.3610976599156848 1.552101631183177 2.4808059609495086 1.1948851037304846 2.4286883855238552 4.7591142365708938 46.158117316896096 34.163427360123023 8.2525266783777589 2.3705882383510462 7.5445911269634962 0.35891869221813977 239.10975340381265 3.0188739930745214 2.2630996608640999 4.0388207184150815 0.83383797970600504 3.4163591132964939 0.46908821864053507 1.0902896986808626 311.52545370382722 1.1011099501047281 0.38699192716740072 1.9190961904823778 0.73782832454890002 78.080375262070447
leaf_count=64 219 111 3063 7146 133 330 178 25 54 303 14543 10179 265 632 2085 11 48378 796 526 297 204 946 16 280 44844 162 5 266 155 7315
internal_value=-0.0177881 -0.0543354 -0.0354536 -0.0148943 0.0107614 0.0717258 -0.00530485 0.0381783 -0.0373545 -0.0400966 -0.0489728 -0.0341489 0.0106595 0.0505543 -0.0438738 0.16345 0.0650641 0.0100747 0.0165437 0.101783 0.0811909 -0.0182705 -0.059033 0.0488193 -0.0624682 0.0331806 0.180229 0.0572756 0.0568144 -0.0629229
internal_weight=807.118 560.065 168.607 66.888 33.1458 6.9132 26.2326 11.1309 15.1017 33.7422 101.719 55.5613 19.8385 11.457 8.38153 0.836934 247.053 7.94319 7.02221 5.23371 9.08636 5.89717 35.7228 1.55938 391.458 1.8522 0.751086 4.92432 3.16652 389.606
internal_count=143531 93872 41482 13156 5181 463 4718 1446 3272 7975 28326 13783 3308 1101 2207 122 49659 1281 829 322 469 1124 10475 296 52390 231 69 485 209 52159
is_linear=0
shrinkage=0.1


Tree=126
num_leaves=31
num_cat=0
split_feature=31 31 5 36 10 36 2 9 32 25 25 3 0 20 34 20 4 20 33 4 34 18 2 18 6 7 22 19 4 34
split_gain=104.08 42.5191 5.3462 3.76655 4.91295 5.61813 3.80271 4.11399 4.00687 3.07431 5.0273 3.55037 5.2877 4.70904 9.99959 2.72919 2.66926 2.65904 2.65072 2.96578 2.52113 6.92883 4.73984 4.22148 4.86093 3.73568 4.69772 3.88068 3.91638 5.04905
threshold=5.6000049957114308 5.4500000000000011 0.28665966950380045 55.652206520776737 4.9999488137370776 55.422864486839607 157.1273961894824 2.9929295703187844 96.999869429560349 0.55629386150747295 0.56049629686950253 50.500270254227409 52.931712297612037 18.322551372960209 186.9999036267196 129.46691287726222 96.218176985702101 213.42554101326974 89.999026617873696 95.117033663327604 235.00264384652891 3765.4182539085996 179.66084408353672 2725.2778831031378 7.9999628160976615 2.9999957838943483 8.9991807487128703 152.73209172715517 81.146015594249477 264.00444688639396
decision_type=2 2 2 2 2 2 2 2 2 2 2 2 2 2 2 2 2 2 2 2 2 2 2 2 2 2 2 2 2 2
left_child=1 -1 3 4 6 9 7 -3 -9 11 -11 12 -6 14 -13 -15 18 -5 19 -12 -4 22 23 25 -25 26 -22 -27 29 -29
right_child=-2 2 20 17 5 -7 -8 8 -10 10 16 13 -14 15 -16 -17 -18 -19 -20 -21 21 -23 -24 24 -26 27 -28 28 -30 -31
leaf_value=0.066867408366850775 -0.06677418511793641 -0.14900124242614596 0.0029755589701140374 0.060929055710537874 -0.24756947952315259 -0.38052281234013458 0.051769333679841482 -0.12886653738787712 0.043734594462089084 -0.2679811809994434 0.068266847099456338 -0.72932746376920354 0.067983974010341688 0.048268140937505491 0.06719185605937765 -0.24810242887116263 0.06841045142551691 -0.21493674543054528 -0.23086201714474586 -0.14545988463605539 -0.016567469444277814 0.095598280231803265 0.076421716565401435 -0.11963355481551262 -0.023610372483452387 0.060215949219094379 0.081056759803040335 -0.051084523765277959 0.010707345935100704 0.026001836065671597
leaf_weight=105.94360315194353 217.17264569085091 1.9464760660193832 3176.1742969392799 27.274882033001635 1.2350500468164747 0.43605104088783164 30.152265339624137 1.6532953097485004 7.2124113165773451 1.1263894625008095 1.3690865049138672 0.25200879294425149 0.93158480152487744 11.943210173863914 0.42077378369867802 0.31901516625657755 1.6875926982611416 0.3539396608248343 0.91610688716173161 1.2348837591707704 201.48797584953718 6.7057921066880217 6.7224366366863242 6.5025425348430863 27.856111510656774 12.193293364252893 5.0527631472796193 26.075062848627567 117.84161954279989 12.603869040030984
leaf_count=23514 91434 30 19767 2716 29 2 2425 45 523 30 87 13 61 820 39 29 94 14 9 15 959 31 23 30 104 52 29 114 441 52
internal_value=0.000554301 0.00440661 0.00261314 0.0266231 0.0130928 -0.0251745 0.0335245 -0.0173554 0.0115476 -0.0179459 -0.0764217 0.00658047 -0.111891 0.0264247 -0.231166 0.0405577 -0.0349884 0.0573951 -0.0845598 -0.033089 0.00200966 -0.00524229 -0.0068665 -0.00823339 -0.0417832 -0.00516154 -0.0141792 0.00587796 0.00164491 -0.0259653
internal_weight=4012.8 3795.62 3689.68 90.465 62.8362 21.8718 40.9644 10.8122 8.86571 21.4357 6.33406 15.1016 2.16663 12.935 0.672783 12.2622 5.20767 27.6288 3.52008 2.60397 3599.22 423.041 416.336 409.613 34.3587 375.255 206.541 168.714 156.521 38.6789
internal_count=143531 52097 28583 6981 4251 1228 3023 598 568 1226 235 991 90 901 52 849 205 2730 111 102 21602 1835 1804 1781 134 1647 988 659 607 166
is_linear=0
shrinkage=0.1


Tree=127
num_leaves=31
num_cat=0
split_feature=31 31 31 14 33 0 14 0 5 5 36 34 18 15 33 34 20 33 36 19 14 36 32 24 34 32 25 33 19 18
split_gain=52.2459 50.6051 24.6873 3.39785 4.6162 5.91843 3.32651 3.07209 3.32124 3.73669 3.69011 4.05487 3.48061 3.90281 3.28985 2.71441 2.47725 2.95708 2.4043 4.44508 5.40368 3.91984 2.29555 2.26533 3.78612 3.74827 5.19695 4.61438 7.9777 4.48654
threshold=6.4051489207289158 5.6000049957114308 5.4500000000000011 0.99998693382312853 57.003890922230084 55.999656121256344 1.0000000180025095e-35 53.217487530151935 1.4248529255552376 7.9713708910364298 52.738374698234956 189.00023522664949 1010.9852736542058 2.0309910489648288 72.5000317772638 133.0020140027743 66.177355534747832 51.001929923687136 38.767407678451484 359.38931877311012 0.32869256826046223 37.999492104543457 162.00092129381133 27.543149256318411 272.93800650482945 147.00048600295267 0.56117555696738119 93.001327954738159 328.37651358518525 1612.0750915605197
decision_type=2 2 2 2 2 2 2 2 2 2 2 2 2 2 2 2 2 2 2 2 2 2 2 2 2 2 2 2 2 2
left_child=1 2 -1 6 5 -5 16 -3 12 10 11 -10 13 15 -13 -9 23 -18 19 -14 -21 -22 -6 -4 25 -25 -27 29 -29 -28
right_child=-2 7 3 4 22 -7 -8 8 9 -11 -12 14 18 -15 -16 -17 17 -19 -20 20 21 -23 -24 24 -26 26 27 28 -30 -31
leaf_value=-0.066764580920398817 -0.066764606398392587 0.062469844445440043 0.0018518429369582584 -0.067409268767564784 -0.04454215924745944 0.36844255853541991 0.07644325723946932 -0.027940426806620778 0.041563523024655172 0.066985456209234739 0.066989787510343138 0.067066358222010791 0.060142098774677757 -0.035427091568935136 -0.053657269127395463 0.066961820530088159 0.26769377354300966 -0.050280516028828839 0.060997868841136615 0.066954121735105995 -0.071682122633542414 -0.38697055597129493 0.20762662203030191 0.013146323082068334 -0.050291783558699399 -0.086675247218896426 0.01560191059487488 -0.014576912813738156 0.11740311373898729 -0.075320740631341143
leaf_weight=52.050543412799016 104.8645570515655 81.713555309921503 2957.081149345031 0.60831642127596086 26.163773492909971 0.63862317847087979 6.1378108698409042 3.9766427176073256 9.0657747653312999 11.226591265294699 6.8916664966382077 2.5782984211109605 13.054075128398837 9.9305373379029316 18.13173267012462 12.448213970288633 0.29989950265735288 11.803766657598315 96.250321415252984 3.236154508776961 4.5616094889119267 0.43163502914831031 0.36604764778166909 453.83121906407177 10.534236856736241 8.5517294341698271 10.204073348548265 12.434254078194501 7.2505918005481353 11.592785954475401
leaf_count=23514 48378 15072 20972 60 3479 17 191 226 1162 1741 1102 353 2177 449 962 2083 19 1328 16952 545 199 33 39 2233 49 34 47 43 27 45
internal_value=0.00287655 0.00477684 0.00160049 0.00261212 -0.0322248 0.155813 0.00288941 0.0462331 0.0393151 0.0165054 0.00104983 -0.0142121 0.0469073 0.014063 -0.0386278 0.0439849 0.00275982 -0.0424019 0.0542722 0.0238569 -0.0337014 -0.0989369 -0.0410628 0.00291728 0.00904204 0.0102825 -0.0156937 -0.00106035 0.0340358 -0.0327558
internal_weight=3947.91 3843.05 3569.55 3517.5 27.7768 1.24694 3489.72 273.497 191.783 47.8941 36.6675 29.7758 143.889 26.3554 20.71 16.4249 3483.58 12.1037 117.534 21.2835 8.2294 4.99324 26.5298 3471.48 514.399 503.865 50.0334 41.4817 19.6848 21.7969
internal_count=143531 95153 52097 28583 3595 77 24988 43056 27984 5320 3579 2477 22664 2758 1315 2309 24797 1347 19906 2954 777 232 3518 23450 2478 2429 196 162 70 92
is_linear=0
shrinkage=0.1


Tree=128
num_leaves=31
num_cat=0
split_feature=31 31 25 24 35 20 0 36 35 6 5 32 27 20 2 31 31 32 24 18 35 10 7 24 12 25 24 24 6 20
split_gain=214.701 8.65426 4.52771 3.94391 3.26149 3.02983 2.92502 2.625 5.61166 3.65688 3.45356 3.37099 3.35209 2.53047 2.51627 2.24833 2.55101 2.19703 2.51947 2.23998 1.81186 3.78818 1.79576 1.65889 2.0244 1.63929 3.20037 5.41014 12.358 5.93609
threshold=6.3000100808444772 5.6118259625383446 0.54965284929437785 28.659918281147554 257.00001454217579 46.032871707290731 59.473387023281298 49.19693968730563 98.000015159117865 4.2236066430492576 7.9713708910364298 97.998473070895031 43.768155925235419 48.660769855285601 155.74390379674105 6.4051489207289158 6.3999712721760664 130.46045500521481 28.566477750585431 979.63991597029997 520.65047425830505 1.8612995280229525 1.1313164813575638 26.347182043348891 6.0239131152841265 0.55492638194684651 26.387874106225663 26.308921200857721 4.3911166320526549 31.512809234272449
decision_type=2 2 2 2 2 2 2 2 2 2 2 2 2 2 2 2 2 2 2 2 2 2 2 2 2 2 2 2 2 2
left_child=1 25 7 4 5 -4 -7 8 9 11 -11 12 -3 14 -6 16 -2 18 22 -19 -10 -22 -8 -24 -25 -1 27 -27 29 -29
right_child=15 2 3 -5 13 6 17 -9 20 10 -12 -13 -14 -15 -16 -17 -18 19 -20 -21 21 -23 23 24 -26 26 -28 28 -30 -31
leaf_value=-0.065483368433046404 0.054172230479872942 -0.066918098607190155 -0.060165149079305862 -0.064017756928907418 -0.067027141700441217 -0.066822254617706772 -0.067104417941259736 -0.06679900762472217 -0.063569464897963904 0.074450017145481703 -0.066859639578705388 -0.066856373338640848 0.31688057002524683 -0.06685512699956335 0.099315533068829343 0.066862772251105526 -0.066895511917950609 0.060027359608409783 0.36755742956383886 -0.066826448992739859 0.26983201245181199 -0.066855076763917651 0.057830588398779394 -0.066831805113486367 0.08321390711688563 -0.031020894049378231 -0.064782461081344042 1.0624649293456656 -0.06752380069330087 0.30893632206016841
leaf_weight=288.10607794625685 4.9514695093967012 0.42677846457809465 10.073477734578772 12.141110578319056 1.0540576772764305 5.0162309340667006 1.7151541358325726 40.715983199188486 30.310616860864688 8.9845008226111513 2.1418112814426413 6.7602490657009184 0.48752472782507539 1.4668178213760255 6.625752616673708 209.36666494421661 2.6837573566008359 1.9295338804367919 0.22428477043285866 4.9966648812405765 0.51163650071248301 0.96347728138789535 12.841404624981807 2.6468538918998084 1.3618182335048912 26.468458579969596 46.695575081976131 0.17411931743845233 0.70422724937088788 0.26163461338728666
leaf_count=45060 485 111 2924 3658 202 1609 392 14543 10179 469 632 2085 11 414 228 48378 796 145 26 1558 16 280 1158 804 38 2367 4880 9 40 34
internal_value=-0.0185324 -0.0536407 -0.033731 -0.012898 -0.000473054 -0.0125708 0.00302997 -0.0478992 -0.0326871 0.0106196 0.047248 -0.042483 0.137731 0.0534979 0.0764849 0.064919 0.0116173 0.0166557 0.034402 -0.0314869 -0.0583025 0.0499233 0.0303772 0.0402998 -0.0158586 -0.0620678 -0.0488245 -0.021834 0.19147 0.610033
internal_weight=732.808 515.806 153.396 62.0932 49.9521 40.8054 30.7319 91.3026 50.5866 18.8009 11.1263 7.67455 0.914303 9.14663 7.67981 217.002 7.63523 25.7157 18.7895 6.9262 31.7857 1.47511 18.5652 16.8501 4.00867 362.41 74.304 27.6084 1.13998 0.435754
internal_count=143531 93872 41482 13156 9498 8654 5730 28326 13783 3308 1101 2207 122 844 430 49659 1281 4121 2418 1703 10475 296 2392 2000 842 52390 7330 2450 83 43
is_linear=0
shrinkage=0.1


Tree=129
num_leaves=31
num_cat=0
split_feature=31 31 14 20 0 33 24 24 32 20 10 34 0 33 2 16 8 8 32 9 0 10 27 33 36 34 36 3 24 2
split_gain=90.9824 37.6754 4.57834 3.37209 3.18752 5.51533 3.45812 9.66406 6.06475 3.29906 6.99811 3.68276 2.70444 2.92132 2.6742 2.49681 2.29047 6.65766 4.15401 3.39595 4.54293 4.1763 3.01635 5.19438 2.71456 2.50828 3.51577 4.12619 6.29713 4.05535
threshold=5.6000049957114308 5.4500000000000011 0.99998693382312853 66.748958525013734 54.999755424191001 57.997880747875264 23.787437826204943 23.912984869486952 155.00184831982781 100.9505857154757 4.9999488137370776 258.0013919245784 24.025468460405094 69.96060304742123 146.70238934797644 1.9999120663773577 1.9999927881542103 1.0004103158373872 101.99972925847335 2.9929295703187844 35.999139025065851 4.9999488137370776 7.9843378120241448 78.999894475850638 88.943561641962518 147.00047569679046 30.366662791564067 61.926771767645683 23.880784591784352 169.53765546679116
decision_type=2 2 2 2 2 2 2 2 2 2 2 2 2 2 2 2 2 2 2 2 2 2 2 2 2 2 2 2 2 2
left_child=1 -1 3 12 14 -6 -7 -8 9 11 -11 -9 13 -3 -4 16 17 18 -14 20 -20 -21 23 -22 25 26 27 -18 -29 -28
right_child=-2 2 4 -5 5 6 7 8 -10 10 -12 -13 15 -15 -16 -17 24 -19 19 21 22 -23 -24 -25 -26 -27 29 28 -30 -31
leaf_value=0.066842653561244386 -0.066761501031681575 0.068018701340257712 -0.21096142665504269 0.04678507853330844 -0.24530388567412859 0.067255664786879707 -0.56922664158451275 0.053918613472725689 -0.35298918309927407 0.067152614997106425 -0.52415012309103204 -0.33915360361861613 0.062559612674956744 0.0084711238186707376 0.067224352460794251 0.067479432224716446 0.03221785820373875 -0.10870628681350991 0.034512327635751142 0.055096562449702062 -0.15717871359111907 -0.053934116090474993 -0.025815962710122743 -0.020259529098226967 0.058692120084647706 0.00081392813996068172 0.0068801119235307939 -0.15627231471340128 -0.018367067571133735 0.035046788579238909
leaf_weight=92.903297911398113 191.18567788862856 12.520521791186182 0.35137300053611653 16.736340904142708 0.84145268425345676 7.400425298139452 0.31580362282693286 6.5026217913255078 0.47226318577304471 0.49570113793015469 0.33570041973143816 0.24742702487856139 7.7855870313942424 24.089561735745519 20.889617542736232 5.7294953563250592 8.6719920616596955 6.9812361174263051 9.0994350416585785 12.071299557108434 5.4862893521785718 4.9552709409035733 26.247842876240611 5.5980337662622333 8.3640867532230896 3179.6874403411057 219.64270541723818 4.3665723018348244 13.699469157494603 66.620043570175767
leaf_count=23514 91434 498 10 1332 17 706 20 471 28 53 21 20 83 664 2249 413 53 52 62 101 22 40 93 21 92 18815 1933 19 57 638
internal_value=0.000537189 0.00395087 0.0023615 0.00200155 0.0369602 0.00414583 0.017456 -0.0265775 -0.00529905 0.0163592 -0.171602 0.0395103 0.00179459 0.0288362 0.0626225 0.00151844 0.00141286 -0.0155107 -0.00637838 -0.0148363 -0.0288448 0.0233652 -0.0442877 -0.088029 0.00179098 0.00165472 0.0101961 -0.024482 -0.0516988 0.0134352
internal_weight=3960.29 3769.11 3676.21 3638.35 37.8524 16.6114 15.7699 8.36952 8.05371 7.58145 0.831402 6.75005 3621.62 36.6101 21.241 3585.01 3579.28 78.225 71.2438 63.4582 46.4316 17.0266 37.3322 11.0843 3501.05 3492.69 313.001 26.738 18.066 286.263
internal_count=143531 52097 28583 24988 3595 1336 1319 613 593 565 74 491 23656 1162 2259 22494 22081 474 422 339 198 141 136 43 21607 21515 2700 129 76 2571
is_linear=0
shrinkage=0.1


Tree=130
num_leaves=31
num_cat=0
split_feature=31 31 31 30 30 36 2 27 11 23 23 19 9 18 13 36 32 35 27 18 32 2 33 19 34 10 7 7 25 32
split_gain=45.4183 43.2159 21.5801 3.12281 3.70618 2.94896 3.34665 3.68684 4.10496 2.72578 5.69382 2.87118 2.64526 2.57739 2.49226 2.43852 2.33691 7.44159 2.65142 2.60457 2.26342 3.32184 4.88301 4.52773 3.33686 3.36923 2.78628 47.8243 14.1734 6.29512
threshold=6.4051489207289158 5.6000049957114308 5.4500000000000011 1.3333325603523505 1.0158738232264939 50.600278986275562 167.84217823337818 4.1146271544822337 1.2153863441809973 0.053921090563001102 0.91492644823843294 293.24283429897088 6.3975653531001697 1981.7467852906518 7.9988468735526297 36.762972667439058 102.99916980963219 138.00065368177508 7.9843378120241448 833.86805492021347 91.01827667847715 156.34091429129836 66.999700631121712 139.60343387596689 178.7737114884099 3.0401743683327673 1.9991072473805913 1.0000092959755851 0.4399761572979124 111.29505496154277
decision_type=2 2 2 2 2 2 2 2 2 2 2 2 2 2 2 2 2 2 2 2 2 2 2 2 2 2 2 2 2 2
left_child=1 2 -1 4 14 6 7 -3 13 -10 11 15 -13 -9 20 -11 17 18 -16 -18 21 22 24 -23 -4 -26 27 -22 -29 -28
right_child=-2 5 3 -5 -6 -7 -8 8 9 10 -12 12 -14 -15 16 -17 19 -19 -20 -21 26 23 -24 -25 25 -27 29 28 -30 -31
leaf_value=-0.066752349640099268 -0.066752370385344637 0.066951930542973145 -0.053660478788779879 -0.028185457668002158 0.096224997000318821 0.058912631768595847 0.061402218111561303 0.066934957446357912 0.036384527874353881 -0.068978769248748642 0.04784746699728868 0.027213068288140602 -0.11282116799678427 -0.09037180078620001 0.24009970293019683 0.066973973914705859 0.19997131697111384 0.4495760862948327 -0.067781650205732777 -0.069143558499351263 0.0031511100679209093 0.17728999910908391 0.21829352574881319 -0.064198948956336391 -0.033024131729411849 0.12421154401438922 -0.018095665427599269 0.32377072365473886 0.096401356239660702 0.0025236641156604041
leaf_weight=45.564844055101275 91.798179267207161 19.732303717639297 6.3776730950921792 32.830075580859557 4.2411388051696113 93.371936803683639 39.61741889314726 1.3109900807030488 62.003353747073561 2.2731119482778039 12.003570415079592 1.7009573834948222 6.5186521746218204 5.0680776908993721 0.32569303503260005 3.1442545847967267 0.3721406445838501 0.3869463619776069 1.9812630016822366 10.700601435266433 1090.2284799003974 0.81455088127404707 1.0731432028114785 16.57680910686031 2.5008098264224827 2.9947468680329621 159.05289413360879 2.9518897626548997 38.491999037563801 2143.4497191538103
leaf_count=23514 48378 3736 146 3786 179 18438 7657 244 9885 103 1896 225 197 126 18 549 20 15 118 622 10050 19 14 417 40 40 1375 22 302 11400
internal_value=0.00275415 0.00442987 0.0016255 0.00251179 0.00280118 0.0449014 0.0363715 0.027654 0.0194067 0.0250438 -0.00238008 -0.0465915 -0.0838426 -0.058043 0.00268726 0.00992858 -0.0397768 0.0437534 -0.0243154 -0.060099 0.002856 -0.0243385 0.0140137 -0.0528884 -0.00444984 0.0526598 0.00309624 0.00715918 0.112596 0.00109932
internal_weight=3899.46 3807.66 3560.92 3515.35 3482.52 246.745 153.373 113.755 94.023 87.6439 25.6405 13.637 8.21961 6.37907 3478.28 5.41737 13.7666 2.6939 2.30696 11.0727 3464.51 30.3377 12.9464 17.3914 11.8732 5.49556 3434.17 1131.67 41.4439 2302.5
internal_count=143531 95153 52097 28583 24797 43056 24618 16961 13225 12855 2970 1074 422 370 24618 652 793 151 136 642 23825 676 240 436 226 80 23149 10374 324 12775
is_linear=0
shrinkage=0.1


Tree=131
num_leaves=31
num_cat=0
split_feature=31 31 25 24 35 20 0 36 35 2 6 6 20 2 31 31 32 18 25 4 12 34 36 25 35 1 0 32 21 2
split_gain=188.62 8.64144 4.17505 3.63125 2.76582 2.78653 2.63282 2.61065 5.32043 3.29372 2.59034 4.75597 2.15788 2.11238 2.07909 2.24242 1.89262 1.9791 1.74063 22.4199 3.75038 3.61727 2.45565 2.26863 1.70379 3.17763 1.66823 1.712 1.52567 1.48846
threshold=6.3000100808444772 5.6118259625383446 0.54965284929437785 28.659918281147554 257.00001454217579 46.032871707290731 59.473387023281298 49.19693968730563 98.000015159117865 164.10231610678551 0.307916612642544 0.31681454036126322 48.660769855285601 155.74390379674105 6.4051489207289158 6.3999712721760664 130.46045500521481 979.63991597029997 0.60368998671648899 87.200039928064953 8.9998493402906981 291.04424081531926 29.002370547613442 0.60680921260063359 520.65047425830505 1.8060488729964697 62.58537459046358 125.91654580851748 3.8774726015917476 164.00610905848765
decision_type=2 2 2 2 2 2 2 2 2 2 2 2 2 2 2 2 2 2 2 2 2 2 2 2 2 2 2 2 2 2
left_child=1 18 7 4 5 -4 -7 8 9 10 -3 -12 13 -6 15 -2 28 -18 -1 -20 21 22 -21 -22 -10 -26 29 -28 -8 -13
right_child=14 2 3 -5 12 6 16 -9 24 -11 11 26 -14 -15 -16 -17 17 -19 19 20 23 -23 -24 -25 25 -27 27 -29 -30 -31
leaf_value=-0.063474877577694197 0.050944401228561677 -0.066841462637105484 -0.059399625415991322 -0.063630895085511133 -0.067005540767832647 -0.066805022824420537 0.041614757658393994 -0.066783730448388576 -0.06316921984916507 -0.057307293600038625 0.64149117874014006 -0.06681634819085179 -0.066840438625298898 0.092415427192469701 0.066838241827331987 -0.066879748238600864 0.054332480612033177 -0.066810397172720581 0.74323529488625184 0.1410134993511564 0.30001049871413443 0.31700802709909071 -0.067392721146971118 -0.067017584276658854 -0.01232754885812499 0.41490724672809542 0.08477265826046762 -0.066926691884520662 -0.067224830657259108 0.15396103624649049
leaf_weight=315.85368874203414 4.968481454299762 1.9618333829566861 9.0811528360936773 10.835787886753677 0.95288931345566918 4.4397794918622848 16.819459077902145 35.900121932616457 27.07226517889649 4.9284433065913609 0.13792825723066826 1.7644991034176194 1.3160222044680265 6.5057673677802086 183.31184416729957 2.3933896834496409 1.936756710987537 4.4404611878562719 0.36511191539466636 0.58325394545682741 0.48610569466836651 0.25655079307034512 18.455086702946573 0.25768157839775085 1.1883276710286725 0.20397013355977822 7.7483329945243877 0.8229508795775472 1.3947155799251039 0.36927937366999675
leaf_count=50404 485 674 2924 3658 202 1609 2072 14543 10179 1553 2 613 414 228 48378 796 145 1558 35 23 9 20 1839 60 264 32 256 205 346 5
internal_value=-0.0192982 -0.0529586 -0.0320654 -0.0114573 0.000600215 -0.0110536 0.00406937 -0.0465549 -0.0308351 0.0121601 0.0388974 0.0580289 0.0512179 0.0720484 0.0647456 0.012639 0.0168652 -0.0300194 -0.0616462 -0.0333385 -0.0474879 -0.0559818 -0.061008 0.172855 -0.0576209 0.0502619 0.0505113 0.0702076 0.0332806 -0.0286078
internal_weight=666.752 476.078 139.821 57.7228 46.887 38.1123 29.0312 82.098 46.1978 17.7333 12.8048 10.843 8.77468 7.45866 190.674 7.36187 24.5914 6.37722 336.257 20.4038 20.0387 19.2949 19.0383 0.743787 28.4646 1.3923 10.7051 8.57128 18.2142 2.13378
internal_count=143531 93872 41482 13156 9498 8654 5730 28326 13783 3308 1755 1081 844 430 49659 1281 4121 1703 52390 1986 1951 1882 1862 69 10475 296 1079 461 2418 618
is_linear=0
shrinkage=0.1


Tree=132
num_leaves=31
num_cat=0
split_feature=31 31 14 0 33 24 24 33 2 7 4 14 20 33 0 0 32 8 25 25 33 35 36 34 34 36 9 19 0 10
split_gain=79.729 33.3571 3.98745 3.06707 4.3897 3.16875 4.58359 4.1361 8.67178 3.36686 3.94702 3.01064 3.17191 3.7434 2.37406 5.56736 4.68566 3.58836 3.48344 5.78589 4.2415 5.73484 4.29174 3.49144 7.67264 3.44514 3.87327 5.34398 3.36976 3.35188
threshold=5.6000049957114308 5.4500000000000011 0.99998693382312853 54.999755424191001 57.997880747875264 23.787437826204943 23.912984869486952 85.999883465945075 165.14439133185178 1.9991072473805913 91.30015669686891 1.0000000180025095e-35 66.748958525013734 48.279058621723912 44.000055775853518 44.858626786336494 164.01557144262543 3.0004720400429199 0.57358720118361051 0.56630666582830402 81.931470490797849 72.998577167248897 35.596576130379937 274.40099765133289 266.00269122272681 49.648067014835028 2.9929295703187844 249.60338296909785 30.0021227740543 1.000013926316009
decision_type=2 2 2 2 2 2 2 2 2 2 2 2 2 2 2 2 2 2 2 2 2 2 2 2 2 2 2 2 2 2
left_child=1 -1 11 -4 -5 -6 -7 9 -9 10 -8 12 14 -14 16 -16 17 18 19 23 21 -20 -23 24 29 26 -22 -28 -24 -3
right_child=-2 2 3 4 5 6 7 8 -10 -11 -12 -13 13 -15 15 -17 -18 -19 20 -21 25 22 28 -25 -26 -27 27 -29 -30 -31
leaf_value=0.06682100995383583 -0.066750421243560898 0.026294310054809734 0.062211026755488869 -0.20746121025857664 0.067209030319176813 -0.30793992084281263 0.067160037044850823 0.067472756326184241 -0.46383098050241806 0.06748982200832794 -0.2300035425581497 -0.076706880167459135 -0.33800537057648083 0.053951457540632825 -0.12387722859372086 0.00021012240708089032 -0.088273365218368149 -0.092596734173526124 -0.12749382059827938 0.06062741351321882 0.034451140792451602 -0.086371617422967284 0.045291846553736831 0.066693978187494771 -0.12184715130894511 0.080710441187663337 0.043282116456650976 -0.078853600634920376 -0.021730953016620702 0.005235641871780463
leaf_weight=81.505522181512788 168.6053002702829 82.759878642857075 19.434028842486441 0.93107188120484607 6.7847744338214389 0.5341247096657743 0.83388462895527282 0.67763715703040339 0.56196083035320044 4.9937384827062488 0.96331612812355161 4.8768191460985681 0.2477083345875134 14.920228110160677 3.6209413157775989 2506.5830450744834 5.2897230181843033 3.6733584366738787 5.3964927783235899 20.578296094667166 16.240786003880203 7.975797325372695 9.7178371469490212 9.7136485693044943 4.6396537716500452 6.3908978370018295 5.5678623900748816 10.046537271700798 32.893107749987394 871.65262866904959
leaf_count=23514 91434 881 2259 17 706 20 88 50 31 395 29 191 11 1318 26 14604 16 40 39 100 57 36 73 60 30 33 31 49 163 7230
internal_value=0.000515877 0.00354835 0.00213873 0.035389 0.00337151 0.0161603 -0.0242797 -0.00541292 -0.173389 0.025249 -0.0921224 0.00181094 0.00191678 0.0475504 0.00172466 3.11278e-05 0.0056157 0.0060725 0.00640699 0.00815682 -0.011965 -0.029501 -0.0190473 0.00704225 0.00643807 0.0137036 0.000260455 -0.0353018 -0.00644576 0.0070617
internal_weight=3908.61 3740.01 3658.5 35.7145 16.2805 15.3494 8.56466 8.03054 1.2396 6.79094 1.7972 3622.79 3617.91 15.1679 3602.74 2510.2 1092.54 1087.25 1083.57 989.344 94.2293 55.9832 50.5867 968.766 959.052 38.2461 31.8552 15.6144 42.6109 954.413
internal_count=143531 52097 28583 3595 1336 1319 613 593 81 512 117 24988 24797 1329 23468 14630 8838 8822 8782 8301 481 311 272 8201 8141 170 137 80 236 8111
is_linear=0
shrinkage=0.1


Tree=133
num_leaves=31
num_cat=0
split_feature=31 31 31 0 5 5 18 20 36 34 17 9 33 28 36 36 19 14 36 33 2 7 33 25 18 35 0 24 35 24
split_gain=39.4906 36.632 18.8569 2.94369 3.01551 3.34273 3.26129 3.49961 3.09401 3.28676 2.87599 2.66095 2.62476 2.32912 2.71229 2.31912 3.86459 4.03131 3.43704 2.23112 5.20217 6.50549 4.16291 4.15351 4.3831 4.55518 4.39612 3.92952 5.08775 3.87235
threshold=6.4051489207289158 5.6000049957114308 5.4500000000000011 53.217487530151935 1.4248529255552376 7.9713708910364298 1010.9852736542058 47.730911273170499 52.738374698234956 189.00023522664949 1.998619439161651 4.94986455327735 72.5000317772638 39.199413699730549 30.366662791564067 38.767407678451484 359.38931877311012 0.32869256826046223 38.224101929854427 90.976745278078155 172.07814246173663 2.9999957838943483 90.000047466349045 0.55492638194684651 3198.7797528540614 102.00487427797906 34.997897351121473 28.753783276092655 177.00483188120396 27.854297269594365
decision_type=2 2 2 2 2 2 2 2 2 2 2 2 2 2 2 2 2 2 2 2 2 2 2 2 2 2 2 2 2 2
left_child=1 2 -1 -3 6 8 7 11 9 -6 13 -5 -11 19 -15 16 -8 -18 -19 22 21 -21 -4 24 25 -22 -27 -25 -29 -28
right_child=-2 3 10 4 5 -7 15 -9 -10 12 -12 -13 -14 14 -16 -17 17 18 -20 20 23 -23 -24 27 -26 26 29 28 -30 -31
leaf_value=-0.066741647253513656 -0.066741663578785276 0.061383653491984658 0.0034755934665585014 -0.021004209932325105 0.038836843084417386 0.066926115109158676 0.059192826912631086 -0.046622324968716461 0.066924779438008272 0.067014085135511853 -0.068039677203441937 0.066948631086693966 -0.051277443478499829 0.23085427024693383 -0.064537401249948903 0.059909434839540858 0.066901381475410956 -0.059990876058376746 -0.34572646589320605 0.071259226848739976 -0.019406398509336585 -0.012061459745972265 0.1028934171455276 -0.084201431804190652 -0.035708613073933637 -0.029485490838139852 0.046736227155235073 -0.073825745644183732 0.064054602993172019 0.1362601467889438
leaf_weight=39.885978982318193 80.357331556035206 64.436828737147152 3042.4537930865772 5.1918392595835039 7.7697617500089136 8.9345083301886898 10.659719719085844 7.3474200875498346 5.3977674357593051 2.1075597670860615 5.7857202973682424 10.193482628557831 17.056678231339902 0.32439822750165959 7.4381570017430931 77.010291218757629 2.6063716597855082 4.5622782837599516 0.46376757975667704 9.638250374235211 12.929023874457924 337.63077628961764 4.2176426420919588 7.2446918319910791 10.188385216053574 6.8062274861149481 46.957645300775766 4.3896674448624236 6.856164219789207 5.3858297443948677
leaf_count=23514 48378 15072 24916 376 1162 1741 2177 327 1102 353 790 2055 962 9 755 16952 545 215 17 56 65 1534 41 26 58 43 204 30 34 22
internal_value=0.00262592 0.00410376 0.00162906 0.0433485 0.0360534 0.0127844 0.0441885 0.0101543 -0.00217709 -0.0160256 0.00240638 0.0372686 -0.0382685 0.00252275 -0.0521929 0.0523067 0.0202993 -0.0340209 -0.0863565 0.00264428 -0.00394469 -0.00974894 0.00361322 0.0160601 0.0256858 0.0343639 0.0461171 -0.0267659 0.0102348 0.0559477
internal_weight=3852.23 3771.87 3548.13 223.738 159.301 41.2663 118.035 22.7327 32.3318 26.934 3508.25 15.3853 19.1642 3502.46 7.76256 95.3024 18.2921 7.63242 5.02605 3494.7 448.027 347.269 3046.67 100.758 82.2671 72.0787 59.1497 18.4905 11.2458 52.3435
internal_count=143531 95153 52097 43056 27984 5320 22664 2758 3579 2477 28583 2431 1315 27793 764 19906 2954 777 232 27029 2072 1590 24957 482 392 334 269 90 64 226
is_linear=0
shrinkage=0.1


Tree=134
num_leaves=31
num_cat=0
split_feature=31 31 25 24 36 35 2 35 20 0 6 6 31 31 20 25 24 25 25 24 25 34 20 35 20 20 2 35 19 21
split_gain=165.401 8.79458 4.04219 3.39808 2.56108 4.85339 2.8225 2.30499 2.60595 2.43589 2.22576 2.27929 1.8905 1.98876 1.8511 1.77494 3.28106 4.50286 11.9983 22.8466 4.13033 10.7112 4.27486 4.99443 3.4331 7.76017 1.77064 1.65407 2.89802 1.61036
threshold=6.3000100808444772 5.6118259625383446 0.54965284929437785 28.659918281147554 49.19693968730563 98.000015159117865 164.10231610678551 257.00001454217579 46.032871707290731 59.473387023281298 0.307916612642544 0.31681454036126322 6.4051489207289158 6.3999712721760664 48.660769855285601 0.55492638194684651 26.387874106225663 0.60368998671648899 0.61041348954449937 25.550630291280989 0.55562332862926389 216.93787385890874 18.322551372960209 276.00316721912412 100.9505857154757 102.61089176376485 155.74390379674105 520.65047425830505 485.2180428962414 3.7993763750708092
decision_type=2 2 2 2 2 2 2 2 2 2 2 2 2 2 2 2 2 2 2 2 2 2 2 2 2 2 2 2 2 2
left_child=1 15 4 7 5 6 10 8 -4 -10 -3 -12 13 -2 26 -1 17 20 19 -19 21 -17 23 -22 -24 -26 -9 -7 -29 -11
right_child=12 2 3 -5 -6 27 -8 14 9 29 11 -13 -14 -15 -16 16 -18 18 -20 -21 22 -23 24 -25 25 -27 -28 28 -30 -31
leaf_value=-0.065130537688490683 0.048714115717788921 -0.066823469919233117 -0.058268509236539104 -0.062946484084246329 -0.066770084987862133 -0.06272477390240952 -0.055522887203799914 -0.066970186602129611 -0.06678993661464111 0.025946395787390771 0.37564306652922469 0.04793631628165182 0.066816787963383029 -0.066856889410920661 -0.066822609272314232 -0.067317458515942868 -0.064403384006961023 0.0064924283864124703 -0.067507314599593679 0.80093413540758085 -0.066854354286577697 0.7401983115143862 -0.057679541668411376 0.44872108980323566 1.0934829845966092 -0.066865334955254332 0.086326100030562514 -0.066851099897306629 0.22477216364410549 -0.067239853191486981
leaf_weight=245.75429746264126 4.9654987188987425 1.7594284215010727 8.1755337135400605 9.6970689275767636 31.710364134982228 24.218118696007881 4.4621710523497304 0.85389486886560728 3.9478592602536109 21.798860427690673 0.21668924577534099 10.338685937458648 160.49065831303596 2.1266773887909949 1.1784485904499886 0.50658040854614839 40.508736202376895 1.0012561646290117 2.2231341275619343 0.56697064079344262 0.37731505697593348 0.24308306875173002 20.108029713272121 0.37425399280618876 0.084795909002422287 0.17994575668126345 6.4067781816702336 0.86481761070899554 0.56235156115144491 2.0269063592422745
leaf_count=45060 485 674 2924 3658 14543 10179 1553 202 1609 3513 2 1079 48378 796 414 53 4880 53 184 36 123 12 1920 5 5 59 228 277 19 608
internal_value=-0.0199629 -0.0521535 -0.0301059 -0.00931855 -0.0452718 -0.029202 0.0126169 0.00239701 -0.00864389 0.00596378 0.0373067 0.0546637 0.064584 0.0140587 0.0494293 -0.0612162 -0.0466793 -0.0187047 0.0819043 0.293712 -0.036143 0.194525 -0.044329 0.189883 -0.0529693 0.304791 0.0682976 -0.0565597 0.0480581 0.0180189
internal_weight=607.729 440.146 128.218 54.0854 74.1326 42.4223 16.777 44.3883 35.9492 27.7736 12.3148 10.5554 167.583 7.09218 8.43912 311.928 66.1741 25.6654 3.79136 1.56823 21.874 0.749663 21.1243 0.751569 20.3728 0.264742 7.26067 25.6453 1.42717 23.8258
internal_count=143531 93872 41482 13156 28326 13783 3308 9498 8654 5730 1755 1081 49659 1281 844 52390 7330 2450 273 89 2177 65 2112 128 1984 64 430 10475 296 4121
is_linear=0
shrinkage=0.1


Tree=135
num_leaves=31
num_cat=0
split_feature=31 31 14 0 33 24 24 33 24 14 20 7 10 33 2 37 37 36 25 2 19 32 18 34 34 19 2 35 36 8
split_gain=69.8479 29.4929 3.49416 2.85162 3.56403 2.79995 10.5006 2.82041 5.56131 2.78756 2.81888 2.65673 2.8616 2.61583 2.38147 2.31002 29.5157 5.31113 6.37339 5.2604 5.49794 4.16732 5.74227 3.76499 6.94563 3.7407 4.81809 3.63941 4.59782 5.72197
threshold=5.6000049957114308 5.4500000000000011 0.99998693382312853 54.999755424191001 57.997880747875264 23.787437826204943 23.880784591784352 85.999883465945075 25.100567050283459 1.0000000180025095e-35 66.748958525013734 1.9991072473805913 4.9999488137370776 48.279058621723912 146.70238934797644 0.99994764460092833 0.0030789039529736111 37.558616644892119 0.50798977926993516 156.04575633335023 158.15070972907219 113.99960496189101 758.86837813089062 212.770994387223 167.69506768457202 222.70608121784241 155.4283708786302 47.002283275402476 52.738374698234956 2.9999916318710329
decision_type=2 2 2 2 2 2 2 2 2 2 2 2 2 2 2 2 2 2 2 2 2 2 2 2 2 2 2 2 2 2
left_child=1 -1 9 14 -5 -6 -7 11 -9 10 15 12 -8 -12 -4 16 27 18 -17 20 21 -19 -23 24 -20 -26 -27 28 -3 -30
right_child=-2 2 3 4 5 6 7 8 -10 -11 13 -13 -14 -15 -16 17 -18 19 23 -21 -22 22 -24 -25 25 26 -28 -29 29 -31
leaf_value=0.066802188249512298 -0.066740710370977993 0.04452043962313737 -0.18402250325789971 -0.1769199000464039 0.06716272892786844 -0.60240777316902028 0.06734638139784746 -0.44921890969946232 -0.012393409496527655 -0.076337272912381821 -0.22842910322229174 0.067605667176247844 -0.1714300165770182 0.05288837955794138 0.067132709067745863 0.035748139630435771 -0.11304698618549021 0.076461069175273594 0.0042745056148913449 0.0038674921831812503 0.044902671643428774 0.011279081906683789 -0.14698501856681798 0.033147289171235446 -0.022189509345855646 -0.18030870264534837 -0.06018181674474974 0.00097981354388238721 -0.039510234925396008 0.021011349234488188
leaf_weight=71.483504096278921 148.53583560879633 43.817626951262355 0.38595455698669212 1.0259400894865383 6.2009179214946917 0.29965798277407785 0.88377333572134231 0.38889600196853269 1.1631089532747863 4.5781826729653394 0.33860002271830936 4.8566552600823343 1.161607750225812 13.875889203511177 17.311559170484543 15.398301471490411 22.598708884208463 2.9463334162719539 12.064664004836233 123.08504668623209 80.442517681512982 5.0842206585220975 4.1752187865786254 5.772042552009224 5.3248977591283646 6.7982066925615054 6.561307854950428 3182.3352892193943 21.747217197436839 55.459619553294033
leaf_count=23514 91434 528 10 17 706 9 87 22 61 191 11 401 33 1318 2249 106 268 36 62 1157 543 26 24 20 24 25 23 19660 181 785
internal_value=0.000503327 0.00319007 0.00194292 0.0340043 0.0033824 0.0157518 -0.0206665 -4.64162e-05 -0.121852 0.00164401 0.00174297 0.0273429 -0.0682589 0.0461872 0.0616554 0.00156717 0.000847937 0.0105047 -0.0182099 0.0174152 0.0354137 -0.027124 -0.0600846 -0.04096 -0.054871 -0.0930618 -0.12131 0.00162711 0.0186477 0.00396395
internal_weight=3866.1 3717.57 3646.08 33.6781 15.9806 14.9546 8.7537 8.45404 1.552 3612.4 3607.83 6.90204 2.04538 14.2145 17.6975 3593.61 3325.96 267.653 51.9194 215.733 92.6483 12.2058 9.25944 36.5211 30.7491 18.6844 13.3595 3303.36 121.024 77.2068
internal_count=143531 52097 28583 3595 1336 1319 613 604 83 24988 24797 521 120 1329 2259 23468 21422 2046 260 1786 629 86 50 154 134 72 48 21154 1494 966
is_linear=0
shrinkage=0.1


Tree=136
num_leaves=31
num_cat=0
split_feature=31 31 31 0 5 5 18 20 36 34 16 23 32 23 36 26 10 37 37 36 25 2 19 32 18 34 19 2 19 24
split_gain=34.3517 31.0137 16.4761 2.84501 2.81002 3.09781 3.01421 3.056 2.76164 2.8429 2.69885 2.41541 4.24287 3.42573 2.51629 2.40231 2.30046 2.23995 29.0672 5.0634 6.27423 5.58442 5.86128 4.34156 5.81274 4.14241 5.23537 3.80024 3.43559 4.50061
threshold=6.4051489207289158 5.6000049957114308 5.4500000000000011 53.217487530151935 1.4248529255552376 7.9713708910364298 1010.9852736542058 47.730911273170499 52.738374698234956 198.77391628627922 1.9999120663773577 0.35397570171698073 110.99995822105198 0.89026663969058151 33.29955939267159 0.56349374963218601 2.5812078012965145 0.99994764460092833 0.0030789039529736111 37.558616644892119 0.50798977926993516 156.04575633335023 158.15070972907219 113.99960496189101 758.86837813089062 167.69506768457202 249.60338296909785 150.80020936681044 347.88033076887183 19.863398562292243
decision_type=2 2 2 2 2 2 2 2 2 2 2 2 2 2 2 2 2 2 2 2 2 2 2 2 2 2 2 2 2 2
left_child=1 2 -1 -3 6 8 7 15 9 -6 17 -8 13 -13 -14 -5 -11 18 -4 20 -19 22 23 -21 -25 -22 -27 -28 29 -23
right_child=-2 3 10 4 5 -7 11 -9 -10 16 -12 12 14 -15 -16 -17 -18 19 -20 21 25 28 -24 24 -26 26 27 -29 -30 -31
leaf_value=-0.066732282878652058 -0.06673229487568326 0.060707342503304951 0.0022968513538608906 -0.019533091603128865 0.025818635125363049 0.066901111097701679 0.06101680679574565 -0.044039745582867933 0.066896998716853603 0.050247356709218316 -0.066451478712258136 -0.1029193372258595 -0.069994468659793391 0.050975775442415244 0.062714161085405812 0.066924221218485028 -0.057702983374212286 -0.032949841535293387 0.11103072754956267 -0.076024665174800443 -0.0048585615054399884 -0.042979719488747195 -0.042430727860245987 -0.0061374685826295055 0.15626926466071073 0.011603693375042225 0.18103325256869249 0.070986601771100638 -0.028628723718517924 0.020303726773912047
leaf_weight=34.913946890039369 70.340390450321138 57.167967742076144 3218.7511110703927 4.9904614486731598 10.02987406449393 7.9615721707232288 63.565825432771817 7.1912453109398475 4.7657960215583435 2.3073989886324844 5.6997147786896667 3.986272000474858 1.5826218898873801 2.27021649107337 14.697318470105527 9.0276675061322749 13.666036164388059 14.718186995713038 24.774451036239043 2.7536313245072952 11.411372266244141 13.236285235732792 77.109821709338576 4.8486189274117333 4.0401304443366826 9.6934952049050498 4.6524584740400305 9.6403602454811317 29.646723140496761 74.440743358572945
leaf_count=23514 48378 15072 25086 387 1443 1741 15577 327 1102 339 819 163 132 470 3564 2044 695 114 307 40 70 264 613 25 24 45 15 36 317 808
internal_value=0.00250329 0.00380421 0.00162356 0.0417956 0.0343926 0.0113033 0.0427259 0.00895782 -0.00308281 -0.0159085 0.00230438 0.051044 0.0229148 -0.0470773 0.0498132 0.0361454 -0.0421093 0.00241636 0.00312737 -0.00658543 0.0219224 -0.0135183 -0.0324452 0.0336912 0.0676799 0.0447381 0.0683334 0.106808 0.000799368 0.0107501
internal_weight=3813.88 3743.54 3540.33 203.21 146.042 38.7307 107.312 21.2094 30.7691 26.0033 3505.42 86.1023 22.5364 6.25649 16.2799 14.0181 15.9734 3499.72 3243.53 256.192 50.1159 206.076 88.7522 11.6424 8.88875 35.3977 23.9863 14.2928 117.324 87.677
internal_count=143531 95153 52097 43056 27984 5320 22664 2758 3579 2477 28583 19906 4329 633 3696 2431 1034 27764 25393 2371 280 2091 702 89 49 166 96 51 1389 1072
is_linear=0
shrinkage=0.1


Tree=137
num_leaves=31
num_cat=0
split_feature=31 31 25 24 36 35 6 32 5 35 5 19 12 23 5 25 24 10 2 24 25 34 6 34 20 24 31 31 34 32
split_gain=145.145 8.88287 3.706 3.13573 2.55658 4.58183 2.5429 2.67045 2.40066 2.06506 2.00334 2.6294 3.01785 2.87275 2.36508 1.7888 3.12391 4.00379 6.46197 2.84582 3.08456 5.22631 2.71051 2.23874 1.8258 1.98201 1.75531 1.74964 1.66955 2.81899
threshold=6.3000100808444772 5.6118259625383446 0.54965284929437785 26.387874106225663 49.19693968730563 98.000015159117865 4.2236066430492576 97.998473070895031 7.9713708910364298 269.5820066745211 6.0053365900452427 300.08751331886896 4.8854817426460375 0.59937291838303208 7.6498365563513113 0.55492638194684651 26.387874106225663 8.0000786733404876 144.04980483922671 26.308921200857721 0.55562332862926389 239.00263446778385 4.3911166320526549 302.57862572296938 100.9505857154757 26.11090568158102 6.4051489207289158 6.3999712721760664 140.00165605346018 110.32038061904974
decision_type=2 2 2 2 2 2 2 2 2 2 2 2 2 2 2 2 2 2 2 2 2 2 2 2 2 2 2 2 2 2
left_child=1 15 4 10 5 6 7 -3 -8 -5 11 12 -4 -13 -12 -1 17 19 -19 20 21 -17 -21 24 28 -26 27 -2 29 -22
right_child=26 2 3 9 -6 -7 8 -9 -10 -11 14 13 -14 -15 -16 16 -18 18 -20 22 23 -23 -24 -25 25 -27 -28 -29 -30 -31
leaf_value=-0.064938514105052192 0.046182897818028271 0.11373494012483519 -0.061436308073665062 -0.050404065200925365 -0.066758463393151016 -0.05576190384960214 0.0660657341744562 -0.06682428364067515 -0.066817589363660931 0.019394619026495488 0.094385326722167887 -0.017746182441492574 0.060026303883814164 0.091704593188296754 -0.066903651605928635 -0.067353319440418766 -0.064142894403466696 1.0828722433427125 -0.066955643642136742 0.20221226660212507 0.22616179346125365 0.4228498014756033 -0.067373553226088206 0.21201567512364006 -0.066876698409575427 0.37383019109188997 0.066798016232212085 -0.066843287356744718 -0.053128391011425836 -0.067277910636110536
leaf_weight=227.10995748185087 4.9573895989451549 0.97767638368532317 8.5223862595157751 18.370972460601482 27.998336813878268 23.04099556687288 8.4230964099988324 5.0505660640774295 1.621205162256955 5.5101161919301367 5.0690963324159375 4.6247855552937818 2.6916024633683255 4.9806346478872001 1.1078481323784215 0.48462443926838261 37.763792441633996 0.08575901109725137 0.11364670912735164 1.0424395422451187 0.58733285800554813 0.3945676030125469 0.58072011778131116 0.35185558709781517 0.19234367890749027 0.21738038747571409 140.50383659591898 1.8924107552738858 20.582651118980721 0.73969262291211635
leaf_count=45060 485 122 3063 7146 14543 10475 469 2085 632 829 133 1124 209 322 330 53 4880 10 30 43 22 8 40 21 63 3 48378 796 2057 100
internal_value=-0.0206864 -0.0513943 -0.0282585 -0.00790366 -0.0436895 -0.0271763 0.013803 -0.0375407 0.0446176 -0.0342993 0.015446 0.00060798 -0.0322826 0.0390066 0.0654578 -0.0607993 -0.04591 -0.0187731 0.427554 -0.0223085 -0.0311355 0.152642 0.105762 -0.0382624 -0.0422079 0.166942 0.0643882 0.0149569 -0.0461192 0.0625966
internal_weight=555.59 408.236 117.989 50.8774 67.1119 39.1135 16.0725 6.02824 10.0443 23.8811 26.9964 20.8194 11.214 9.60542 6.17694 290.247 63.1368 25.373 0.199406 25.1736 23.5504 0.879192 1.62316 22.6713 22.3194 0.409724 147.354 6.8498 21.9097 1.32703
internal_count=143531 93872 41482 13156 28326 13783 3308 2207 1101 7975 5181 4718 3272 1446 463 52390 7330 2450 40 2410 2327 61 83 2266 2245 66 49659 1281 2179 122
is_linear=0
shrinkage=0.1


Tree=138
num_leaves=31
num_cat=0
split_feature=31 31 17 28 0 33 16 35 33 24 19 19 36 35 36 10 10 10 10 25 32 4 2 9 25 24 24 35 34 19
split_gain=61.2279 26.0511 3.22059 2.52948 2.41939 2.85641 2.29283 2.12695 5.56789 3.22338 4.05908 5.71787 5.09429 2.70294 2.10673 2.05131 26.0676 4.80393 55.0742 10.4945 6.77836 5.47087 5.26734 4.86402 6.6449 4.71281 6.40319 5.00827 4.33136 6.78116
threshold=5.6000049957114308 5.4500000000000011 1.998619439161651 39.199413699730549 24.025468460405094 69.96060304742123 1.9999120663773577 134.00082497989214 72.485018355644243 33.445502640196672 212.67034939928206 198.57549704540108 69.000937741098497 162.00427228574543 30.366662791564067 4.0000495923495549 4.9999488137370776 3.9999090474827423 3.0000501578488548 0.44421095194999066 150.00188802588534 70.93342442052942 155.53546560954726 1.1156797783422292 0.50416005955335763 23.438714780896102 24.719213296650835 257.00001454217579 207.00126000152969 375.25478656985325
decision_type=2 2 2 2 2 2 2 2 2 2 2 2 2 2 2 2 2 2 2 2 2 2 2 2 2 2 2 2 2 2
left_child=1 -1 3 4 5 -3 15 9 -9 10 11 12 -7 -10 -5 17 -17 18 21 -20 -19 28 -22 24 -23 -26 -27 -28 -6 -30
right_child=-2 2 -4 14 6 7 -8 8 13 -11 -12 -13 -14 -15 -16 16 -18 20 19 -21 22 23 -24 -25 25 26 27 -29 29 -31
leaf_value=0.066785628527322075 -0.066732157498724021 0.067850842876529358 0.067998768292214004 -0.16847732042983599 0.031285882138452736 0.068286915708666615 0.066606578637994893 -0.2832418759527276 -0.092091234797550825 -0.16957414451478625 0.060795658114625832 -0.27917426388683036 -0.20088019045211525 0.070174496633954891 0.066091001931969345 -0.097349847104685971 0.00016798859948266318 0.012799309431354437 -0.32831540658002573 -0.11799395188408723 0.052579947902812778 0.042295417515531973 -0.051220690219723676 -0.00164256081832026 0.060003807116698872 -0.068823953348129518 0.018845001756562094 -0.053161032078855169 0.008982871194368398 -0.12739554866319197
leaf_weight=62.684482789132744 130.87150698230835 11.736065860837696 7.3265482322312883 0.40129113756120105 104.84507531765848 2.9752936437726123 5.358668250963091 0.85203266376629372 1.861210743896663 0.83026101905852456 13.071990309283136 0.86772769456729282 0.9207268115133046 2.2891400982625782 8.3485470907762629 27.911386100342497 1530.6449548256351 609.86018627160229 2.6094992123544243 26.116042707581073 5.9216814991086713 63.109011669177562 28.024214137811214 1060.7739884848706 11.303301766049115 14.566545325331388 49.802766038570553 11.983656853903083 20.915958640631292 4.4156840522773555
leaf_count=23514 91434 579 790 9 1502 111 551 22 46 10 465 31 15 55 755 212 9950 4357 12 224 30 448 111 7573 62 64 242 45 264 48
internal_value=0.000486353 0.00286886 0.00176501 0.00163104 0.00150101 0.0275137 0.00124362 0.00751242 -0.0503946 0.0230312 0.031997 -0.047028 0.00467601 -0.00259302 0.0553331 0.00114559 -0.00157841 0.00325332 -9.3938e-05 -0.1371 0.0103785 0.0028393 -0.0331132 0.000746175 0.0175531 -0.000260295 -0.0091818 0.00487922 0.0223198 -0.0147899
internal_weight=3823.2 3692.33 3629.64 3622.32 3613.57 35.4044 3578.16 23.6684 5.00238 18.666 17.8357 4.76375 3.89602 4.15035 8.74984 3572.8 1558.56 2014.25 1370.44 28.7255 643.806 1341.72 33.9459 1211.54 150.765 87.6563 76.353 61.7864 130.177 25.3316
internal_count=143531 52097 28583 27793 27029 1334 25695 755 123 632 622 157 126 101 764 25144 10162 14982 10484 236 4498 10248 141 8434 861 413 351 287 1814 312
is_linear=0
shrinkage=0.1


Tree=139
num_leaves=31
num_cat=0
split_feature=31 31 31 0 36 12 15 17 27 11 35 33 15 30 7 7 25 32 24 34 18 36 2 18 4 8 34 6 20 36
split_gain=29.8896 26.2481 14.3921 2.70615 2.55545 3.04964 2.65077 2.52949 2.39359 2.98858 2.46068 3.20922 2.24521 3.31596 2.1309 45.3209 10.6274 5.94202 5.10868 4.36457 4.3371 4.24429 8.00031 3.68685 4.58758 3.2894 9.0141 2.83528 4.26048 2.74067
threshold=6.4051489207289158 5.6000049957114308 5.4500000000000011 53.217487530151935 50.600278986275562 3.9276554430766191 2.1181368959606091 1.998619439161651 4.1146271544822337 1.2153863441809973 84.997940868534258 66.896755433835821 1.4162846809415293 1.1739384790055507 1.9991072473805913 1.0000092959755851 0.44837051811051692 111.29505496154277 31.510197555809114 259.00014318580241 2137.060141372101 72.688418687591493 154.99514438655166 864.47305188751659 81.640099857952649 8.0018873149110643 175.70902925163617 0.68255624921457536 213.42554101326974 70.000141210142473
decision_type=2 2 2 2 2 2 2 2 2 2 2 2 2 2 2 2 2 2 2 2 2 2 2 2 2 2 2 2 2 2
left_child=1 2 -1 -3 8 -6 -7 14 -5 -10 11 -11 -12 -14 15 18 -17 21 19 25 -20 23 -23 24 -16 27 -27 28 -4 -21
right_child=-2 3 7 4 5 6 -8 -9 9 10 12 -13 13 -15 17 16 -18 -19 20 29 -22 22 -24 -25 -26 26 -28 -29 -30 -31
leaf_value=-0.066724086905738916 -0.066724096895136253 0.059917183339722971 -0.042085026421515209 0.062401984195233184 0.061413016556266922 0.066850463231693066 -0.072727932608109225 -0.067990663899207868 -0.053385554964389542 -0.062563118826238953 0.041341497383566295 0.031469716243272487 -0.18265972435623407 0.008164152396737713 0.11488752876047506 0.25418079073973521 0.091674754340457479 0.001942250495352033 0.032011434371167095 0.047431420409550465 0.16197567396602736 0.19338690816424128 -0.073750712665191273 -0.024228867746768308 -0.028497825262994877 -0.073267743982551398 0.27721919289506952 0.00061072702348585707 0.41176745320998603 -0.051059040772181888
leaf_weight=30.560968938050792 61.570603131316602 50.857518824050203 19.835520881228152 12.975197379710151 40.607567030237988 2.2679977598600081 3.4008586364798248 5.1267669894732526 5.751365660224109 7.1615345701575261 43.855860433308408 7.3589418835472316 1.0086279113311309 9.3729301781859231 4.3841838580556196 4.5339755536988369 35.797398043097928 2156.5544849031139 12.627411371562628 28.728355577215556 3.223163361195474 2.5797214643098405 1.9827161671128122 150.4999539302662 4.5442255160305649 1.4355700048618012 1.5010990889277307 1061.4269324587658 0.20901684323325653 3.1334940383676431
leaf_count=23514 48378 15072 3082 3163 11357 632 73 790 394 400 9218 1347 57 1343 38 30 337 13107 94 215 28 30 29 1647 27 23 27 9015 15 49
internal_value=0.0023798 0.00352562 0.00160253 0.0402824 0.0328171 0.0518215 -0.0168854 0.00219946 0.0227644 0.0158618 0.0216541 -0.0149075 0.0314424 -0.0103755 0.00230248 0.00577728 0.109943 0.000546842 0.0020664 0.00126593 0.0584392 -0.0178034 0.0772959 -0.0205249 0.0419098 0.000194099 0.105886 -9.29012e-05 -0.0373524 0.0377453
internal_weight=3774.87 3713.3 3528.68 184.618 133.761 46.2764 5.66886 3498.12 87.4845 74.5093 68.7579 14.5205 54.2374 10.3816 3493 1172.45 40.3314 2320.55 1132.12 1116.27 15.8506 163.991 4.56244 159.428 8.92841 1084.41 2.93667 1081.47 20.0445 31.8618
internal_count=143531 95153 52097 43056 27984 12062 705 28583 15922 12759 12365 1747 10618 1400 27793 12915 367 14878 12548 12426 122 1771 59 1712 65 12162 50 12112 3097 264
is_linear=0
shrinkage=0.1


Tree=140
num_leaves=31
num_cat=0
split_feature=31 31 25 24 36 35 2 21 23 5 15 5 19 25 24 25 25 10 25 18 20 12 35 35 19 18 6 31 20 26
split_gain=127.266 8.87027 3.42182 2.92562 2.50521 4.13097 2.31067 2.0295 2.45499 2.73887 3.77911 2.51564 2.32909 1.81167 3.02805 3.51639 6.70336 8.36446 2.56057 3.46129 2.78855 2.35354 1.85718 1.74456 2.50388 1.73328 1.73006 1.64465 1.63797 1.5732
threshold=6.3000100808444772 5.6118259625383446 0.54965284929437785 28.659918281147554 49.19693968730563 98.000015159117865 164.10231610678551 3.7993763750708092 0.053921090563001102 6.0053365900452427 2.0309910489648288 7.6498365563513113 300.08751331886896 0.55492638194684651 26.387874106225663 0.60368998671648899 0.61041348954449937 4.9999488137370776 0.55562332862926389 1491.0530099244231 18.322551372960209 8.9998493402906981 276.00316721912412 520.65047425830505 485.2180428962414 1010.9852736542058 0.307916612642544 6.4051489207289158 100.9505857154757 0.39775240769240866
decision_type=2 2 2 2 2 2 2 2 2 2 2 2 2 2 2 2 2 2 2 2 2 2 2 2 2 2 2 2 2 2
left_child=1 13 4 7 5 6 26 8 9 10 -4 -11 -10 -1 15 18 17 21 19 -15 22 -17 -20 -7 -25 -12 -3 -2 -22 -14
right_child=27 2 3 -5 -6 23 -8 -9 12 11 25 -13 29 14 -16 16 -18 -19 20 -21 28 -23 -24 24 -26 -27 -28 -29 -30 -31
leaf_value=-0.064735518674370579 0.015584182439035735 -0.066809400972985086 -0.051495909944580011 -0.061927319682695527 -0.066748479579927578 -0.061732421712874512 -0.054207417074146592 -0.067124640983086376 -0.0077582074568661591 0.096226568111369037 0.074388660458314174 -0.066835634693118165 -0.066886618965459804 0.30195258217028864 -0.063861030088578824 -0.068139720408713619 -0.067423308787421629 0.45717585879910128 -0.0668603504695056 -0.067650128534925538 -0.05652138331367125 0.18983836519230757 0.22627165853775849 -0.066825131876923932 0.21715819733207439 -0.066815598664806922 0.05102887714815027 0.066781598585267346 0.13561690573205903 0.098667284349452655
leaf_weight=209.93449769366998 6.6117364019155493 1.4221863764105354 13.848894974216824 7.9386146991746491 24.749007805367 19.53415083268192 3.7267856437247238 3.5942418068880206 4.4242639826843497 4.0125685544917351 4.4080081816064185 1.2380175613798199 0.62848041963297863 0.51402864453849051 35.149259924830403 0.8060142005560913 1.9866846830118445 0.74946539325173933 0.3322987715946536 0.4996829543961212 18.088624790310863 0.63008009875193238 0.61829118570312858 0.69616106012835988 0.56040935637429357 1.0828612585319204 10.052094421582295 123.00093715405092 0.45484422892331977 6.6206071944907308
leaf_count=45060 1281 674 5386 3658 14543 10179 1553 1316 1030 165 141 482 205 18 4880 49 184 35 123 47 1920 5 5 277 19 484 1081 48378 64 289
internal_value=-0.0213479 -0.0506478 -0.026507 -0.00649082 -0.0422576 -0.025417 0.0142038 0.00455062 0.0116546 -0.0062722 -0.0236615 0.0577787 0.0494182 -0.0603607 -0.0450098 -0.0181619 0.0655236 0.186373 -0.0351875 0.119766 -0.0432452 0.045047 0.123801 -0.0543855 0.0598267 0.0465416 0.0364233 0.0641699 -0.0518085 0.0843141
internal_weight=507.914 378.301 108.537 47.7966 60.7408 35.9918 15.2011 39.8579 36.2637 24.5904 19.3398 5.25059 11.6734 269.764 59.8293 24.68 4.17224 2.18556 20.5078 1.01371 19.4941 1.43609 0.95059 20.7907 1.25657 5.49087 11.4743 129.613 18.5435 7.24909
internal_count=143531 93872 41482 13156 28326 13783 3308 9498 8182 6658 6011 647 1524 52390 7330 2450 273 89 2177 65 2112 54 128 10475 296 625 1755 49659 1984 494
is_linear=0
shrinkage=0.1


Tree=141
num_leaves=31
num_cat=0
split_feature=31 31 16 14 0 19 36 34 34 34 32 2 35 33 32 34 34 29 34 0 32 29 2 19 32 20 27 24 33 34
split_gain=53.8076 22.9968 2.88923 2.27846 2.77839 3.0052 5.87757 3.31806 3.28762 4.07634 2.69352 2.16886 2.01406 3.3048 6.53951 3.52849 2.54982 1.9866 3.02619 2.9313 3.54085 3.01421 4.52128 2.93121 3.43137 3.03071 2.81772 3.3564 2.69607 4.15002
threshold=5.6000049957114308 5.4500000000000011 1.9999120663773577 0.99998693382312853 54.999755424191001 352.56578554415853 70.000141210142473 272.93800650482945 198.77391628627922 209.7748400866025 94.000618493599362 146.70238934797644 37.004429654343859 78.999894475850638 114.99981424591812 202.74033956264529 161.84959058360405 1.0000000180025095e-35 170.79520952955184 35.999139025065851 143.00033384240854 1.5000000000000002 159.70011174528477 301.11679673315172 168.34544789679768 10.439204592311599 2.996241270014838 22.917324612237245 60.000135707963771 200.69732062576929
decision_type=2 2 2 2 2 2 2 2 2 2 2 2 2 2 2 2 2 2 2 2 2 2 2 2 2 2 2 2 2 2
left_child=1 -1 3 12 11 7 8 10 -7 -10 -6 -5 13 15 -15 -3 -16 -14 19 -19 21 26 -23 24 25 -20 27 -21 29 -27
right_child=-2 2 -4 4 5 6 -8 -9 9 -11 -12 -13 17 14 16 -17 -18 18 23 20 -22 22 -24 -25 -26 28 -28 -29 -30 -31
leaf_value=0.066771157453238014 -0.066724676307228961 0.051060643324572198 0.066662593685694896 -0.16548243693719689 -0.25584327247012911 0.067404595781543189 -0.4430787914222436 -0.33242451913839488 -0.23307385668735578 0.067296797190677479 0.044279996913157642 0.067092536315392637 0.00045979313185129465 -0.14271570809223155 -0.045564528821939926 -0.060422263958206261 0.053525718529802327 0.041476709515675614 -0.28648165913872686 -0.23400798856540286 0.089665971214669293 -0.012557876652940617 -0.22964036963437873 0.0059555586945816488 -0.10273192322654351 0.069770078360567742 -0.010628209000697135 -0.023678807887302658 0.048188516790939051 -0.20886583128059191
leaf_weight=54.979612914612517 115.5460339080455 28.668573286384348 6.8136389309074721 0.41275027720257895 0.3082396509125801 1.6766113121993833 0.39159105392172922 0.25133285997435528 1.2391686746850608 0.7110707270912825 10.012406951747833 14.041922403266652 3363.3525973274373 3.2419464718550435 4.0267829205840808 3.1511003822088233 7.3129738429561257 8.3193821492604894 0.27991397073492308 1.3052722061984305 2.4948662254028013 1.9932711827568703 1.8497904706746338 68.764672920107841 1.6989960428327311 1.0932400464080267 23.747451180359349 1.8118982776068149 49.67046771151945 1.045945343095809
leaf_count=23514 91434 494 819 9 18 155 28 23 38 71 910 2057 21886 31 29 38 51 129 13 19 25 26 19 614 6 26 335 22 675 17
internal_value=0.000465135 0.00258361 0.00160596 0.00148293 0.0293779 -0.00140642 -0.075019 0.0265739 -0.0352796 -0.123557 0.0353164 0.0604514 0.00125622 0.0219544 -0.0174687 0.0400205 0.0183385 0.00098395 0.0117286 -0.0116033 -0.0249033 -0.0342116 -0.117047 0.0196336 0.0371199 0.0416815 -0.0223618 -0.111751 0.0434544 -0.0664677
internal_weight=3780.21 3664.67 3609.69 3602.87 29.0451 14.5904 4.01844 10.572 3.62685 1.95024 10.3206 14.4547 3573.83 46.4014 14.5817 31.8197 11.3398 3527.43 164.075 41.5219 33.2025 30.7077 3.84306 122.553 53.7886 52.0896 26.8646 3.11717 51.8097 2.13919
internal_count=143531 52097 28583 27764 3309 1243 292 951 264 109 928 2066 24455 643 111 532 80 23812 1926 575 446 421 45 1351 737 731 376 41 718 43
is_linear=0
shrinkage=0.1


Tree=142
num_leaves=31
num_cat=0
split_feature=31 31 31 36 2 27 11 19 9 34 5 16 19 24 12 18 33 2 4 24 18 7 3 35 33 36 2 25 36 18
split_gain=26.0156 22.1028 12.5704 2.64812 2.91434 3.27141 2.63475 3.52346 2.47871 3.77445 3.05993 2.25807 2.231 2.3375 2.21932 3.03054 2.11017 4.63908 7.71822 5.42302 5.74828 4.61738 4.0816 3.9344 3.64632 2.81094 2.75984 6.36425 3.17966 6.50056
threshold=6.4051489207289158 5.6000049957114308 5.4500000000000011 50.600278986275562 167.84217823337818 4.1146271544822337 7.7344131712507629 280.3808809014364 6.3975653531001697 204.00024404779711 2.294424984465234 1.9999120663773577 198.57549704540108 20.307122552401534 3.9276554430766191 979.63991597029997 90.976745278078155 176.60129486023325 90.200015801486259 27.854297269594365 2555.6448672752458 2.9999957838943483 94.202143989288274 179.38155334672015 90.000047466349045 41.700256176170178 176.9004373548841 0.60522873693713419 38.205052563042287 1449.752775159807
decision_type=2 2 2 2 2 2 2 2 2 2 2 2 2 2 2 2 2 2 2 2 2 2 2 2 2 2 2 2 2 2
left_child=1 2 -1 4 5 -3 7 -7 9 -9 -11 16 13 -8 -5 -16 24 21 23 20 -20 25 -21 -19 26 -18 -4 28 29 -28
right_child=-2 3 11 14 -6 6 12 8 -10 10 -12 -13 -14 -15 15 -17 17 18 19 22 -22 -23 -24 -25 -26 -27 27 -29 -30 -31
leaf_value=-0.06671691590443117 -0.066716925245102018 0.066870754523274789 0.0036662940482270743 0.062657187152142593 0.058834295051476117 0.033272275163891682 -0.097573347733769758 0.056926051986813914 -0.060367325058204663 0.066858655240325485 -0.083184977386494441 -0.06599855529711629 0.054630408526879781 0.021696715964099861 -0.066761214688263765 0.066868340466773354 0.11230050789929372 0.041829415773419185 -0.092663666466750741 0.11443445076180742 0.048285959108598682 -0.0090875206952377267 -0.01262695140449485 0.14628346616627202 0.099458642038911249 0.0083290918983294684 0.17288373365437659 0.14847499333157893 -0.022401815877942165 0.00095251471102025245
leaf_weight=26.750129451160319 53.893046181416139 12.79212492215447 2895.264414110221 52.434602203080431 25.744410000974312 15.623889874434097 2.0988981553819048 6.567453443072738 11.918348590377716 1.7896542525850234 5.6506329777184874 4.8629893930628887 19.348604457918555 7.5682389645371586 3.3023947700858107 3.4913777022156864 5.0122299380600435 8.6140912803821248 9.1889837996568549 4.8844500812701863 4.2232079743407658 397.01407257886603 5.240685208234936 6.2024928610771886 3.924858395010232 5.4036804987117648 2.3737646327354005 2.4618950320873401 102.3224691064097 29.883489144966006
leaf_count=23514 48378 3736 24010 17189 7657 3381 92 1669 1164 501 291 819 4859 1268 123 1126 26 54 41 23 23 1829 32 30 44 40 21 24 1302 265
internal_value=0.0022586 0.0032682 0.00157235 0.0386663 0.029425 0.0203422 0.0119075 -0.00423998 -0.0268461 0.00167517 -0.0470941 0.00209624 0.0350303 -0.00419882 0.0556894 0.00191216 0.00219134 -0.00423329 0.0290155 -0.00657627 -0.0482817 -0.0073632 0.0486685 0.0855558 0.00313462 0.0583611 0.00300994 -0.0108568 -0.0137715 0.0136047
internal_weight=3735.85 3681.96 3513.63 168.331 109.102 83.3578 70.5657 41.55 25.9261 14.0077 7.44029 3486.88 29.0157 9.66714 59.2284 6.79377 3482.01 445.784 38.3539 23.5373 13.4122 407.43 10.1251 14.8166 3036.23 10.4159 3032.31 137.042 134.58 32.2573
internal_count=143531 95153 52097 43056 24618 16961 13225 7006 3625 2461 792 28583 6219 1360 18438 1249 27764 2098 203 119 64 1895 55 84 25666 66 25622 1612 1588 286
is_linear=0
shrinkage=0.1


Tree=143
num_leaves=31
num_cat=0
split_feature=31 31 25 24 36 35 19 21 23 5 15 5 19 6 25 24 25 25 2 6 25 34 20 11 35 10 31 18 32 36
split_gain=111.196 8.9403 3.20867 2.70201 2.45811 3.78326 2.08199 1.89983 2.12945 2.56613 3.29318 2.1957 2.05611 1.89471 1.83096 2.93204 2.99029 4.98193 4.9035 2.87054 2.18486 2.65852 2.47493 1.9924 1.67642 2.24624 1.66591 1.47869 1.46967 11.6044
threshold=6.3000100808444772 5.6118259625383446 0.54965284929437785 28.659918281147554 49.19693968730563 98.000015159117865 318.10448295506961 3.7993763750708092 0.053921090563001102 6.0053365900452427 2.0309910489648288 7.6498365563513113 280.3808809014364 0.307916612642544 0.55492638194684651 26.387874106225663 0.60368998671648899 0.61041348954449937 144.04980483922671 7.2801161955525417 0.55562332862926389 239.00263446778385 18.322551372960209 1.9947608132802459 520.65047425830505 1.8612995280229525 6.4051489207289158 1010.9852736542058 89.034463651614104 31.90507312045608
decision_type=2 2 2 2 2 2 2 2 2 2 2 2 2 2 2 2 2 2 2 2 2 2 2 2 2 2 2 2 2 2
left_child=1 14 4 7 5 6 13 8 9 10 -4 -11 -10 -3 28 16 20 18 -18 23 21 -16 -22 -20 -7 -26 -2 -12 29 -1
right_child=26 2 3 -5 -6 24 -8 -9 12 11 27 -13 -14 -15 15 -17 17 -19 19 -21 22 -23 -24 -25 25 -27 -28 -29 -30 -31
leaf_value=1.2262947145421914 0.014564448472533353 -0.066782373047726551 -0.049812041237335625 -0.06107912148870074 -0.066739304778138914 -0.061157933238768926 -0.066849411649679849 -0.067118811775556439 -0.012372139493319315 0.092301463647218515 0.069942453266660279 -0.066817262335291824 0.078265116399266033 0.047769390720439203 -0.067320083826736626 -0.063528556838938072 0.38595393088169971 -0.067375075975953005 0.3285320902387785 -0.068225452183123689 0.11261979609622347 0.24690400395719025 -0.050938191195508735 0.048590953155598721 0.20846363837562035 -0.066816201986332396 0.066767233979920432 -0.066803483967890237 -0.065517059657853594 -0.026551753578334614
leaf_weight=0.076239193556829732 6.4810824935557312 1.676563745480961 12.704119924572302 7.130938480840995 21.851595349842682 17.56105244229548 2.595068097813054 3.2422642997698849 3.7303041667910275 4.0150881120935074 4.2519967517582691 1.1061351033858953 7.6061847216915339 10.405087022460064 0.49477962381207052 32.786601916362997 0.64725535735487882 1.8511319010285658 0.4793067770078776 0.85650110943242896 0.97675533383153634 0.59071295196190476 17.51676769257756 0.54143527103587985 0.5549623486585904 0.63626566587481648 107.67446730332449 0.97142464364878822 191.56639281008393 2.4422093260800466
leaf_count=6 1281 918 5386 3658 14543 10179 1188 1316 941 165 141 482 583 1202 57 4880 13 184 13 33 128 8 1984 30 16 280 48378 484 44359 695
internal_value=-0.0219261 -0.0498187 -0.0245427 -0.00463933 -0.0406577 -0.0236088 0.0144175 0.00605679 0.0129567 -0.00449603 -0.0223298 0.0579333 0.0484407 0.0318731 -0.0598997 -0.0440981 -0.0175038 0.0572333 0.148605 0.0667688 -0.0342065 0.103677 -0.0422997 0.180042 -0.0533706 0.0614296 0.0638035 0.0445112 -0.0645193 0.0113748
internal_weight=465.021 350.865 100.039 44.7585 55.2806 33.429 14.6767 37.6275 34.3853 23.0488 17.9275 5.12122 11.3365 12.0817 250.826 56.7412 23.9546 4.37563 2.5245 1.87724 19.579 1.08549 18.4935 1.02074 18.7523 1.19123 114.156 5.22342 194.085 2.51845
internal_count=143531 93872 41482 13156 28326 13783 3308 9498 8182 6658 6011 647 1524 2120 52390 7330 2450 273 89 76 2177 65 2112 43 10475 296 49659 625 45060 701
is_linear=0
shrinkage=0.1


Tree=144
num_leaves=31
num_cat=0
split_feature=31 31 17 20 0 33 27 0 33 4 36 35 36 2 8 8 32 36 25 24 32 25 0 0 5 3 2 36 21 21
split_gain=47.2794 20.2909 2.70943 2.11806 1.98395 2.76812 2.09773 5.96448 3.55465 3.47112 6.08539 3.31195 2.14012 2.16192 1.90125 5.24215 3.68056 3.24521 4.34815 3.16041 3.08525 4.90692 3.64742 3.58498 3.23756 2.62901 2.59048 2.49475 2.12647 11.9243
threshold=5.6000049957114308 5.4500000000000011 1.998619439161651 52.836653738322788 24.025468460405094 69.96060304742123 29.906148927560775 22.002925071255628 76.956582811709794 77.00003690623987 55.422864486839607 158.00019898385133 38.767407678451484 156.04575633335023 1.9999927881542103 1.0004103158373872 101.99972925847335 58.216018804283998 0.44973102973120255 21.226709953573231 119.97852764407439 0.48909195282329621 51.999839803316064 37.961821577729481 7.9713708910364298 59.242087477188427 171.50007446334942 88.943561641962518 8.9991807487128703 1.0004188431925745
decision_type=2 2 2 2 2 2 2 2 2 2 2 2 2 2 2 2 2 2 2 2 2 2 2 2 2 2 2 2 2 2
left_child=1 -1 3 4 5 -3 8 -8 9 12 11 -11 -7 -14 15 16 -6 19 -19 -18 21 23 -23 -21 -22 -20 -26 28 29 -16
right_child=-2 2 -4 -5 14 6 7 -9 -10 10 -12 -13 13 -15 27 -17 17 18 25 20 24 22 -24 -25 26 -27 -28 -29 -30 -31
leaf_value=0.066758607443847817 -0.066718040329806938 0.067778671512718255 0.067858828037279204 0.027732742512515569 0.060881906738973847 -0.19725199304507687 0.068235171798546754 -0.2973448546541802 0.058831959621004216 0.036583823532661396 -0.26742853632055058 -0.15179382012694162 -0.16617122684770796 0.068084697813330278 0.0009874896607671975 -0.10310748657716484 0.061362295790891946 0.034648742110074293 -0.18967914878692915 -0.20123316073185418 -0.034260634443526623 0.025414277939255377 -0.079256916238215042 -0.050934395302579906 0.064377513035317496 -0.053157883008267987 -0.019109339147593232 0.056732503792257832 0.015802341895588136 -0.11944001389645438
leaf_weight=48.228218582225963 101.9519866220362 10.540625128895043 6.1354446893092236 30.171960086096078 7.1821723277680567 0.37891646753997132 0.98279027524404117 0.81750516640022397 9.7753019805531931 3.0077412030659616 1.3130732565186916 1.3532112105749545 0.42918481561355282 4.8009510296396911 3343.4806364789838 6.1666685272939494 6.1971486848779014 2.5647743439767492 2.8614534675143659 2.7901228405535248 11.061005231458696 9.5237201021518541 5.1183115728199473 3.6803306243382394 10.81311832368374 2.7819158365018666 5.6630287617444983 8.0828034107107651 95.787593119777739 8.2423735936172289
leaf_count=23514 91434 540 790 2983 84 14 35 17 298 84 24 23 18 207 21917 52 52 33 19 18 51 57 23 27 40 22 22 120 918 95
internal_value=0.000448907 0.00232505 0.00146226 0.00134896 0.00112569 0.0253836 0.00583426 -0.0977729 0.0146917 -0.02355 -0.0786968 -0.0218701 0.0322356 0.0488617 0.000896305 -0.0147069 -0.00694552 -0.0146713 -0.0733141 -0.00589505 -0.0144625 -0.0432229 -0.0111749 -0.115745 0.00758785 -0.122381 0.0356822 0.00124129 0.00111119 0.000691341
internal_weight=3751.88 3649.93 3601.7 3595.57 3565.4 33.3993 22.8587 1.8003 21.0584 11.2831 5.67403 4.36095 5.60905 5.23014 3532 76.4038 70.2371 63.0549 8.20814 54.8468 48.6496 21.1125 14.642 6.47045 27.5372 5.64337 16.4761 3455.59 3447.51 3351.72
internal_count=143531 52097 28583 27793 24810 1260 720 52 668 370 131 107 239 225 23550 500 448 364 74 290 238 125 80 45 113 41 62 23050 22930 22012
is_linear=0
shrinkage=0.1


Tree=145
num_leaves=31
num_cat=0
split_feature=31 31 31 36 2 27 11 19 25 17 18 12 18 7 7 8 32 24 2 36 24 4 18 34 36 25 34 36 34 11
split_gain=22.6507 18.6291 10.979 2.54381 2.70199 3.06408 2.33742 3.02736 2.22421 2.12838 2.09097 2.06086 2.63054 1.90353 39.9632 7.63098 5.15511 4.12806 3.84432 6.28954 3.95292 6.11542 4.54499 3.69119 3.61911 3.48019 3.39664 3.21326 3.15426 2.86866
threshold=6.4051489207289158 5.6000049957114308 5.4500000000000011 50.600278986275562 167.84217823337818 4.1146271544822337 7.7344131712507629 280.3808809014364 0.50546036071387823 1.998619439161651 1292.7162729971992 3.9276554430766191 979.63991597029997 1.9991072473805913 1.0000092959755851 6.5796347297149476 111.29505496154277 31.510197555809114 156.84559035799296 74.012009387341337 22.459191185401636 88.700210410541644 1263.4376969692107 259.00014318580241 38.224101929854427 0.59787121578019364 224.00158688226671 34.724045637910372 178.0003964087517 7.9999025157879391
decision_type=2 2 2 2 2 2 2 2 2 2 2 2 2 2 2 2 2 2 2 2 2 2 2 2 2 2 2 2 2 2
left_child=1 2 -1 4 5 -3 7 -7 -9 13 -8 -5 -13 14 17 -16 18 23 19 20 -15 22 28 -4 -19 -26 27 -24 -22 -27
right_child=-2 3 9 11 -6 6 10 8 -10 -11 -12 12 -14 16 15 -17 -18 24 -20 -21 21 -23 26 -25 25 29 -28 -29 -30 -31
leaf_value=-0.066710641998002029 -0.066710654551910373 0.066850159637219977 0.00024910998683284197 0.062158748232871278 0.057869424985871734 0.031264646257983489 0.0029471760835734322 0.051286080961906511 -0.037701995804664441 -0.067864962862567546 0.058911596363409584 -0.062970770417577288 0.066851938378616763 -0.039117858782762145 0.09513839142332578 0.28742587322916419 0.0017158457452341538 0.12079738581117327 -0.027497522738209351 0.18146140057145013 0.1893667789969701 -0.050105895471802109 0.089365085854715837 0.034509196825224506 -0.07871594968595047 0.10303538633626617 0.1200642384277204 -0.031670737542785002 0.059168017007063069 -0.013560784397878374
leaf_weight=23.414044446661137 47.171956044388935 11.371525172609834 1080.8775808778591 46.510193137917668 23.06212168186903 14.610854927916078 12.274609549669551 3.2291562468744841 21.573559716809541 4.3555449744453645 14.637234064750372 3.1686785509809843 3.075859610689804 17.92898190766573 35.830899869673885 2.1899938241112968 2152.7333360463381 5.1898328685201731 109.14714005985297 1.9539572242647398 2.9688172461465028 9.1450462955981475 2.7899556364864102 32.390082837548107 2.7170449933037153 4.747466675238682 2.5661725469399235 10.257981576025484 4.9853245839476585 3.7984653641469777
leaf_count=23514 48378 3736 12162 17189 7657 3381 1957 904 2721 790 4262 123 1126 319 353 14 13107 25 1198 25 27 51 15 264 37 38 16 93 27 22
internal_value=0.002142 0.00302856 0.00153724 0.0371264 0.0278119 0.0188902 0.0106675 -0.00484484 -0.0261163 0.00199556 0.033386 0.0549166 0.00097574 0.00208294 0.00537453 0.106214 0.000422214 0.00198076 -0.0167955 0.00541338 -0.00137918 0.019304 0.0462368 0.00124589 0.0517049 0.0198679 0.0148937 -0.00579043 0.107764 0.0512111
internal_weight=3710.67 3663.5 3509.99 153.514 100.759 77.6969 66.3254 39.4136 24.8027 3486.57 26.9118 52.7547 6.24454 3482.22 1167.74 38.0209 2314.48 1129.72 161.743 52.5962 50.6423 32.7133 23.5683 1113.27 16.4528 11.263 15.6141 13.0479 7.95414 8.54593
internal_count=143531 95153 52097 43056 24618 16961 13225 7006 3625 28583 6219 18438 1249 27793 12915 367 14878 12548 1771 573 548 229 178 12426 122 97 124 108 54 60
is_linear=0
shrinkage=0.1


Tree=146
num_leaves=31
num_cat=0
split_feature=31 31 25 24 36 35 25 24 25 22 25 2 2 36 34 19 21 23 5 15 5 19 6 35 19 31 20 34 34 36
split_gain=97.5622 8.83925 2.97956 2.44922 2.34303 3.36193 1.83862 2.80373 2.60331 6.8271 2.89774 1.98388 6.5641 2.51303 2.92059 1.81013 1.74379 1.72683 2.32703 2.93561 1.88922 1.7026 1.60519 1.58645 1.84223 1.55358 1.55132 1.49682 4.72173 1.48882
threshold=6.3000100808444772 5.6118259625383446 0.54965284929437785 28.659918281147554 49.19693968730563 98.000015159117865 0.55492638194684651 26.387874106225663 0.60368998671648899 0.039699400587908058 0.60680921260063359 160.20006336630021 160.4008439532756 35.887710346559842 198.77391628627922 318.10448295506961 3.7993763750708092 0.053921090563001102 6.0053365900452427 2.0309910489648288 7.6498365563513113 300.08751331886896 0.307916612642544 520.65047425830505 485.2180428962414 6.4051489207289158 17.864285751372631 140.00165605346018 138.00042182812447 29.002370547613442
decision_type=2 2 2 2 2 2 2 2 2 2 2 2 2 2 2 2 2 2 2 2 2 2 2 2 2 2 2 2 2 2
left_child=1 6 4 16 5 15 -1 8 11 10 -10 27 -13 14 -14 22 17 18 19 -4 -20 -19 -3 -7 -25 -2 -15 28 -8 -9
right_child=25 2 3 -5 -6 23 7 29 9 -11 -12 12 13 26 -16 -17 -18 21 20 -21 -22 -23 -24 24 -26 -27 -28 -29 -30 -31
leaf_value=-0.064302884167448338 0.015587261074162259 -0.066770342038643751 -0.048315800267220189 -0.06006316146882551 -0.0667308069762554 -0.060530210622317143 -0.067192485825999695 0.058578666214160371 0.099209449836531016 0.46448856237985092 -0.067498076709919752 0.74485893467558539 -0.067427200905843337 0.13815565771388313 0.21659192772939462 -0.066828958760736287 -0.067114717596745907 -0.0050741379435998981 0.087593697659792774 0.043414097296920383 -0.066800770408027996 0.076077561345231137 0.044041278647725966 -0.066806315071281916 0.18578814773997332 0.066754667927839489 -0.067345313632359322 -0.060920317708592221 0.58435621848614427 -0.067180815892711271
leaf_weight=180.05560524243629 6.3326678827870628 1.499013270833532 11.631478583905851 6.4254870268050572 19.252525586518459 15.812735469546171 0.42303249577526614 0.97229112929199146 2.0508653208380556 0.36672024393919844 2.1210125455399975 0.12148841167800029 0.58443170075770445 0.41447652713395688 0.95152519608382136 2.3192183077335349 2.9130034908885127 4.1251266706967709 4.0057591288350514 4.9836070550372815 0.98801621166057874 6.926165098673664 10.218447737512177 0.57122938951942959 0.5838406914845109 94.254719048039988 3.2303817676147446 12.934552129183428 0.15090250968933105 29.599251504405402
leaf_count=45060 1281 918 5386 3658 14543 10179 64 91 47 22 204 17 60 24 23 1188 1316 1030 165 625 482 494 1202 277 19 48378 423 1557 9 4789
internal_value=-0.0225681 -0.0491158 -0.0229017 -0.00324278 -0.0393303 -0.0223157 -0.0594518 -0.043253 -0.0171608 0.0508171 0.0144542 -0.0335622 0.018273 0.0012348 0.108523 0.0138888 0.00702053 0.0136328 -0.00281118 -0.0208019 0.0570468 0.045786 0.0298652 -0.052266 0.0608699 0.0635333 -0.0439767 -0.0539084 0.104117 -0.0631812
internal_weight=426.82 326.232 92.2557 41.9986 50.257 31.0045 233.977 53.9209 23.3494 4.5386 4.17188 18.8108 5.3023 5.18082 1.53596 14.0367 35.5732 32.6602 21.6089 16.6151 4.99378 11.0513 11.7175 16.9678 1.15507 100.587 3.64486 13.5085 0.573935 30.5715
internal_count=143531 93872 41482 13156 28326 13783 52390 7330 2450 273 251 2177 547 530 83 3308 9498 8182 6658 6011 647 1524 2120 10475 296 49659 447 1630 73 4880
is_linear=0
shrinkage=0.1


Tree=147
num_leaves=31
num_cat=0
split_feature=31 31 16 28 0 0 32 10 10 36 25 24 25 11 4 8 10 34 25 0 24 33 29 19 2 25 3 35 35 11
split_gain=41.644 17.8977 2.42359 2.05 1.97621 4.8782 3.9304 3.04297 33.6837 5.2479 5.59085 4.29379 3.13129 11.0556 3.06967 2.94729 4.67258 5.12967 8.56631 5.91765 5.81693 2.93762 3.58534 3.36873 4.15177 2.89067 4.23056 7.15732 7.04084 6.03897
threshold=5.6000049957114308 5.4500000000000011 1.9999120663773577 39.199413699730549 44.000055775853518 44.858626786336494 164.01557144262543 3.0000501578488548 3.9999090474827423 46.664616589050858 0.50212636773501795 21.176484985563508 0.37361293488445263 4.9999776490670191 79.003860853536267 2.5685833188508984 2.0370364267182031 149.85447200004106 0.48197187437307415 31.001136097670699 21.419889370973539 86.99891188830621 1.5000000000000002 336.44388945788739 180.11339729041242 0.40371871613430826 49.500206662488068 91.003054295085079 49.0006472454724 2.9188185807612772
decision_type=2 2 2 2 2 2 2 2 2 2 2 2 2 2 2 2 2 2 2 2 2 2 2 2 2 2 2 2 2 2
left_child=1 -1 3 4 6 -6 7 9 11 10 15 -9 13 -10 -12 -3 -17 -18 19 -19 -21 22 23 24 -11 -14 27 28 -27 -30
right_child=-2 2 -4 -5 5 -7 -8 8 12 21 14 -13 25 -15 -16 16 17 18 -20 20 -22 -23 -24 -25 -26 26 -28 -29 29 -31
leaf_value=0.066747764454146125 -0.066712335283693913 0.040143211781460929 0.066228605981775504 0.052838159319230964 -0.12194753803905765 -0.00026289514076879481 -0.081396964170675684 -0.27219058633896615 0.0253642373269235 0.014681663392083349 -0.10844260195543309 -0.13328774613487945 0.04785865796748786 -0.40289148119659624 -0.011482108187670816 0.023276198637463885 0.048323448009606106 0.019786851673759945 0.046672923943223067 -0.090576811539963928 -0.28500468100661713 0.062691392679624355 -0.13991333043528179 0.043514767123440538 -0.14433900552002052 0.07045087700570056 0.004797062647947891 0.042422014161242777 -0.041772752389755384 -0.1948342879632351
leaf_weight=42.315025229938328 90.150591567551601 38.252916427329183 5.7450043240096411 7.6791930927429339 3.2988351555541149 2500.3041742614005 5.2751230690628281 3.0874264882877451 2.0689948252402242 125.73396090301685 3.3681399086490265 7.9711310472339392 14.944021314149721 0.85064268601126958 106.77530652377754 38.281097644008696 4.7172221210785237 1.9237938818987439 3.9191222693771115 3.3075306974351406 2.877491214312613 17.633298291591927 1.3928466490469862 48.753200746374205 1.6635453994385887 2.3272720575332668 619.68729796714615 6.4960093325935295 4.9133382029831392 5.4225124223157763
leaf_count=23514 91434 353 819 775 30 17083 18 18 52 1807 24 45 355 17 678 457 63 41 31 28 22 138 25 652 31 41 4747 76 79 78
internal_value=0.00042533 0.00209223 0.00132986 0.0012258 0.00111494 -0.000423231 0.00470847 0.00513442 0.00100726 0.0120486 0.000809295 -0.172068 0.00392173 -0.099409 -0.0144471 0.018824 0.00400335 -0.0400563 -0.0747178 -0.133388 -0.181032 0.0237627 0.0198964 0.02116 0.0126052 0.00438317 0.00336619 -0.0429144 -0.0866908 -0.122074
internal_weight=3721.14 3630.99 3588.67 3582.93 3575.25 2503.6 1071.64 1066.37 667.769 398.599 203.423 11.0586 656.71 2.91964 110.143 93.2792 55.0263 16.7452 12.0279 8.10882 6.18502 195.177 177.544 176.151 127.398 653.79 638.846 19.1591 12.6631 10.3359
internal_count=143531 52097 28583 27764 26989 17113 9876 9858 5508 4350 1697 63 5445 69 702 995 642 185 122 91 50 2653 2515 2490 1838 5376 5021 274 198 157
is_linear=0
shrinkage=0.1


Tree=148
num_leaves=31
num_cat=0
split_feature=31 31 31 36 2 27 12 18 35 20 3 24 20 4 34 19 32 18 16 33 25 35 0 7 3 34 4 19 32 24
split_gain=19.7277 15.5672 9.58881 2.46565 2.60709 3.10446 2.55821 2.29458 2.04169 3.34639 2.3313 2.27166 2.33366 2.19417 3.14689 2.12177 2.0556 2.01535 1.89044 1.85754 4.29234 6.22093 5.08707 4.64243 3.63195 5.8518 4.65027 5.55457 6.02454 5.05781
threshold=6.4051489207289158 5.6000049957114308 5.4500000000000011 52.738374698234956 167.84217823337818 4.1146271544822337 3.9276554430766191 979.63991597029997 249.00305810836116 48.548129444002313 61.272250021477447 25.582858155592877 102.61089176376485 85.100024652001352 152.00089695574863 253.22772251565021 118.56065833995389 1571.1232151183824 1.9999120663773577 90.976745278078155 0.48028025465052865 153.00283778040861 53.999946273192087 2.9999957838943483 77.500397657715141 256.00858016564206 94.800383072639704 342.02803705000002 141.92417688633333 28.306257924082733
decision_type=2 2 2 2 2 2 2 2 2 2 2 2 2 2 2 2 2 2 2 2 2 2 2 2 2 2 2 2 2 2
left_child=1 2 -1 4 5 -3 -5 -8 11 10 -10 13 -13 14 16 -15 17 -7 19 -4 21 -21 -23 -22 25 -25 -26 29 -29 -28
right_child=-2 3 18 6 -6 8 7 -9 9 -11 -12 12 -14 15 -16 -17 -18 -19 -20 20 23 22 -24 24 26 -27 27 28 -30 -31
leaf_value=-0.066705150124357251 -0.066705155595416107 0.066830018247659509 0.0028638117903075255 0.066782201062328239 0.057502111821651936 -0.071539225650125743 -0.068208549550009628 0.066822640600367952 0.066886206410627216 0.066850952140410341 -0.071459607896090779 0.066844914496118207 -0.051803050994875581 0.042539365904845354 0.052367461065640608 -0.044693840644650533 0.066906462040851836 0.06687231935653884 -0.065483995494138594 -0.0033437936706613978 0.058877633307000965 0.024657568893557295 0.12005970698604772 -0.020069335292076614 0.032949687484610746 0.035340492851690213 -0.084391410503026343 -0.01325038926348608 0.11040624814050529 -0.0070264755289099305
leaf_weight=20.493671249132603 41.288388954126276 11.510724223917348 3032.4630349052604 33.797224044566974 22.24092802265659 5.8670771750621515 2.8754697176627806 2.2378263589926064 1.4149641159456212 3.0747271575964978 8.7526365274097753 13.306386619806288 1.8936555564869184 3.6887288759462526 15.559831211576236 11.422162973321973 2.0482306980993599 1.281807953957468 4.1586185793858013 43.534467557212338 10.037355855107306 15.033252304652708 8.8970717601478082 252.42406444740482 39.637339388718829 20.616353541612625 12.787231005029751 9.7994780503213423 6.5891329909209153 24.915608362294734
leaf_count=23514 48378 4288 25666 14519 8320 322 105 945 408 943 518 4256 208 916 4940 1353 616 399 819 275 61 76 37 1121 187 91 54 51 29 116
internal_value=0.00202958 0.00280873 0.00149695 0.0353899 0.027224 0.0187875 0.0568088 -0.00911235 0.010692 -0.0245629 -0.0522068 0.0191699 0.0520635 0.0066288 0.024957 -0.0233993 -0.0214164 -0.0467218 0.00189849 0.00197908 -0.0040598 0.0191699 0.0601272 -0.00821892 -0.0100552 -0.0158855 0.00692926 -0.0121381 0.0364665 -0.0332654
internal_weight=3683.65 3642.36 3501.39 140.972 102.062 79.8209 38.9105 5.1133 68.3102 13.2423 10.1676 55.0679 15.2 39.8678 24.7569 15.1109 9.19712 7.14889 3480.89 3476.73 444.271 67.4648 23.9303 376.807 366.769 273.04 93.7288 54.0915 16.3886 37.7028
internal_count=143531 95153 52097 43056 27487 19167 15569 1050 14879 1869 926 13010 4464 8546 6277 2269 1337 721 28583 27764 2098 388 113 1710 1649 1212 437 250 80 170
is_linear=0
shrinkage=0.1


Tree=149
num_leaves=31
num_cat=0
split_feature=31 31 25 24 25 32 33 34 24 9 2 4 35 19 35 6 36 6 6 19 34 32 32 25 35 19 25 19 20 10
split_gain=85.4002 8.83921 3.138 2.81602 2.386 3.29717 5.57572 2.64496 4.11273 4.71784 2.27706 2.21643 2.61901 5.87391 2.49692 2.12308 1.94884 3.09993 4.2216 2.52492 2.49873 3.54852 8.43079 2.27472 2.23988 1.83506 1.90547 3.11596 1.79373 1.66253
threshold=6.3000100808444772 5.8000013066176885 0.52921901413107109 26.387874106225663 0.60368998671648899 129.98606245577335 81.640004022948389 217.00110788982744 22.951085190077077 1.0244273929050458 155.31972906183861 90.800208860737271 186.00257332155823 204.60150782664911 190.37091642023759 0.96582776717303975 38.946309135981757 4.2236066430492576 6.9440117668572752 354.15856180239911 180.70537685049609 106.9999971987659 106.71635352409423 0.55909682580433551 84.997940868534258 301.11679673315172 0.57704746666529849 304.10435192458704 20.549989910059296 2.775312925952385
decision_type=2 2 2 2 2 2 2 2 2 2 2 2 2 2 2 2 2 2 2 2 2 2 2 2 2 2 2 2 2 2
left_child=1 2 -1 4 7 6 10 15 9 -9 -6 -10 -13 -14 -15 25 19 23 -19 24 -21 22 -22 -18 -3 -4 -27 -28 -17 -25
right_child=-2 16 3 -5 5 -7 -8 8 11 -11 -12 12 13 14 -16 28 17 18 -20 20 21 -23 -24 29 -26 26 27 -29 -30 -31
leaf_value=-0.06505738261465939 0.06323776290981796 0.082722834135109238 -0.058000293625740051 -0.061099663680275085 -0.068151929190228319 -0.067784061968123768 0.35371794472584517 0.3148800474376594 -0.060102401598801869 0.034768911021654671 0.12481539292543589 -0.067612786381600176 0.79257026791029195 0.19927958037070093 -0.012100268911685941 0.078781145281532378 -0.06674714037957323 0.058101675173093704 -0.066789040250121959 -0.06683855807761524 -0.066781565424293809 0.08975534899182197 1.4379630285017075 0.023412836439118012 -0.045802269824990499 0.014493069716574769 0.61479466303959951 0.086847246516358084 -0.067215214239158133 -0.047597886203561306
leaf_weight=153.85020736546721 88.735403913888149 1.7763572515686954 2.9624555022455743 42.826617429731414 1.1898074298514982 1.8144799749716183 0.68537144560832519 0.76554448262322639 7.5673622437170689 2.8023926038877107 1.2581622113939372 1.6693812700686974 0.11470871837809715 0.85174877254758063 1.6249418536899609 0.87055100250290962 15.309993675327862 8.6573301210300979 3.9375660748919463 1.0221157087944446 0.086396368336863705 4.2690155652817339 0.065434605232439935 6.9795723644783703 5.7296452081063762 3.0794396799174142 0.14315104822162528 0.51031975040677935 25.25139480951475 6.2488881330937147
leaf_count=50771 49659 177 1665 10077 139 213 12 18 1596 233 42 284 19 16 184 121 11346 1095 2388 489 47 463 2 1973 2607 882 3 71 3765 3174
internal_value=-0.023071 -0.0482705 -0.0562051 -0.0420165 -0.0266432 0.0394892 0.10161 -0.0334299 0.000765863 0.0948702 0.0310259 -0.0276205 0.0300689 0.0929956 0.0605945 -0.0494726 -0.0116159 -0.0222666 0.0190569 0.022217 0.0740724 0.106651 0.581718 -0.040504 -0.0153857 0.00076704 0.0474051 0.202501 -0.0623497 -0.0101314
internal_weight=392.656 303.92 249.838 95.9878 53.1612 4.94782 3.13334 48.2134 15.3961 3.56794 2.44797 11.8281 4.26078 2.5914 2.47669 32.8173 54.0823 41.1334 12.5949 12.949 5.44296 4.42085 0.151831 28.5385 7.506 6.69537 3.73291 0.653471 26.1219 13.2285
internal_count=143531 93872 70111 19340 9263 406 193 8857 2350 251 181 2099 503 219 200 6507 23761 19976 3483 3785 1001 512 49 16493 2784 2621 956 74 3886 5147
is_linear=0
shrinkage=0.1


Tree=150
num_leaves=31
num_cat=0
split_feature=31 31 17 28 0 10 10 24 24 4 2 24 19 10 10 32 20 33 19 36 32 34 36 25 24 4 2 2 9 4
split_gain=36.6327 15.7796 2.29677 1.84269 1.9909 1.87267 22.5357 4.93258 5.09665 7.00319 4.9441 4.83123 5.64667 4.50309 42.4221 6.56667 5.14071 4.72777 5.7308 5.87564 4.7133 5.07894 5.02484 5.46034 4.59129 4.5138 4.40585 4.2772 4.63239 6.63624
threshold=5.6000049957114308 5.4500000000000011 1.998619439161651 39.199413699730549 79.999163643624442 4.0000495923495549 4.9999488137370776 15.748206587091717 19.863398562292243 76.201612296193403 145.30075088197415 19.609599481539693 316.87176748798242 3.9999090474827423 3.0000501578488548 150.00188802588534 52.835884892710332 92.598911653397877 271.35771692331679 39.000022350932987 127.00014242377244 247.00125130530469 65.508032018288603 0.41105684048410845 20.904242062177349 92.689683030863009 178.1349939302371 149.54246673262048 1.1156797783422292 87.300092668490478
decision_type=2 2 2 2 2 2 2 2 2 2 2 2 2 2 2 2 2 2 2 2 2 2 2 2 2 2 2 2 2 2
left_child=1 -1 3 5 -5 7 -7 -3 9 10 -9 12 -11 14 17 26 -17 20 19 -19 22 -22 27 -24 -16 -23 -15 -10 29 -29
right_child=-2 2 -4 4 -6 6 -8 8 13 11 -12 -13 -14 15 24 16 -18 18 -20 -21 21 25 23 -25 -26 -27 -28 28 -30 -31
leaf_value=0.06673810338736548 -0.066707129309593868 -0.14149305322338609 0.067727684762368998 0.064031143128500653 -0.16492357185038531 -0.094381536803502863 -2.9754208558902241e-05 -0.063945093065274947 0.027900679068341046 -0.20256365229385986 0.032991739316980684 0.036680600388682594 -0.002790108289395641 0.0092225636596396654 -0.25370699066961994 0.015655725336394654 -0.065813329771542875 -0.099203430683006175 0.043825120813917998 0.010244456760501461 -0.014110580301707807 0.057992087676134146 -0.14938068799227955 0.048354087096742493 -0.11263348887909069 -0.02942356490591564 0.046637171745382899 0.041246693275052829 -0.0034514715047331574 -0.011123261598984201
leaf_weight=37.13472456287127 79.568878557045537 2.3588640317320815 5.1840733948629341 6.8758971898350856 0.40200135856866825 25.741028668824583 1527.941958301235 5.5115139619447282 58.446664839168079 3.3184944726526719 115.98638147418387 3.1400360204279423 2.466468820348382 545.99590729665942 2.5498232934623983 12.549359369091688 20.232545954175293 5.8844189564697436 53.962390347383916 29.470259664347395 311.2872058658395 18.928081359597858 1.4560060577932734 34.193938460899517 24.223189695505425 8.5866137577686441 33.398964065592736 58.9337031559553 619.62372515164316 41.051561072934419
leaf_count=23514 91434 27 790 755 9 212 10404 33 365 36 2060 28 23 3984 16 62 76 27 254 149 1813 116 28 547 218 43 357 452 5457 242
internal_value=0.000410594 0.00188716 0.00121441 0.00111795 0.0513846 0.00101539 -0.00159295 0.00302802 0.00319753 0.0223139 0.0285944 -0.0631832 -0.117388 0.00187189 -0.0015272 0.00891575 -0.0346259 0.00115785 0.0233221 -0.00797201 -0.000559835 -0.0104705 0.00356664 0.0402783 -0.126069 0.030712 0.0113793 0.00188455 -0.000228486 0.0197448
internal_weight=3696.4 3616.84 3579.7 3574.52 7.2779 3567.24 1553.68 2013.56 2011.2 130.423 121.498 8.925 5.78496 1880.77 1268.6 612.177 32.7819 1241.82 89.3171 35.3547 1152.51 338.802 813.706 35.6499 26.773 27.5147 579.395 778.056 719.609 99.9853
internal_count=143531 52097 28583 27793 764 27029 10616 16413 16386 2180 2093 87 59 14206 9727 4479 138 9493 430 176 9063 1972 7091 575 234 159 4341 6516 6151 694
is_linear=0
shrinkage=0.1


Tree=151
num_leaves=31
num_cat=0
split_feature=31 31 31 5 5 5 33 35 35 18 36 34 32 29 34 29 19 19 32 19 25 32 25 2 34 35 20 27 2 33
split_gain=17.2492 13.2428 8.37393 2.3125 2.16891 2.34362 2.78883 3.05154 2.68137 2.54184 2.08986 1.92537 2.51361 1.82236 2.58873 3.10268 3.65898 2.92554 2.94893 2.61529 5.73132 6.65356 3.41307 6.63411 3.40517 3.14485 2.88962 2.59057 5.22085 2.55665
threshold=6.4051489207289158 5.6000049957114308 5.4500000000000011 0.065910010549508805 7.9713708910364298 2.294424984465234 70.000184661648078 269.5820066745211 103.00139577212856 1571.1232151183824 52.738374698234956 199.00096368520408 93.00399945535824 1.0000000180025095e-35 170.79520952955184 1.5000000000000002 306.31815559225362 301.11679673315172 168.34544789679768 366.18743455000009 0.4876728696566936 108.93391545908379 0.55096170844169856 166.84320830541034 241.00138951179619 76.999896633238208 52.835884892710332 3.9855558493695336 157.41002240993325 60.000135707963771
decision_type=2 2 2 2 2 2 2 2 2 2 2 2 2 2 2 2 2 2 2 2 2 2 2 2 2 2 2 2 2 2
left_child=1 2 -1 -3 5 6 8 -8 9 -5 11 12 -7 -4 15 27 -17 18 29 20 21 -19 -21 -24 25 -22 -23 28 -15 -16
right_child=-2 3 13 4 -6 10 7 -9 -10 -11 -12 -13 -14 14 17 16 -18 19 -20 22 24 26 23 -25 -26 -27 -28 -29 -30 -31
leaf_value=-0.066700345647291145 -0.066700467756454801 0.055734196973931296 0.0023050499143642731 -0.048977966423849828 0.066788289048926669 -0.15632671710283777 0.062058009847072396 -0.013458020257277596 0.051773032379374501 0.066814783813832879 0.066794655851735441 -0.038587283572967195 0.035123577433787578 -0.08270262072440325 0.070283153781776478 -0.0035184932636657361 0.16587959412730968 -0.046543886375109644 0.093963481269025553 -0.036386849913710946 0.064275228072591201 0.21400565215088216 -0.025356437340339513 0.19869500606452306 0.094635758133407924 -0.045455677841412211 0.084071671640029558 -0.010311003835955837 0.11239187877029236 -0.043225519608985866
leaf_weight=17.937284535146318 36.264861408504657 35.684591587167233 3318.1876258202828 9.921761034405792 11.339752325904554 0.74473739799578353 29.43746874621138 6.539886340731754 6.7102196782361707 2.3435522932559243 3.6081291245063758 13.930145805119535 8.6630717923399043 1.9004048136994232 2.0704778977669767 2.4152625992428502 2.7010952818673104 3.3180029134964562 1.7393135586753476 28.330343391746283 3.1202911434229526 2.3774184337817115 4.1388608431443563 1.9414907167665658 2.5881232753163195 16.027507650898769 6.1112063113832846 29.134388016653247 4.930172725347802 47.688003685791045
leaf_count=23514 48378 15160 25654 989 4932 18 12132 1184 2350 907 1618 1561 2205 33 63 52 35 80 9 373 32 28 39 24 29 201 99 613 92 1127
internal_value=0.00192429 0.00261071 0.00145022 0.0340854 0.0258 0.0201247 0.0319703 0.0483309 0.000950945 -0.0268533 -0.00403276 -0.0149829 0.0199681 0.00180162 -0.0086042 0.0130496 0.0859124 -0.0160513 -0.0340284 -0.00242757 0.0174427 0.0735288 -0.0217965 0.0461845 -0.0130224 -0.0275741 0.120462 0.00268423 0.0581126 -0.0385024
internal_weight=3661.85 3625.58 3496.66 128.923 93.2387 81.899 54.9529 35.9774 18.9755 12.2653 26.9461 23.338 9.40781 3478.72 160.532 41.0813 5.11636 119.451 51.4978 67.9532 33.5425 11.8066 34.4107 6.08035 21.7359 19.1478 8.48862 35.965 6.83058 49.7585
internal_count=143531 95153 52097 43056 27896 22964 17562 13316 4246 1896 5402 3784 2223 28583 2929 825 87 2104 1199 905 469 207 436 63 262 233 127 738 125 1190
is_linear=0
shrinkage=0.1


Tree=152
num_leaves=31
num_cat=0
split_feature=31 31 25 36 35 24 25 24 25 25 24 25 35 35 35 31 32 2 2 3 15 0 21 19 35 10 6 32 32 31
split_gain=74.6978 8.55469 2.52433 2.11881 2.80718 2.06816 1.86699 2.63513 2.01054 2.80297 2.45379 1.94953 2.09847 4.35879 1.94232 1.63441 1.63003 5.54509 11.8719 4.86525 1.55824 2.9083 1.52196 1.46033 1.44505 1.42648 1.34243 1.96984 1.53319 1.33895
threshold=6.3000100808444772 5.6118259625383446 0.54965284929437785 49.19693968730563 98.000015159117865 28.659918281147554 0.55492638194684651 26.387874106225663 0.60368998671648899 0.61041348954449937 25.550630291280989 0.55562332862926389 276.00316721912412 280.00494709213547 188.06122476689606 6.4051489207289158 89.034463651614104 164.40939921370241 164.61458436874224 48.40139852815711 3.9500176382735046 70.999717722996209 3.7993763750708092 318.10448295506961 520.65047425830505 1.8612995280229525 0.50598328031648176 111.29505496154277 109.88423939014028 6.3999712721760664
decision_type=2 2 2 2 2 2 2 2 2 2 2 2 2 2 2 2 2 2 2 2 2 2 2 2 2 2 2 2 2 2
left_child=1 6 3 4 23 22 16 8 11 10 -10 14 26 -14 -8 29 17 -1 -19 -20 -9 -22 -4 -3 -6 -26 27 28 -13 -2
right_child=15 2 5 -5 24 -7 7 20 9 -11 -12 12 13 -15 -16 -17 -18 18 19 -21 21 -23 -24 -25 25 -27 -28 -29 -30 -31
leaf_value=-0.066914834424056713 0.040141867525786912 0.028836401045075528 0.014936835497080903 -0.066717038590744335 -0.059440284134821476 -0.058465958339873197 -0.067979036647523083 -0.067132190689578583 -0.020328642332551505 -0.067268606848244192 0.16296509853735153 -0.067135510951337712 0.32593089449457735 -0.0221797072387671 0.20402220399926776 0.066734286712777521 -0.065062871826394461 1.6694851286915495 0.6360235967851009 -0.067167023353713634 -0.031175171215205983 0.38906690222699025 -0.067076374170590411 -0.066797789601574051 0.16496292641478258 -0.066789146617569198 -0.067308038173273382 -0.066879779053644089 0.2127895347472106 -0.066833404835589
leaf_weight=1.7058043377473944 4.6803864899557075 10.713605053373614 29.680268164142035 15.012429725145919 13.102929788583422 5.3503449676209121 0.432285743416293 25.759892157278959 1.1477114080917084 1.5677815473754888 2.0085481668356806 0.28037775447592261 0.4564931509084994 1.6962449334678238 0.66853434377117082 72.47169130272232 152.90502177580493 0.056790638773236313 0.13934414862887934 0.33478839765302837 0.72792212211061169 0.21282855398021638 2.4494810842443249 1.8763459944166232 0.59324619895778485 0.48088644910603762 11.97248245816445 1.1701652277261017 0.64759671612409875 1.5600192151032386
leaf_count=557 485 2120 8182 14543 10179 3658 47 4458 53 184 36 115 5 137 18 48378 44359 7 14 123 411 11 1316 1188 16 280 1300 523 32 796
internal_value=-0.0236669 -0.0476218 -0.0197435 -0.0366466 -0.0197814 -0.00090144 -0.0584591 -0.0413883 -0.0158028 0.0420253 0.096314 -0.0315717 -0.04031 0.051638 0.0972089 0.0625058 -0.0638231 0.0209265 0.303152 0.139496 -0.0625156 0.0638973 0.00868438 0.0145835 -0.0502993 0.0612081 -0.0543776 0.0194068 0.128213 0.0133995
internal_weight=361.862 283.15 79.2595 41.7794 26.767 37.4801 203.891 48.7489 22.0482 4.72404 3.15626 17.3242 16.2234 2.15274 1.10082 78.7121 155.142 2.23673 0.530923 0.474133 26.7006 0.940751 32.1297 12.59 14.1771 1.07413 14.0706 2.09814 0.927974 6.24041
internal_count=143531 93872 41482 28326 13783 13156 52390 7330 2450 273 89 2177 2112 142 65 49659 45060 701 144 137 4880 422 9498 3308 10475 296 1970 670 147 1281
is_linear=0
shrinkage=0.1


Tree=153
num_leaves=31
num_cat=0
split_feature=31 31 17 18 35 34 3 32 32 32 34 37 37 19 36 2 25 34 34 19 35 36 2 34 8 35 33 0 24 2
split_gain=32.2878 13.9003 2.11661 1.82054 4.80341 4.45556 5.38655 8.3576 5.16544 3.91596 3.30845 2.21755 22.4031 5.95473 4.02318 5.04696 4.22381 3.56812 4.83866 3.13806 2.79369 4.24479 5.59939 4.88266 4.70502 3.53863 5.02323 7.09039 5.00136 6.03078
threshold=5.6000049957114308 5.4500000000000011 1.998619439161651 660.19725192978228 126.00071518976129 190.99947454079805 50.900237893713104 122.99999494696074 107.36451095167313 104.99957544518917 237.00066825912873 0.99994764460092833 0.0030789039529736111 79.724731376926186 37.558616644892119 156.04575633335023 0.50798977926993516 212.770994387223 167.69506768457202 212.67034939928206 47.002283275402476 52.738374698234956 151.80606033602444 157.76961974831497 2.9999916318710329 48.003110825861036 77.987113384388365 67.99953107130078 20.01311022310129 158.81087607387195
decision_type=2 2 2 2 2 2 2 2 2 2 2 2 2 2 2 2 2 2 2 2 2 2 2 2 2 2 2 2 2 2
left_child=1 -1 3 4 5 6 7 -3 9 -8 -7 12 20 -13 16 -16 -15 18 -18 -20 21 22 23 -5 -23 26 27 28 -22 -30
right_child=-2 2 -4 11 -6 10 8 -9 -10 -11 -12 13 -14 14 15 -17 17 -19 19 -21 25 24 -24 -25 -26 -27 -28 -29 29 -31
leaf_value=0.066729866072295335 -0.066702656732735399 0.019185134140308133 0.067668500291212019 -0.10433935027119352 0.052983997001686135 0.07413472202428395 0.0070174279818156389 -0.24290108019374335 0.038338827138564152 -0.17736684005001829 -0.048706088642613166 -0.16581242066473612 -0.10608162109014274 0.031411800784007508 0.036201987647064435 0.0041224763875114491 0.0038804067039765323 0.044159240704046171 0.005465368167802475 -0.098396792717173748 0.069923846657887451 -0.037392078814131445 0.058170907007280774 0.075707984712223952 0.017892126175267808 0.00033289745318264703 0.032807537881838419 -0.31656134343196185 0.012808922778931274 -0.22943105647134465
leaf_weight=32.581131062004715 70.337287954287603 2.1828432886395666 4.772178813815116 4.3544210949912658 23.676575395977125 8.4153880663216096 2.1609137586783609 2.7490742322988808 9.1670342558063549 2.466620379826054 2.964978839037939 1.9175466406159092 19.770970308920369 14.330001709284259 83.404800409218296 119.03810892230831 11.845426294486971 5.1340905688703051 3.6189984185621169 14.828147523105143 2.0161277209408563 21.737294259946793 34.241691306699067 2.3027175916358829 52.755479641025886 3106.7383981684106 4.1900698828976601 1.2967014391906557 1.8473411912564186 2.3164553113747388
leaf_count=23514 91434 30 790 45 137 69 32 20 77 12 17 12 302 113 680 1372 70 20 16 54 48 200 506 30 911 22908 33 12 28 39
internal_value=0.000397454 0.00170889 0.00111486 0.00102569 0.0192845 -0.00721744 -0.0372069 -0.126903 -0.0051382 -0.0912652 0.0421304 0.000745723 4.30334e-05 0.00974255 0.0110773 0.017339 -0.0143991 -0.0329294 -0.0459947 -0.0780209 0.000691864 0.0159715 0.0418561 -0.0420606 0.00175997 0.000126467 -0.054844 -0.103966 -0.0593582 -0.121957
internal_weight=3669.16 3598.82 3566.24 3561.47 53.7834 30.1069 18.7265 4.93192 13.7946 4.62753 11.3804 3507.68 3253.57 254.117 252.2 202.443 49.7567 35.4267 30.2926 18.4471 3233.8 115.392 40.8988 6.65714 74.4928 3118.41 11.6667 7.47663 6.17992 4.1638
internal_count=143531 52097 28583 27793 394 257 171 50 121 44 86 27399 25062 2337 2325 2052 273 160 140 70 24760 1692 581 75 1111 23068 160 127 115 67
is_linear=0
shrinkage=0.1


Tree=154
num_leaves=31
num_cat=0
split_feature=31 31 31 0 5 33 35 5 34 34 18 35 34 3 32 32 32 34 36 26 37 37 19 36 2 25 34 34 19 2
split_gain=15.0294 10.9762 7.31234 2.23109 2.04409 2.29267 3.16812 2.14634 1.99403 2.06602 1.8233 4.91645 4.61544 5.57543 8.44618 5.33459 3.84026 3.38834 2.15305 2.09865 1.97859 22.1236 6.00577 3.86827 5.34326 4.18764 3.56747 5.08622 3.05731 3.00364
threshold=6.4051489207289158 5.6000049957114308 5.4500000000000011 53.217487530151935 1.4248529255552376 70.98901965902904 269.5820066745211 7.9713708910364298 198.00008740054122 197.7310653762548 660.19725192978228 126.00071518976129 190.99947454079805 50.900237893713104 122.99999494696074 107.36451095167313 104.99957544518917 237.00066825912873 35.887710346559842 0.99883975639068245 0.99994764460092833 0.0030789039529736111 79.724731376926186 37.558616644892119 156.04575633335023 0.50798977926993516 212.770994387223 167.69506768457202 212.67034939928206 160.1000172813477
decision_type=2 2 2 2 2 2 2 2 2 2 2 2 2 2 2 2 2 2 2 2 2 2 2 2 2 2 2 2 2 2
left_child=1 2 -1 -3 5 8 -7 -6 9 -5 11 12 13 14 -4 16 -15 -14 -13 -17 21 -12 -22 25 -25 -24 27 29 -29 -27
right_child=-2 3 10 4 7 6 -8 -9 -10 -11 20 18 17 15 -16 19 -18 -19 -20 -21 22 -23 23 24 -26 26 -28 28 -30 -31
leaf_value=-0.066696139254531869 -0.066696248054978632 0.055960575777066639 -0.016258129357844511 0.00020838769944808841 -0.011210723887990883 0.062308663161815173 -0.015908644790093577 0.066806182159124552 0.066805699853654504 -0.27132549396756739 0.0019811577339620256 -0.0015151617871857778 -0.073145230337718289 -0.0030444908468135667 0.25151872386848101 0.045976944792594579 0.1824302986231372 0.052606369076021654 -0.069773739163592474 -0.06470955905507951 0.17107330116871935 0.10570474922425679 -0.029216550441268741 -0.034059947405862732 -0.0004217383608575969 -0.039153638676224831 -0.041875953991501451 -0.0016811838080036468 0.10199472823197282 0.071727520239759562
leaf_weight=15.699590185715349 31.740847556269728 29.77268424036447 2.097508317907347 19.568380772718236 22.365711090853441 31.8821662645787 6.1825964215677223 4.1863653076579785 5.030591881251893 0.28428235684987058 3153.4257594387745 6.3601740570738938 8.2160411960212496 2.0631677866913369 2.6867183011490852 2.3075154272373748 2.4324675188399851 2.8986405201721928 16.899680636241101 6.6483443593606353 1.8863172708079208 20.698606011806987 13.821756114484741 80.529775975388475 114.16836038394831 7.6373591013252753 5.0317008220590642 3.5283903421368477 14.671663561835883 3.5920947410631925
leaf_count=23514 48378 15072 35 4599 3579 14698 1050 1741 2279 38 25425 35 79 37 21 23 13 21 115 62 13 302 114 694 1430 43 20 17 55 29
internal_value=0.00181445 0.0024174 0.00139716 0.0322474 0.024359 0.0341742 0.0496044 0.00108991 0.01057 -0.00367987 0.0017051 -0.0167696 0.010444 0.041403 0.13412 0.00842699 0.0973109 -0.04035 -0.0511091 -0.0361907 0.00198938 0.00265754 -0.00667177 -0.00805165 -0.014335 0.0172854 0.0359365 0.0492404 0.0818954 -0.00368481
internal_weight=3638.32 3606.57 3487.3 119.273 89.5001 62.948 38.0648 26.5521 24.8833 19.8527 3471.6 52.6103 29.3504 18.2357 4.78423 13.4515 4.49564 11.1147 23.2599 8.95586 3418.99 3174.12 244.867 242.981 194.698 48.283 34.4612 29.4295 18.2001 11.2295
internal_count=143531 95153 52097 43056 27984 22664 15748 5320 6916 4637 28583 441 291 191 56 135 50 100 150 85 28142 25727 2415 2402 2124 278 164 144 72 72
is_linear=0
shrinkage=0.1


Tree=155
num_leaves=31
num_cat=0
split_feature=31 31 31 25 25 24 25 32 33 24 2 2 36 34 5 34 7 33 25 34 32 10 27 32 34 34 15 36 1 11
split_gain=65.6832 5.75906 4.79959 2.46451 1.86037 2.54468 1.78603 2.53938 2.77571 1.78254 1.72871 3.73381 1.9697 1.99391 1.66925 1.64529 1.63955 1.56952 1.56764 1.79377 1.54496 1.51715 1.4971 1.47887 3.17924 3.37805 1.46359 2.08462 1.44751 1.74004
threshold=6.1000460646905657 5.6118259625383446 6.4051489207289158 0.53035585057680212 0.55492638194684651 26.387874106225663 0.60368998671648899 129.98606245577335 78.999894475850638 27.037091932656395 160.20006336630021 160.30006637775386 35.887710346559842 198.77391628627922 1.6179508249256476 201.71397721514941 3.9999698480228596 72.5000317772638 0.53152627449206513 197.7310653762548 93.00399945535824 4.4709080205660019 4.1146271544822337 89.034463651614104 152.81831224599333 147.91307539540722 3.9500176382735046 29.002370547613442 1.1824621369383117 1.8059673896387194
decision_type=2 2 2 2 2 2 2 2 2 2 2 2 2 2 2 2 2 2 2 2 2 2 2 2 2 2 2 2 2 2
left_child=1 4 21 20 23 6 10 8 16 14 -6 -12 13 -13 15 18 -8 -16 19 -5 -3 22 -2 24 25 -1 -7 -28 29 -24
right_child=2 3 -4 9 5 26 7 -9 -10 -11 11 12 -14 -15 17 -17 -18 -19 -20 -21 -22 -23 28 -25 -26 -27 27 -29 -30 -31
leaf_value=-0.067037135991233954 -0.050872153900129724 0.06223383648097789 0.066725839232685311 -0.066727759303060671 -0.052122462995145759 -0.067102747745388464 -0.068409627137634252 -0.06784488457933939 0.19212895497986493 -0.042275935535399795 0.45583417747048832 -0.067399848832141313 -0.044250157407592555 0.16899019105472041 -0.066849864170915305 -0.066781307641055526 0.12525705248111638 0.051604469419593381 -0.0003185115290117881 0.40483368290154004 -0.052485596061216194 -0.038263283020191732 0.10447706866015422 -0.064891793896309433 -0.067031146559199312 0.35280815709765162 0.22838747996480266 -0.06681385544668994 0.061345091859014572 -0.066846211395134705
leaf_weight=0.32750112714711521 2.1262163979117785 1.2341467770165788 63.434707833454013 0.13340549013810488 11.509778072941122 23.988373003725432 1.1264038407243782 1.5321929820347575 1.439176933490671 10.013055625546256 0.18771667301189054 0.531816319329664 3.1972142223967239 1.0843734232475979 1.2681007276987646 4.232651630183681 0.71436484646983434 9.4862754525383917 11.307821429742033 0.20404450944624841 24.060140209738165 4.9783369515207587 0.81806092016631682 141.79293331192457 1.5830177888274191 0.46196340309688821 0.41322826768737186 0.56806929659796879 8.551742459763771 2.1531558833667077
leaf_count=101 1282 412 48378 114 1630 4458 102 134 26 6273 9 62 453 23 619 3053 11 1297 4437 9 20191 2293 43 44359 552 48 11 411 1507 1233
internal_value=-0.0240982 -0.0493669 0.0536206 -0.022879 -0.0579812 -0.0405401 -0.0151688 0.03844 0.0880899 -0.00630669 -0.0307932 0.0182948 0.00123133 0.0912047 0.00721682 -0.0133872 0.00674847 0.0376369 0.00601966 0.218409 -0.0468883 0.0089917 0.0262273 -0.0635817 0.014718 0.17864 -0.062206 0.0574966 0.0404536 -0.019676
internal_weight=334.46 252.398 82.0622 61.9396 190.458 46.2927 21.323 4.81214 3.27995 36.6454 16.5109 5.00112 4.8134 1.61619 26.6323 15.8779 1.84077 10.7544 11.6453 0.33745 25.2943 18.6275 13.6492 144.165 2.37248 0.789465 24.9697 0.981298 11.523 2.97122
internal_count=143531 88795 54736 36405 52390 7330 2450 273 139 15802 2177 547 538 85 9529 7613 113 1916 4560 123 20603 6358 4065 45060 701 149 4880 422 2783 1276
is_linear=0
shrinkage=0.1


Tree=156
num_leaves=31
num_cat=0
split_feature=31 31 16 24 34 32 25 33 36 19 10 3 11 19 4 36 18 27 27 10 33 19 25 3 18 6 32 19 3 0
split_gain=28.5508 12.2344 1.97347 1.68678 3.26015 3.20305 4.53014 3.94153 6.60041 5.45578 4.16292 2.98977 3.30858 3.36645 3.63192 4.11329 2.93851 2.9017 8.56162 10.0594 5.84578 5.21778 7.87067 5.16363 5.19416 4.40397 4.40753 4.6823 4.65028 3.91311
threshold=5.6000049957114308 5.4500000000000011 1.9999120663773577 27.543149256318411 272.93800650482945 147.00048600295267 0.56117555696738119 93.001327954738159 41.650496078218985 327.08378446507987 2.9999970915648553 83.235602948487838 1.9947608132802459 415.51410739765441 89.60001146311987 42.984036112383428 1554.8319285079758 4.0002507619988021 5.9999898939214322 4.9999488137370776 64.999605315038522 318.10448295506961 0.46177093136080155 57.288371881790191 2157.5830765782189 0.69036117091769833 162.00092129381133 251.48020408051892 50.300589228367251 65.000039467642424
decision_type=2 2 2 2 2 2 2 2 2 2 2 2 2 2 2 2 2 2 2 2 2 2 2 2 2 2 2 2 2 2
left_child=1 -1 3 11 5 -5 -7 10 -9 -10 -8 17 -13 14 15 -14 -12 25 19 -19 -21 -22 -23 -24 -25 -3 28 -28 -27 -30
right_child=-2 2 -4 4 -6 6 7 8 9 -11 16 12 13 -15 -16 -17 -18 18 -20 20 21 22 23 24 -26 26 27 -29 29 -31
leaf_value=0.06672246485601277 -0.066698849415294734 0.064005420064122409 0.065263262488235704 -0.008006420237220627 0.050892875305854991 0.085528956802289224 -0.028362489310145889 -0.11900088468661452 0.052130738704662796 -0.083648447396070982 0.0070721804022042369 -0.071275989964846395 -0.096420105364367625 -0.014922313477156402 0.074168779461975462 0.058749283208989637 0.099434826411777311 -0.11265641035851122 0.00082793021438984978 -0.12001488406611666 0.024018207579341894 -0.18090917956457542 0.086396637689618971 -0.11563220362616039 0.021350467764680796 0.030609727328936215 -0.12001328518088808 -0.0021749953361656789 0.0083394814746501639 -0.012777510056850145
leaf_weight=28.571794261224568 62.367731726371858 13.426475487183778 4.7756610517390063 464.3169313838589 10.488502935739232 8.426454321946947 7.1515850271098342 5.6270267567597356 9.4403689666651172 4.310561866965144 5.5224795029498628 3.0655437435489139 3.0319031921681043 9.4713375105056894 21.544126557186246 3.9133863397873938 9.1546719027683121 13.601498849922789 2259.8242992624873 4.840979973319917 26.526709723519161 3.4718186035752323 3.8281356245279303 5.6338761604856682 5.4419088556896895 75.817025735042989 5.6145368178840718 8.4422478117048723 449.39335517177824 109.04534651711583
leaf_count=23514 91434 1596 819 2769 59 37 35 20 36 23 26 30 24 65 166 47 35 154 17874 54 219 24 26 27 37 781 23 32 3050 495
internal_value=0.000379523 0.00154689 0.00102309 0.000936683 -0.00429901 -0.00542535 0.0187205 0.00505871 -0.0277666 0.00956747 0.0341986 0.00184411 0.0286558 0.0367258 0.0538963 -0.00898851 0.0646821 0.00147559 -0.00018845 -0.0364477 -0.0156097 -0.0043537 -0.0453106 -0.0137234 -0.048328 0.00731754 0.00614355 -0.0492418 0.00737103 0.004216
internal_weight=3646.09 3583.72 3555.15 3550.37 524.439 513.95 49.6331 41.2067 19.378 13.7509 21.8287 3025.93 41.0263 37.9608 28.4894 6.94529 14.6772 2984.91 2323.17 63.3449 49.7434 44.9024 18.3757 14.9039 11.0758 661.739 648.313 14.0568 634.256 558.439
internal_count=143531 52097 28583 27764 3040 2981 212 175 79 59 96 24724 332 302 237 71 61 24392 18415 541 387 333 114 90 64 5977 4381 55 4326 3545
is_linear=0
shrinkage=0.1


Tree=157
num_leaves=31
num_cat=0
split_feature=31 31 31 36 12 2 27 25 33 33 32 11 34 34 34 36 11 35 25 32 35 10 4 8 3 36 24 19 19 36
split_gain=13.0985 9.01905 6.38544 2.16304 2.64508 2.25848 2.78448 1.86732 1.76457 11.1126 3.5503 3.77247 4.01283 3.72224 3.72203 4.60617 3.46618 4.6712 8.32134 7.90969 4.25959 3.69007 3.54648 3.2299 6.42796 5.31361 3.14946 4.00649 6.47169 2.91739
threshold=6.4051489207289158 5.6000049957114308 5.4500000000000011 52.738374698234956 3.9276554430766191 167.84217823337818 4.1146271544822337 0.57523483896344307 79.999655539144356 79.000183354759528 111.00098374216505 6.7111536755345407 163.76428329914219 167.00075303394709 158.7469083164369 35.887710346559842 7.9999025157879391 84.997940868534258 0.57110427157832511 131.86679012376854 81.999885033033294 1.9919886098198929 100.30073943930549 8.0018873149110643 48.701853954954409 45.189065235766208 31.510197555809114 230.18447540565208 302.13256004669108 41.700256176170178
decision_type=2 2 2 2 2 2 2 2 2 2 2 2 2 2 2 2 2 2 2 2 2 2 2 2 2 2 2 2 2 2
left_child=1 2 -1 5 -5 6 -3 -6 9 23 11 12 14 -13 15 -10 21 18 20 -20 -18 -12 -19 26 -25 -26 -4 -28 29 -29
right_child=-2 3 8 4 7 -7 -8 -9 10 -11 16 13 -14 -15 -16 -17 17 22 19 -21 -22 -23 -24 24 25 -27 27 28 -30 -31
leaf_value=-0.06669246104538841 -0.066692556610029444 0.066801547091600744 0.0024123566749746743 0.066753375662802913 0.066811130587019707 0.054921919547441994 0.0057895323493195316 -0.069604733630864044 0.094202593347734828 0.11056681348198237 0.091898249696753267 -0.074053131253642143 -0.044679582046979194 0.050050231579716935 0.098045234860164421 -0.061359408679468569 -0.010874296600257863 -0.011107011725771563 -0.021906447605334705 0.11097023629829042 0.07213839418892358 0.002739875598684033 -0.061038199897468226 0.30278911614943166 0.15413587630577502 -0.073191306894180061 0.10413541514213927 0.030627434579622227 0.072052134778955279 -0.069056810012229922
leaf_weight=13.740900701493954 27.780892250826582 8.6025180745637027 1777.1498740378302 24.300205672625456 1.604865573812275 16.696631746948697 57.335201113251969 2.6775683710584417 2.6524199624545854 9.688550277031025 4.6609232935588798 3.0501670828089109 50.95670564705506 11.638440374983473 3.9713944875402367 6.7404594088438898 69.898910387419164 301.42681324901059 6.608531431527811 13.907616653479634 6.7809287736890829 1146.7831196783809 14.929595176363362 1.0504795094020654 1.8252918301150201 2.3546290493104607 6.5575207287911352 4.6122431519906995 10.969673243234864 8.0777780376374704
leaf_count=23514 48378 4288 18582 14519 902 8320 14879 148 14 112 79 47 366 81 25 75 485 1592 37 59 37 6584 80 14 27 58 66 24 82 57
internal_value=0.0017087 0.00223784 0.00134195 0.0302705 0.0539828 0.0220685 0.0137494 -0.0184821 0.00161165 0.00375469 -0.000763786 -0.021446 -0.0318881 0.0242795 0.0168846 -0.0174308 0.000280367 -0.00757244 0.0116016 0.0681688 -0.00353334 0.00310078 -0.0134634 0.00318377 0.0816531 0.0260781 0.00295668 0.0349699 0.0158 -0.0328261
internal_weight=3619.03 3591.25 3480.03 111.217 28.5826 82.6344 65.9377 4.28243 3466.29 1822.29 1644.01 79.0096 64.321 14.6886 13.3643 9.39288 1565 413.552 97.196 20.5161 76.6798 1151.44 316.356 1812.6 5.2304 4.17992 1807.37 30.2172 23.6597 12.69
internal_count=143531 95153 52097 43056 15569 27487 19167 1050 28583 19022 9561 608 480 128 114 89 8953 2290 618 96 522 6663 1672 18910 99 85 18811 229 163 81
is_linear=0
shrinkage=0.1


Tree=158
num_leaves=31
num_cat=0
split_feature=31 31 31 25 25 24 34 32 32 0 35 35 20 34 0 36 6 3 4 32 32 2 34 15 36 23 23 10 33 33
split_gain=57.4707 5.92896 4.37964 2.25138 1.85252 2.48192 1.71235 1.69291 3.63832 3.72813 2.64419 3.51144 1.91769 1.89437 1.6109 1.57005 2.35687 1.66236 1.9692 1.46917 1.42847 2.66848 2.22492 1.39298 1.77203 1.39184 2.22506 1.33181 1.22432 1.20957
threshold=6.1000460646905657 5.6118259625383446 6.4051489207289158 0.53035585057680212 0.55492638194684651 26.387874106225663 178.0003964087517 129.55164074018975 127.97037552820858 70.999717722996209 276.00316721912412 285.00315194300737 66.177355534747832 140.00165605346018 49.91199579279921 38.307425243346273 0.55583141542059111 65.100310895521574 86.700208571367241 93.00399945535824 89.034463651614104 164.40939921370241 152.81831224599333 3.9500176382735046 29.002370547613442 0.72977237609998558 0.34193559223541103 1.9919886098198929 64.250882908562303 94.873634984021777
decision_type=2 2 2 2 2 2 2 2 2 2 2 2 2 2 2 2 2 2 2 2 2 2 2 2 2 2 2 2 2 2
left_child=1 4 25 19 20 7 28 8 10 -10 12 -12 13 27 -8 17 -17 -16 -19 -3 21 -1 -23 -7 -25 26 -2 -6 -5 -9
right_child=2 3 -4 6 5 23 14 29 9 -11 11 -13 -14 -15 15 16 -18 18 -20 -21 -22 22 -24 24 -26 -27 -28 -29 -30 -31
leaf_value=-0.066891688659074897 -0.00023366833133349341 0.060775073978679588 0.066718453465927016 0.016125269473417681 0.17091957939761263 -0.067074979467541984 -0.066725579992597248 -0.06738201325709757 -0.068628089248726376 0.24211921511825207 0.24217917861318183 -0.067475300895080761 0.10223239768370995 -0.067347708664394587 -0.066867175169855728 -0.066740730019347522 0.021298228345431665 0.25729556616506566 0.060382981022248185 -0.050818790036131302 -0.064713059452885843 0.26970459437688027 -0.06745490770659042 0.2102632069261462 -0.066800765795808931 -0.063340270978444718 0.088809278745597298 -0.067137145881327367 -0.064656624227621515 0.02953002979620032
leaf_weight=1.5047334224800573 12.054274646681735 1.2462266822694825 55.523554889950901 2.6172324164072034 0.61512684886110935 22.334964128007417 2.5748488417011712 6.8118539282004331 0.56973525602370401 1.1976852686493655 0.85772922739852109 0.63905806094408035 0.93258876231266263 7.0898107660759706 0.87511646171333524 3.9328784097451743 13.405652448476756 0.57113145169569168 4.5841107422602363 22.118452231574338 131.67870737070916 0.56750047032255668 0.29876319452887401 0.4190516215749075 0.51396469242172316 2.2658172200317486 3.6579724351176983 0.38030103320488706 6.6257742404122837 1.588137410348281
leaf_count=557 4867 412 48378 576 14 4458 2470 941 55 39 12 71 106 1056 420 3355 3513 18 576 20191 44359 37 107 11 411 1249 242 57 4874 99
internal_value=-0.0244075 -0.0484064 0.0528284 -0.0208027 -0.0574864 -0.0396698 -0.00482387 -0.0144642 0.00919632 0.141949 -0.0131182 0.109971 -0.0335487 -0.0492104 0.00834346 0.0166148 0.00132846 0.0605661 0.0821982 -0.0448666 -0.0633279 0.013602 0.153423 -0.0620741 0.0576388 0.00993031 0.0204964 0.0799705 -0.0417826 -0.0490594
internal_weight=310.053 236.551 73.5016 58.5514 178 43.95 35.1867 20.682 12.282 1.76742 10.5146 1.49679 9.01783 8.08524 25.9437 23.3689 17.3385 6.03036 5.15524 23.3647 134.05 2.371 0.866264 23.268 0.933016 17.9781 15.7122 0.995428 9.24301 8.39999
internal_count=143531 88795 54736 36405 52390 7330 15802 2450 1410 94 1316 83 1233 1127 10352 7882 6868 1014 594 20603 45060 701 144 4880 422 6358 5109 71 5450 1040
is_linear=0
shrinkage=0.1


Tree=159
num_leaves=31
num_cat=0
split_feature=31 31 20 5 8 25 19 4 25 25 2 3 2 32 24 24 0 24 18 34 18 2 18 4 35 4 4 24 6 4
split_gain=25.2989 10.7665 1.92251 1.75292 1.87257 5.34061 2.12689 3.57531 5.27478 3.73818 2.74226 3.47571 2.99763 4.73853 2.94942 2.3388 2.13752 2.07297 1.87458 1.85643 4.8771 4.00617 4.05876 4.59494 4.72956 3.68109 3.52445 4.23206 3.22712 3.73563
threshold=5.6000049957114308 5.4500000000000011 52.836653738322788 8.9996338175482613 8.0018873149110643 0.48986471427889183 118.80835657223902 81.889788597714841 0.49791738225302107 0.52038793614087531 154.4164243501298 53.761769190648565 164.72412865884539 103.99967392014766 19.940091866452136 28.067417206384608 68.983071877278363 29.52726257746097 955.82896036740692 235.00264384652891 3586.1948362470907 179.66084408353672 2725.2778831031378 66.001102480520146 110.00460653423687 70.93342442052942 71.804550341152591 21.819072391298015 7.9999628160976615 82.400012155028406
decision_type=2 2 2 2 2 2 2 2 2 2 2 2 2 2 2 2 2 2 2 2 2 2 2 2 2 2 2 2 2 2
left_child=1 -1 3 4 6 -6 7 8 10 -10 11 14 -12 -14 -3 18 17 -17 -9 -8 21 22 23 24 -21 -25 27 -27 -24 -30
right_child=-2 2 -4 -5 5 -7 19 15 9 -11 12 -13 13 -15 -16 16 -18 -19 -20 20 -22 -23 28 25 -26 26 -28 -29 29 -31
leaf_value=0.066715691181302036 -0.066695528168420171 -0.09772141328144246 0.026930702306736155 0.048032222427931419 -0.11913578209382569 0.048673879939701049 0.0012463009664827095 0.070163243316671065 -0.12075242207593327 0.0020547620686200189 0.072981261301911821 -0.183828469267554 -0.13714035144291875 0.076296483750121213 0.076763166308459113 -0.031393724553463821 -0.060985176979876703 0.074229366059498855 -0.003945450537473561 -0.19368476634661252 0.06438951528946063 0.07028485988509979 -0.10544958264750071 0.055589377907087893 0.019668996572721083 -0.19427944139078993 -0.005208180353589764 -0.0033939417548539022 -0.092967264999826979 -0.0041026917052646448
leaf_weight=25.059329215902835 55.406883660754829 1.6241905000060857 28.227778870495968 7.816497196443378 4.4985941285267463 3.278795744292438 3026.9891763475607 20.105330337770287 5.5608137007802707 4.4719187002629042 10.644937866250983 1.2623587660491464 2.0172985922545186 2.1474527381360531 2.4007336322683841 3.0872089725453389 3.6088329451158643 4.6672631339170039 4.1111755797173819 2.5969135810155413 9.6311603821814042 6.4930064156651488 6.6121713535394546 9.8566201385110599 1.7319551603868601 2.1829636988695702 342.87790375202894 2.4820687791798264 6.3570401743054417 18.488244526088238
leaf_count=23514 91434 29 3250 100 39 63 22126 163 39 33 187 11 29 34 42 21 21 44 44 35 57 44 51 101 15 23 1871 17 30 64
internal_value=0.000358649 0.00139908 0.00093747 0.000728881 0.000623534 -0.0483905 0.000732386 0.0185539 -0.00679428 -0.0660132 0.0227688 -0.0390537 0.0448403 -0.0270868 0.00635285 0.0400193 0.00259112 0.0321787 0.057582 0.0003916 -0.00592921 -0.0076237 -0.00891027 -0.00591408 -0.108323 -0.00467369 -0.00638281 -0.0927172 -0.0433633 -0.02684
internal_weight=3626.3 3570.89 3545.83 3517.6 3509.79 7.77739 3502.01 65.7095 30.1297 10.0327 20.097 5.28728 14.8097 4.16475 4.02492 35.5798 11.3633 7.75447 24.2165 3436.3 409.31 399.679 393.186 361.728 4.32887 357.4 347.543 4.66503 31.4575 24.8453
internal_count=143531 52097 28583 25333 25233 102 25131 697 404 72 332 82 250 63 71 293 86 65 207 24434 2308 2251 2207 2062 50 2012 1911 40 145 94
is_linear=0
shrinkage=0.1


Tree=160
num_leaves=31
num_cat=0
split_feature=31 31 31 5 5 5 33 35 35 18 7 36 33 2 4 24 18 3 33 7 35 32 32 35 32 19 19 25 25 35
split_gain=11.419 7.38957 5.57994 2.42623 2.06531 2.28273 2.37566 2.49754 2.05597 1.94586 1.72117 1.71535 1.70112 4.09287 6.00215 4.35583 4.73816 3.62542 3.22107 3.19661 3.02732 2.7977 2.7216 4.85345 4.37972 5.94636 4.35954 5.99492 5.08334 5.05297
threshold=6.4051489207289158 5.6717916998647677 5.4500000000000011 0.21458824667557588 7.7756352364404986 2.294424984465234 70.000184661648078 269.5820066745211 103.00139577212856 1571.1232151183824 3.3244828205164567 38.767407678451484 90.976745278078155 176.60129486023325 90.200015801486259 27.854297269594365 2555.6448672752458 94.202143989288274 90.000047466349045 2.9999957838943483 179.38155334672015 141.92417688633333 121.92047944961088 168.0002394486834 132.00066002733669 324.47998923792903 327.08378446507987 0.58175500443292838 0.50147561789510064 157.00356527887794
decision_type=2 2 2 2 2 2 2 2 2 2 2 2 2 2 2 2 2 2 2 2 2 2 2 2 2 2 2 2 2 2
left_child=1 2 -1 11 5 6 8 -8 9 -5 -9 -3 18 19 20 16 -16 -17 -4 -14 21 -15 23 -21 25 -24 28 -28 29 -26
right_child=-2 3 12 4 -6 -7 7 10 -10 -11 -12 -13 13 14 15 17 -18 -19 -20 22 -22 -23 24 -25 26 -27 27 -29 -30 -31
leaf_value=-0.066689238034606454 -0.066689325535856492 0.0084390266187326299 0.0022768112877277597 -0.049363968379639564 0.066762913497064452 -0.014074967136298289 0.061376857143721701 0.03560179116593392 0.047383294710729086 0.06679232403944757 -0.080370429669925095 0.066751585697951074 0.048057048448801411 -0.0045367284548185919 -0.085041383345489677 0.10635426508525354 0.044820670333006976 -0.01374104895224729 0.096231918791533408 0.10548452848443238 0.12947841231772791 0.11310215488831731 -0.011156650744777683 -0.034187370700149017 -0.0083907859639036231 -0.069879987918290087 0.0021656758785481701 0.07069568864588785 -0.022878906042964942 0.056472357601238587
leaf_weight=12.026460705848875 24.314742667134851 6.5247901584953096 3022.857425674214 8.6230663022724894 8.014070200501008 20.898461083997972 20.131278718938123 2.8466762952739364 5.1490646975580594 1.7318561271531496 2.3248665517894551 22.237404235638678 10.202462275396099 5.5479855679441226 8.7698711588745955 4.8670799363171664 4.1340244741877532 5.198469199705869 3.6532879627775392 5.5363092096522433 6.2549865866312748 3.1805872529512271 49.943799730972387 4.5183396035572514 36.679893833119422 26.33672349806875 90.050565613433719 14.873396028880959 147.64596175937913 17.857275624061003
leaf_count=23514 48378 2103 27954 925 4697 4334 11114 924 2197 845 119 14040 104 43 41 27 29 33 71 26 32 16 261 24 203 133 460 72 724 88
internal_value=0.00160881 0.00207286 0.00130844 0.0290858 0.0190044 0.0128017 0.0265661 0.0454531 -0.0042579 -0.0299369 -0.0165335 0.0535232 0.00154424 -0.00425377 0.0271424 -0.00497661 -0.0434374 0.0443297 0.00239022 -0.00720583 0.0763802 0.0383295 -0.00863886 0.042719 -0.00998577 -0.0314316 -0.00465897 0.0118801 -0.013242 0.0128476
internal_weight=3602.93 3578.62 3480.13 98.4815 69.7193 61.7053 40.8068 25.3028 15.504 10.3549 5.17154 28.7622 3468.11 441.598 37.953 22.9694 12.9039 10.0655 3026.51 403.645 14.9836 8.72857 393.442 10.0546 383.388 76.2805 307.107 104.924 202.183 54.5372
internal_count=143531 95153 53855 41298 25155 20458 16124 12157 3967 1770 1043 16143 30341 2316 221 130 70 60 28025 2095 91 59 1991 50 1941 394 1547 532 1015 291
is_linear=0
shrinkage=0.1


Tree=161
num_leaves=31
num_cat=0
split_feature=31 31 25 15 24 34 33 34 35 0 32 33 10 14 3 11 34 34 36 6 6 19 14 12 21 36 24 34 35 37
split_gain=50.4853 7.76099 3.67496 3.06202 3.2683 2.4346 2.09898 1.99967 3.11652 2.34432 2.40089 2.38152 2.17592 2.01445 1.67616 1.64984 1.59231 1.57794 1.4746 1.5615 2.59269 2.48607 1.70689 1.44224 1.18361 1.01605 0.982819 0.975135 0.964165 1.17831
threshold=5.9391398010207634 6.4051489207289158 0.55362742704479029 1.1395548847860364 26.347182043348891 197.7310653762548 48.279058621723912 239.00263446778385 186.00257332155823 74.456111669774572 129.55164074018975 81.640004022948389 3.9999090474827423 0.82169578116562692 63.900193261304523 2.9916750384456821 143.00089919311782 176.99886045442608 52.738374698234956 6.7188516029697114 1.4469561112096274 359.38931877311012 0.32869256826046223 3.9276554430766191 0.23086406624690678 35.000283534817761 28.566477750585431 180.70537685049609 84.997940868534258 0.27217757278804927
decision_type=2 2 2 2 2 2 2 2 2 2 2 2 2 2 2 2 2 2 2 2 2 2 2 2 2 2 2 2 2 2
left_child=2 18 6 4 7 17 15 9 -9 13 11 16 -10 -4 -14 -1 -11 -5 19 20 21 28 -23 -20 -22 -15 -19 -24 29 -2
right_child=1 -3 3 5 -6 -7 -8 8 12 10 -12 -13 14 25 -16 -17 -18 26 23 -21 24 22 27 -25 -26 -27 -28 -29 -30 -31
leaf_value=0.17305864871316459 -0.066775338030132012 0.066711984580436437 -0.067206592638704529 -0.045727960384057763 -0.065556141721987454 -0.067130057034884241 -0.061019864626242294 -0.067401726884925142 -0.067453016053893408 0.093121486067831313 -0.067383445283724752 0.19781824717332566 0.072947879375531238 0.10986240469673053 0.23119282155359033 -0.067050913276119381 -0.04323613870989975 0.091774091951504821 -0.066735894780491009 -0.066792427115173109 0.069037049393736172 -0.034845206576487674 -0.066798196969312482 0.050999979055064849 -0.056573693893202048 -0.066756657403743688 -0.067236429596086014 0.098816989833403257 -0.051128607549390276 0.077826097356455876
leaf_weight=0.68697588361101114 0.92158228345216242 48.598228064831346 11.731887500558518 1.255634381697744 24.823533240647521 2.1763346862862818 144.51627251933678 1.7834198300261039 0.66786908282665569 1.6494131317012937 2.1268841319251806 0.99828098522266362 1.7593786229263062 1.0499183812644339 1.0803823604946954 0.49048757355194539 1.7811804309603756 4.8459296367364004 4.6398999280063427 2.1974772596149696 9.7557353631709667 1.7594583208556276 0.39327649562619615 1.3411925903637891 0.81265034305397499 0.47221378586255003 0.42260512005304907 3.7031768267625012 7.8306509967660531 1.4504336123936807
leaf_count=37 601 48378 2370 756 7107 1490 65092 390 96 88 596 16 51 29 23 215 430 281 4781 1427 866 1053 248 275 340 339 341 227 5373 215
internal_value=-0.0246661 0.0408965 -0.0514291 -0.0302868 -0.0398275 0.0244585 -0.0599364 -0.0143831 0.040231 -0.0289701 0.0199437 0.0618809 0.0949558 -0.053164 0.133152 0.0730379 0.022324 0.0550106 0.00485098 0.0142271 0.0209135 -0.00440075 0.0475345 -0.040335 0.0593783 0.0550696 0.0790194 0.0829172 -0.0342095 0.0216451
internal_weight=287.722 83.4038 204.319 58.6249 49.9244 8.7005 145.694 25.1008 5.29105 19.8098 6.55576 4.42887 3.50763 13.254 2.83976 1.17746 3.43059 6.52417 34.8055 28.8244 26.627 16.0586 5.85591 5.98109 10.5684 1.52213 5.26853 4.09645 10.2027 2.37202
internal_count=143531 63784 79747 14403 11535 2868 65344 4428 560 3868 1130 534 170 2738 74 252 518 1378 15406 10350 8923 7717 1528 5056 1206 368 622 475 6189 816
is_linear=0
shrinkage=0.1


Tree=162
num_leaves=31
num_cat=0
split_feature=31 31 17 36 0 33 34 34 24 24 24 3 11 36 8 25 2 3 23 35 36 36 35 19 32 36 18 35 34 0
split_gain=22.3755 9.48362 1.85105 1.62211 1.60498 2.66042 2.04989 6.89852 4.18838 5.00448 13.0232 3.63682 1.57945 3.0315 2.80286 1.63563 5.06767 3.84985 4.21672 2.23392 2.6822 6.06215 4.49856 6.50678 4.4363 4.10758 1.85833 3.02469 2.57844 3.06527
threshold=5.6000049957114308 5.4500000000000011 1.998619439161651 88.943561641962518 24.025468460405094 69.96060304742123 178.7737114884099 174.70566833670907 33.445502640196672 19.348202151715537 18.925958707951246 63.900193261304523 8.9996338175482613 42.984036112383428 8.0018873149110643 0.39850792303535865 149.34159418517933 34.68304914690858 7.999647219797331 66.998442521799618 53.000019543440814 62.846332851897621 85.999330582770099 340.53679919492805 106.00004808844436 60.000346314787024 660.19725192978228 126.00071518976129 190.99947454079805 46.999844280054923
decision_type=2 2 2 2 2 2 2 2 2 2 2 2 2 2 2 2 2 2 2 2 2 2 2 2 2 2 2 2 2 2
left_child=1 -1 3 4 5 -3 7 8 9 10 -7 -9 14 -14 15 16 17 18 -6 -18 -21 22 23 24 -22 -24 27 28 29 -17
right_child=-2 2 -4 -5 12 6 -8 11 -10 -11 -12 -13 13 -15 -16 26 19 -19 -20 20 21 -23 25 -25 -26 -27 -28 -29 -30 -31
leaf_value=0.066709744455309611 -0.066692514876511552 0.067649065997460317 0.067613419150565388 0.044692475060222808 0.042356768605801308 0.068388566006772192 0.044275970172759159 -0.043036351999736766 -0.24252796031703025 0.054458585497224821 -0.43788329443146162 -0.3300820185175346 -0.07035325648529428 0.067654946417387007 -0.073938287475671313 0.040392353240396223 0.054145285848736305 -0.16103647923679107 -0.18590040285593623 0.040172960301294636 0.070018612531558555 0.071513912623029668 0.070845291659324003 -0.28284128470508429 -0.13358634753707113 -0.16438921555979852 -9.6342280223492068e-05 0.046925872843788428 0.036813875307404487 -0.051831133447562808
leaf_weight=22.008314088161569 49.112596068785933 9.423072430770846 4.1494461715919888 8.3936488868202996 3.6717389309778801 1.4164377031847846 8.0181090482510609 0.79417827306315192 0.63228391483426172 9.1675952381920052 0.79232337116263796 0.99361716699786484 1.9870668211951832 7.9984699089545757 5.0694793579168609 5.029871399747214 20.025817199610174 2.5228896937333047 1.0381639711558817 15.95926430495456 1.7702612029388527 5.0612858626991502 3.2733003702014685 1.7006183899939058 2.7059184997342527 0.9600163809955119 3372.5408441303298 22.139789830427617 10.510261447168885 12.713505780324338
leaf_count=23514 91434 589 790 175 81 69 274 21 6 358 27 19 38 131 26 55 603 40 6 346 36 114 73 25 33 18 24327 132 77 94
internal_value=0.00034484 0.00126902 0.00086223 0.000783905 0.000679437 0.023246 0.00406548 -0.0193038 0.00798015 0.0219031 -0.11322 -0.20257 0.000477839 0.0401921 0.000364101 0.000472291 0.0170251 -0.0613524 -0.00795602 0.028042 0.0114104 -0.0182591 -0.0619058 -0.116327 -0.0530637 0.0174997 0.000188478 0.0192498 -0.00243734 -0.0256877
internal_weight=3611.58 3562.47 3540.46 3536.31 3527.92 31.2376 21.8145 13.7964 12.0086 11.3764 2.20876 1.7878 3496.68 9.98554 3486.69 3481.62 58.6893 7.23279 4.7099 51.4565 31.4307 15.4714 10.4101 6.1768 4.47618 4.23332 3422.93 50.3934 28.2536 17.7434
internal_count=143531 52097 28583 27793 27618 1363 774 500 460 454 96 40 26255 169 26086 26060 1375 127 87 1248 645 299 185 94 69 91 24685 358 226 149
is_linear=0
shrinkage=0.1


Tree=163
num_leaves=31
num_cat=0
split_feature=31 31 31 5 5 5 33 35 35 36 7 7 8 32 32 35 36 35 36 34 33 4 32 3 35 0 36 10 35 11
split_gain=9.9571 6.09556 4.8731 2.22262 1.90587 1.99847 2.10151 2.26251 1.7624 1.68816 1.6464 33.29 5.85695 4.47074 5.61063 3.40757 5.2804 3.8265 4.17853 4.32603 4.16261 3.68874 4.58432 4.94485 3.98477 3.94385 3.68392 6.48461 3.33985 3.79518
threshold=6.4051489207289158 5.6717916998647677 5.4500000000000011 0.21458824667557588 7.7756352364404986 2.294424984465234 70.000184661648078 269.5820066745211 103.00139577212856 38.767407678451484 1.9991072473805913 1.0000092959755851 7.9747254713304363 120.00000872530545 120.96743654601582 210.00186930857365 42.746526890630726 170.00112546244932 29.90832942958933 202.74033956264529 91.00005576740709 90.300085130149498 119.97852764407439 88.867292316383896 383.01130042645389 38.777319324144869 32.108004863827148 3.9999090474827423 344.24809282344967 7.9999025157879391
decision_type=2 2 2 2 2 2 2 2 2 2 2 2 2 2 2 2 2 2 2 2 2 2 2 2 2 2 2 2 2 2
left_child=1 2 -1 9 5 6 8 -8 -5 -3 11 -4 -13 15 -15 17 21 20 -19 -20 -12 24 23 28 26 -26 -17 -28 29 -23
right_child=-2 3 10 4 -6 -7 7 -9 -10 -11 13 12 -14 14 -16 16 -18 18 19 -21 -22 22 -24 -25 25 -27 27 -29 -30 -31
leaf_value=-0.066686424028607416 -0.066686497621013266 0.0070521164479712961 0.0015196720547310883 -0.028321650275356505 0.066751481781103891 -0.013557979925457209 0.060691407490428111 -0.015863518484239239 0.046115920392000929 0.066742087542055614 -0.0089903709872079154 0.089435543903632231 0.25902592803473828 0.12087672870711411 0.0021614145449356547 0.088874581952176679 -0.022677962570016214 0.1141454448718356 -0.061272221038408292 -0.0051071417415646074 0.096921368305608935 0.056119094653766077 -0.08552879024340132 0.10127757937018252 0.0078738322328571614 0.1480789913682504 0.091436837808058224 -0.021124692616816064 -0.078568279677858108 -0.056957077021762073
leaf_weight=10.525833886727922 21.280875487835146 6.2492788230301839 1126.2539919960545 9.8716907983180118 7.0412713736295691 20.372307887650095 17.976718754507605 4.9162735061254343 4.6926852054893962 19.595198541646823 398.00100355129689 33.403525584144518 2.1686377080623052 3.9902274089399716 1731.8475688758772 7.4459564876742652 36.61392150586471 1.8188978796824802 35.835748649667948 22.215165677596815 3.7458101946394882 8.6836328612407758 5.5169068458490065 5.2504692967049769 3.0007534732576442 6.0538404424441978 6.9979975678725195 19.051548099261709 4.9911625660024574 4.5096319508738807
leaf_count=23514 48378 2103 13276 1770 4697 4334 11114 1043 2197 14040 3976 747 13 109 11193 35 214 8 247 143 20 47 25 34 16 39 47 104 30 18
internal_value=0.00151291 0.0019196 0.00125213 0.0275099 0.01763 0.011649 0.0253586 0.0442512 -0.00433764 0.0523089 0.00145837 0.00452799 0.0997745 -8.84818e-05 0.00243431 -0.00777482 0.0082054 -0.0115176 -0.0351024 -0.0397787 -0.00800287 0.0240198 -0.00351565 0.0157914 0.0427554 0.101614 0.0268446 0.00911404 -0.00889139 0.0174682
internal_weight=3589.92 3568.64 3477.92 90.7154 64.8709 57.8297 37.4574 22.893 14.5644 25.8445 3467.4 1161.83 35.5722 2305.57 1735.84 569.732 108.116 461.617 59.8698 58.0509 401.747 71.5019 28.9518 23.4349 42.5501 9.05459 33.4955 26.0495 18.1844 13.1933
internal_count=143531 95153 53855 41298 25155 20458 16124 12157 3967 16143 30341 14036 760 16305 11302 5003 609 4394 398 390 3996 395 154 129 241 55 186 151 95 65
is_linear=0
shrinkage=0.1


Tree=164
num_leaves=31
num_cat=0
split_feature=31 31 25 15 24 34 32 34 34 35 0 32 14 33 10 18 34 34 6 6 36 14 21 3 25 24 34 34 0 9
split_gain=44.6701 6.91881 3.45589 2.85024 3.11895 2.18414 2.0189 2.32187 1.76089 2.67476 2.18862 2.1478 1.91853 1.8381 1.79817 1.50404 1.40454 1.38225 1.34757 2.4571 2.31454 1.58244 1.17162 1.13787 1.08617 1.33938 1.04275 1.01101 0.997742 3.93243
threshold=5.9391398010207634 6.4051489207289158 0.55362742704479029 1.1395548847860364 26.347182043348891 197.7310653762548 89.034463651614104 152.81831224599333 239.00263446778385 186.00257332155823 74.456111669774572 129.55164074018975 0.82169578116562692 81.640004022948389 3.9999090474827423 1483.9613292549766 143.00089919311782 176.99886045442608 6.7188516029697114 1.4469561112096274 38.767407678451484 0.32869256826046223 0.23086406624690678 63.900193261304523 0.55909682580433551 25.270313727880261 147.91307539540722 180.70537685049609 67.294750415009574 1.9706109266399865
decision_type=2 2 2 2 2 2 2 2 2 2 2 2 2 2 2 2 2 2 2 2 2 2 2 2 2 2 2 2 2 2
left_child=2 18 6 4 8 17 7 15 10 -10 12 13 -4 16 -11 26 -12 -5 19 20 21 -2 -21 -16 -22 -26 -1 -23 -8 -30
right_child=1 -3 3 5 -6 -7 28 -9 9 14 11 -13 -14 -15 23 -17 -18 -19 -20 22 24 27 -24 -25 25 -27 -28 -29 29 -31
leaf_value=0.069292723226139427 -0.018949764820122509 0.066706323834193809 -0.067173500627844759 -0.044267256713031507 -0.065441011065780694 -0.067118032395710195 -0.06479285752565471 -0.066958841920248022 -0.067360269859142979 -0.067409414035217843 0.088553242892765727 -0.067344277720251006 0.054862248845313356 0.17271107212096384 0.068104931756553855 -0.066987502130871263 -0.041625398840477057 0.07623591820526443 -0.066772170834630148 0.059228360891707368 -0.066733580902506417 -0.066785308812367897 -0.05806476192686999 0.19528509750790046 0.050350196006194586 -0.042368192847478975 0.27142983896701928 0.094240287669749179 0.043675806661973453 -0.063639031921156039
leaf_weight=0.4737961700302542 3.0054116996470901 42.536069327266887 10.889348775381226 1.1718420141551158 23.060951163526624 1.9714415872876996 112.74479803291615 1.3445127844170199 1.655985387333202 0.62477801000932265 1.6152096408186474 1.9657238363870417 1.4610841805406387 1.0657432662555946 1.7407075241208079 0.33087356318719674 1.7023129430017432 5.0715266989427619 2.3820270508294916 10.023129241249986 5.9173388628987578 0.43713807099265967 0.93068641156423915 1.1806083415867759 2.4809738664189354 4.1880792768206447 0.55314789287513122 3.6089967440930195 4.3415251152764549 15.993569883139571
leaf_count=43 1355 48378 2370 756 7107 1490 57015 621 390 96 88 596 368 16 51 103 430 622 1906 1182 6439 302 455 23 627 2896 15 244 778 6769
internal_value=-0.0250559 0.0400549 -0.0508023 -0.029699 -0.0392047 0.0246432 -0.059378 0.0261922 -0.013891 0.0375701 -0.0282073 0.0195083 -0.0527364 0.0584583 0.0865713 0.118431 0.021755 0.0536182 0.00567475 0.0113158 -0.00985044 0.0360157 0.0492626 0.119503 -0.035547 -0.00787576 0.178171 0.0768433 -0.0611156 -0.0407274
internal_weight=266.469 75.5099 190.959 55.1773 46.9625 8.21481 135.782 2.70233 23.9015 5.20208 18.6994 6.34899 12.3504 4.38327 3.54609 1.35782 3.31752 6.24337 32.9738 30.5918 19.6379 7.05155 10.9538 2.92132 12.5864 6.66905 1.02694 4.04613 133.08 20.3351
internal_count=143531 63784 79747 14403 11535 2868 65344 782 4428 560 3868 1130 2738 534 170 161 518 1378 15406 13500 11863 1901 1637 74 9962 3523 58 546 64562 7547
is_linear=0
shrinkage=0.1


Tree=165
num_leaves=31
num_cat=0
split_feature=31 31 16 28 36 10 10 10 10 32 35 25 4 34 32 34 9 10 2 24 35 19 0 25 35 35 2 2 31 36
split_gain=19.8287 8.34635 1.72485 1.51363 1.90738 1.56765 19.6908 3.84232 38.6491 4.82683 4.53793 4.41345 4.14231 4.43994 4.28554 4.68104 3.99869 5.71897 6.67809 4.77422 4.28378 3.89733 8.26645 5.7975 4.52335 6.67027 3.98967 5.58609 4.00294 3.58924
threshold=5.6000049957114308 5.4500000000000011 1.9999120663773577 39.199413699730549 33.29955939267159 4.0000495923495549 4.9999488137370776 3.9999090474827423 3.0000501578488548 150.00188802588534 138.00065368177508 0.52749515252551216 70.93342442052942 157.00122414167768 99.874254325978683 158.7469083164369 1.1156797783422292 2.9999970915648553 178.80140699907463 23.505354110019059 431.43135092596009 375.25478656985325 41.998309765545351 0.41765169510844374 80.998615930357587 64.998752960012425 166.50012306703638 165.42944507261629 5.5999934808113094 73.882993215685914
decision_type=2 2 2 2 2 2 2 2 2 2 2 2 2 2 2 2 2 2 2 2 2 2 2 2 2 2 2 2 2 2
left_child=1 -1 3 5 -5 7 -7 8 12 29 11 -11 13 -3 -15 -16 17 18 19 -14 -18 23 -23 26 25 -24 27 28 -17 -9
right_child=-2 2 -4 4 -6 6 -8 9 -10 10 -12 -13 16 14 15 21 20 -19 -20 -21 -22 22 24 -25 -26 -27 -28 -29 -30 -31
leaf_value=0.066704522724165591 -0.066689920319976531 0.051821031629074435 0.064688066672056163 -0.075591980005549328 0.072297511100514689 -0.092281672941165988 -0.00035223685428010138 0.011920093565725732 -0.12167118442288155 -0.040585747962175976 -0.060067493939627861 0.069590552129496455 0.036774050117958111 0.059160263668431412 -0.16588083795335862 -0.061379118211120569 -0.0027139466211655219 0.048268922483735092 -0.1183006665374792 -0.0077727959232479771 0.068980011132821872 0.071087019839517207 -0.042850495446780018 0.033977714304115503 -0.0089779913225494345 -0.25849672236257576 0.050480275988263837 -0.25564879746374009 0.074901188543102237 -0.049602047532443412
leaf_weight=19.318011608615052 43.610005747519608 31.259873449802399 4.2200385630130759 1.0366717842407513 5.4932530075311661 23.663848044816405 1515.0376982168527 594.00560921337456 25.835930443019606 7.3271356697659922 19.079030077438802 7.216962103266269 38.155102980090305 14.026396338129414 1.6818198214750726 12.033729852177204 1039.6892394896131 39.054177762474865 4.3143469053320578 65.118684141663834 8.4015085364226234 4.1361760254949322 2.7937091812491399 42.999909109785222 3.4719254053197801 2.9478898111265153 4.696870196145027 1.2692885831929732 2.6255838079378 9.6367058923933637
leaf_count=23514 91434 653 819 33 742 212 10390 4755 238 43 73 29 259 388 27 186 7962 266 50 343 56 75 37 501 45 24 99 22 54 202
internal_value=0.000329889 0.00115307 0.000794461 0.000718013 0.048819 0.000628793 -0.00176603 0.00248819 -0.000543233 0.00888394 -0.0279919 0.0140851 0.00182995 0.019231 0.00823919 -0.000841254 2.47348e-05 0.0154913 0.00359309 0.0086853 -0.00213925 0.00276468 -0.0463587 0.0130716 -0.0990829 -0.153569 -0.0305134 -0.054396 -0.0369704 0.0109379
internal_weight=3594.16 3550.55 3531.23 3527.01 6.52992 3520.48 1538.7 1981.78 1344.51 637.265 33.6231 14.5441 1318.68 123.943 92.6833 78.6569 1194.73 146.642 107.588 103.274 1048.09 76.9751 13.3497 63.6254 9.21352 5.7416 20.6255 15.9286 14.6593 603.642
internal_count=143531 52097 28583 27764 775 26989 10602 16387 11285 5102 145 72 11047 2111 1458 1070 8936 918 652 602 8018 1043 181 862 106 61 361 262 240 4957
is_linear=0
shrinkage=0.1


Tree=166
num_leaves=31
num_cat=0
split_feature=31 31 31 5 5 5 33 35 36 36 26 26 4 9 36 33 34 34 33 18 19 35 19 10 33 33 2 10 24 31
split_gain=8.68418 4.99859 4.25578 2.06456 1.75966 1.71544 1.68934 1.7433 1.63386 1.61291 1.58897 41.393 7.36642 5.93536 6.93301 5.45921 5.19026 5.36857 5.70444 4.92435 8.7161 7.08027 4.85548 5.39135 5.33335 4.46601 7.13688 5.65908 4.78097 5.26672
threshold=6.4051489207289158 5.6717916998647677 5.4500000000000011 0.21458824667557588 7.7756352364404986 1.4248529255552376 70.000184661648078 269.5820066745211 52.738374698234956 38.767407678451484 1.0000000180025095e-35 0.99883975639068245 66.810156933131069 2.9929295703187844 47.74458889836756 65.99972987764329 148.00200603018996 161.84959058360405 99.002060128335259 2377.1898163263672 373.42894407573328 86.99941833397051 576.70143839226409 5.9998872388027653 56.001023890234727 61.477563215816126 161.50006316065495 3.9999090474827423 29.395235263308908 5.5810059143837512
decision_type=2 2 2 2 2 2 2 2 2 2 2 2 2 2 2 2 2 2 2 2 2 2 2 2 2 2 2 2 2 2
left_child=1 2 -1 9 5 6 -5 -8 -7 -3 13 12 -12 14 22 -16 -17 19 -19 20 21 -18 24 -24 -4 26 27 -15 29 -27
right_child=-2 3 10 4 -6 8 7 -9 -10 -11 11 -13 -14 25 15 16 17 18 -20 -21 -22 -23 23 -25 -26 28 -28 -29 -30 -31
leaf_value=-0.06668395512954664 -0.066684015674734295 0.0066535637291194778 0.11278372069560874 -0.0026310372886690116 0.066741552576856697 -0.020723639373135733 0.059394756928141869 -0.013128719606831867 0.066770948944771119 0.066733835171856548 0.3493439610283316 0.0010763788527864279 0.093488215669581057 0.24501176003759798 -0.031735491752780225 -0.033754231322676978 -0.019806833815660316 0.016586435210344603 -0.033745105338518815 -0.0015537016119737679 0.2450100827513233 0.099381378351065891 0.05378046834534192 -0.074352734575028487 -0.0063343703123265281 -0.061148362264715872 -0.034550370749558766 0.01206518635105453 0.045369503056739285 -0.015706727782527744
leaf_weight=9.2123896751727425 18.625421202625148 6.0292673675576252 3.7781011898769057 13.228318466921335 6.1817640187218776 19.555867669172589 15.277608488453554 4.2327825432876116 2.3957491229521102 17.259649770450778 1.1564877483760927 1979.0862954265322 41.720543333445676 2.4646823729854059 27.424178949207999 21.324089786736295 7.6858376374002608 339.20665471127722 24.119297362980433 11.064901860780081 2.7954384314361951 14.178314853692426 24.416361222625714 3.794046238064765 734.32335382793099 29.803081431891769 4.4451994138071314 1.807812651270069 11.010092830867505 176.87308806425426
leaf_count=23514 48378 2103 36 3789 4697 3545 10599 964 1561 14040 15 19415 1117 28 333 202 79 2149 101 82 13 83 134 17 3912 980 68 25 131 1421
internal_value=0.00142065 0.00177738 0.00119362 0.025858 0.0161702 0.010454 0.0249562 0.0436608 -0.0111747 0.0511797 0.00137421 0.00318237 0.100389 -0.00116379 0.00160811 0.0114935 0.0143136 0.0168822 0.0132452 0.0538719 0.0787417 0.0574835 -0.00416846 0.0365477 -0.00572464 -0.0160283 0.0541547 0.146446 -0.018839 -0.0222595
internal_weight=3574.48 3555.85 3471.69 84.161 60.8721 54.6903 32.7387 19.5104 21.9516 23.2889 3462.48 2021.96 42.877 1440.51 1214.11 447.799 420.375 399.05 363.326 35.7245 24.6596 21.8642 766.312 28.2104 738.101 226.404 8.71769 4.2725 217.686 206.676
internal_count=143531 95153 53855 41298 25155 20458 15352 11563 5106 16143 30341 20547 1132 9794 7141 3042 2709 2507 2250 257 175 162 4099 151 3948 2653 121 53 2532 2401
is_linear=0
shrinkage=0.1


Tree=167
num_leaves=31
num_cat=0
split_feature=31 31 25 15 24 34 32 2 35 10 34 34 7 33 24 24 6 6 36 14 32 18 25 24 21 0 9 19 34 25
split_gain=39.5363 6.18958 3.31911 2.68862 2.98083 1.96012 1.908 1.99405 1.59917 3.01136 2.15521 2.15141 1.50554 1.80197 1.75638 1.27983 1.23376 1.96114 2.01487 1.40546 1.19526 1.15106 1.07556 1.17295 1.01131 1.01121 3.7385 6.37831 2.42496 1.44037
threshold=5.9391398010207634 6.4051489207289158 0.55362742704479029 1.1395548847860364 26.347182043348891 197.7310653762548 89.034463651614104 164.00610905848765 136.00060403936365 3.9999090474827423 190.00029628124184 143.00089919311782 2.2225883047062562 94.873634984021777 25.100567050283459 28.566477750585431 6.7188516029697114 1.4469561112096274 38.767407678451484 0.32869256826046223 110.99995822105198 1476.9961116394234 0.55909682580433551 25.270313727880261 0.23086406624690678 65.887446033823934 1.9706109266399865 122.52307268048567 217.00110788982744 0.53035585057680212
decision_type=2 2 2 2 2 2 2 2 2 2 2 2 2 2 2 2 2 2 2 2 2 2 2 2 2 2 2 2 2 2
left_child=2 16 6 4 8 15 7 -1 11 -10 -11 20 14 -14 -12 -5 17 18 19 -2 -4 -9 -20 -24 -19 -8 27 -27 -29 -30
right_child=1 -3 3 5 -6 -7 25 21 9 10 12 -13 13 -15 -16 -17 -18 24 22 -21 -22 -23 23 -25 -26 26 -28 28 29 -31
leaf_value=-0.066852935082888462 -0.017660785826850767 0.066701371844104296 0.096392976256681973 0.06967085777236115 -0.065249060458360347 -0.067105364664108477 -0.065025262527467528 0.15373345816326339 -0.067134985047979628 -0.067105184316033767 -0.067186749773871832 -0.067263711589630168 -0.067184805793456634 0.088014381200384753 0.12063786407887296 -0.067001812084678522 -0.066763810019924416 0.05461615808499224 -0.066728148100808807 0.073680047660794445 -0.066981961466705722 -0.067072117520146565 0.048511747387137649 -0.039628906610066968 -0.057167072824273316 0.75088586856957018 -0.063868181670209953 -0.049005469465929208 -0.067056728560113438 0.12686908487430704
leaf_weight=1.2529604807787103 2.9271856186678731 37.229632517555729 1.4639162042294649 5.2950560460449188 21.475104786048178 1.788441625802079 100.78006496083981 1.1063993221905546 3.6293355015222906 1.5501645718468333 0.56686198859824788 7.902054768812377 1.5666436234605501 1.4318745508207937 4.0903875231742859 0.78699019405757997 2.1424447394674635 9.990250344795637 5.2700803591287677 3.9682434548740275 0.64516018811264064 0.30013398424489413 2.4561005337163806 3.9188141166232526 0.88069168973015699 0.12063181688427249 17.602140619594138 2.7442146182002034 0.47761949707637574 1.9333704842720179
leaf_count=601 1355 48378 46 625 7107 1490 55570 41 850 390 120 2253 362 35 136 753 1906 1182 6439 546 236 140 627 2896 455 33 8028 778 116 37
internal_value=-0.0253293 0.0390848 -0.0501494 -0.028936 -0.0385003 0.0249244 -0.0589143 0.0248904 -0.0133572 0.0100085 0.0404214 -0.0433142 0.0621938 0.00692706 0.0977766 0.051986 0.00650056 0.0118374 -0.00793549 0.0349049 0.0464171 0.106617 -0.0333028 -0.00567044 0.0455602 -0.0607167 -0.0417371 0.0321004 0.0152808 0.0884522
internal_weight=247.293 68.7834 178.51 52.192 44.3215 7.87049 126.318 2.65949 22.8464 12.8353 9.20593 10.0111 7.65577 2.99852 4.65725 6.08205 31.5538 29.4114 18.5404 6.89543 2.10908 1.40653 11.645 6.37491 10.8709 123.658 22.878 5.27584 5.1552 2.41099
internal_count=143531 63784 79747 14403 11535 2868 65344 782 4428 1893 1043 2535 653 397 256 1378 15406 13500 11863 1901 282 181 9962 3523 1637 64562 8992 964 931 153
is_linear=0
shrinkage=0.1


Tree=168
num_leaves=31
num_cat=0
split_feature=31 31 17 36 34 24 18 2 18 27 4 32 6 24 34 24 7 4 4 32 27 2 36 11 36 36 32 19 36 0
split_gain=17.5845 7.33769 1.66935 1.4781 1.59961 5.01493 4.18554 3.30144 3.11151 3.22023 4.74189 5.02124 4.45533 7.44921 5.37529 4.96747 6.50767 4.29107 4.43771 4.02458 4.64158 3.88566 4.83831 3.85517 3.8671 4.70519 4.2288 4.96161 3.6674 4.52603
threshold=5.6000049957114308 5.4500000000000011 1.998619439161651 88.943561641962518 235.00264384652891 18.54093363382022 3765.4182539085996 179.66084408353672 818.618400816301 12.000085134999152 91.106681862771396 124.92349579790684 3.9442395364159473 22.850775694918372 291.04424081531926 23.912984869486952 1.9991072473805913 82.000392589674689 81.300272756800211 104.99957544518917 9.9579121124302432 164.9403510938177 56.486079376483907 4.9999776490670191 56.402521396749655 50.358135699428907 153.00026915984901 444.38362997050046 52.000080685734304 39.998853084363198
decision_type=2 2 2 2 2 2 2 2 2 2 2 2 2 2 2 2 2 2 2 2 2 2 2 2 2 2 2 2 2 2
left_child=1 -1 3 4 -3 -6 7 8 -7 10 11 12 14 -14 -10 16 -15 18 -13 -17 21 22 -21 28 25 26 27 -25 -11 -30
right_child=-2 2 -4 -5 5 6 -8 -9 9 23 -12 17 13 15 -16 19 -18 -19 -20 20 -22 -23 -24 24 -26 -27 -28 -29 29 -31
leaf_value=0.066699883778902638 -0.066687658945569203 0.0013447281682945407 0.067574038773934739 0.043242121996046233 -0.11704709663137716 0.032376823232353573 0.075797736217066897 0.066120768825171983 0.067101095123023743 -0.016825998408147878 -0.02586623552522542 0.011097958226757954 0.02848744681740752 -0.023618621843621793 -0.083997645865144632 -0.10739977092753737 -0.17380556923086773 0.047533201756783418 -0.11736202465806843 0.025089722473158285 0.074090308642360561 -0.094189958538283491 -0.07656420566541762 0.011670066629134189 0.02400291992218995 -0.064779386547255971 -0.084851578564478072 -0.089061717443370214 0.033544957038810601 -0.08630718464069044
leaf_weight=16.940186290419661 38.751608694743481 3085.8445785384974 3.7318618101999155 8.1313884942792338 3.973591729765757 19.528581156337168 6.4437488927505902 6.3485938739031544 13.053971896413712 29.358594049001113 55.684982509934343 28.705444871215153 23.122354924678802 5.8512369400123116 2.87247519660741 4.9255038611590853 5.6913756602443755 43.148300112225115 2.9671717600431284 15.048060948494827 5.4270435720682135 6.5815486903302363 6.7970190201885989 51.317647650372237 27.642435262678191 17.767154343659058 6.2095449571497729 5.4047778258100143 3.6898748446255949 21.568341137142852
leaf_count=23514 91434 25010 790 175 41 109 54 54 359 134 290 184 145 37 21 28 28 218 21 63 19 29 34 255 190 96 24 22 31 122
internal_value=0.000308787 0.00104347 0.000727215 0.000656206 0.000557408 -0.00523924 -0.00416909 -0.00542985 -0.00655879 -0.00854492 -0.000649292 0.00790295 -0.00809795 -0.0184953 0.0398491 -0.0400834 -0.0976721 0.0270154 -0.000936502 -0.0229422 -0.0106541 -0.026833 -0.00653954 -0.0191983 -0.00827766 -0.0193349 -0.00650493 0.00207187 -0.0408613 -0.0687984
internal_weight=3572.53 3533.78 3516.84 3513.11 3504.97 419.129 415.156 408.712 402.363 382.835 219.876 164.192 89.3706 73.4441 15.9264 50.3218 11.5426 74.8209 31.6726 38.7792 33.8537 28.4266 21.8451 162.958 108.342 80.6991 62.932 56.7224 54.6168 25.2582
internal_count=143531 52097 28583 27793 27618 2608 2567 2513 2459 2350 1476 1186 763 383 380 238 65 423 205 173 145 126 97 874 587 397 301 277 287 153
is_linear=0
shrinkage=0.1


Tree=169
num_leaves=31
num_cat=0
split_feature=31 31 31 31 33 2 4 24 18 3 33 7 35 36 18 18 31 1 31 20 29 2 19 2 19 36 7 3 4 2
split_gain=7.57711 4.13535 3.7172 1.90341 1.60236 3.66444 5.13549 3.76479 4.53903 3.64068 2.87455 2.70295 2.66988 2.60694 2.41105 10.5483 6.10594 11.69 10.215 7.01564 5.8312 5.3726 6.26002 6.26012 6.25612 4.85536 5.58331 5.83874 5.78224 5.28873
threshold=6.4051489207289158 5.6717916998647677 5.4500000000000011 5.9391398010207634 90.976745278078155 176.60129486023325 90.200015801486259 27.925818462864523 2555.6448672752458 94.202143989288274 90.000047466349045 2.9999957838943483 179.38155334672015 40.805056167970712 1989.4544486789832 1901.4193688710679 5.5000361346034827 1.9999498421511459 5.5999934808113094 49.021441269523756 1.0000000180025095e-35 168.46719147130605 318.10448295506961 170.20065742246081 303.12680378933413 54.453865033271512 1.9991072473805913 54.20039132641849 93.075473020766623 163.10017488158971
decision_type=2 2 2 2 2 2 2 2 2 2 2 2 2 2 2 2 2 2 2 2 2 2 2 2 2 2 2 2 2 2
left_child=1 2 -1 -3 10 11 12 8 -8 -9 14 13 -7 -6 15 -4 17 -16 -18 -20 21 -17 23 -23 -25 -21 27 -27 -29 -28
right_child=-2 3 4 -5 5 6 7 9 -10 -11 -12 -13 -14 -15 16 20 18 -19 19 25 -22 22 -24 24 -26 26 29 28 -30 -31
leaf_value=-0.066681798364425976 -0.066681855365411075 0.039713939247741969 0.0022597407906348867 0.0085271287507321727 0.10941992937493382 0.035290636477627917 -0.080817739607475791 0.11053403091961918 0.04411042271257614 -0.013549919981547535 0.095136053702581394 -0.0084547131866443605 0.12082365719956295 0.0041560372081191023 -0.070330607725488811 0.023980986145736054 0.097206087492077806 -0.0068892409295008466 -0.069163059691203871 -0.00068631929357972467 -0.080836945937276528 0.22337992853620536 0.023498098265562952 0.039247528638016178 0.19677699653256145 0.14647266648646312 -0.039176867614910765 0.023259673599901942 0.14968194870259 0.01764011217738223
leaf_weight=8.0627939892583509 16.301210902340245 39.797257947735488 1688.0250563427107 38.503951605467591 3.8004773356951755 8.7941956474096497 8.76378909382038 4.3598177290987206 4.3528330510016522 5.1668106350116432 3.3187062776414669 391.49406725831795 6.2381155093316911 6.176154577289708 32.331885193882044 87.092022867233027 11.320428474689832 285.69388232991332 13.789228901790919 709.11299580184277 4.3706068299943572 3.9532730789505939 14.363699809182433 9.7712379622971621 3.397674834355711 5.2724499006872056 20.777680837898515 39.033350788697135 3.9874094198457888 77.459141186729539
leaf_count=23514 48378 25892 15652 15406 32 59 42 25 30 33 71 1991 32 72 1580 793 199 2631 645 4716 102 39 110 83 27 120 239 427 25 566
internal_value=0.00133926 0.00165261 0.00113836 0.0243781 0.00129676 -0.00434651 0.0254727 -0.00460914 -0.0393595 0.0432365 0.00211925 -0.00714486 0.0707852 0.044255 0.00201669 0.00431946 -0.00146208 -0.013339 0.00282648 0.00159761 0.0325984 0.0367795 0.072181 0.113021 0.0798913 0.00273797 0.0193093 0.0471498 0.0349772 0.00562298
internal_weight=3554.88 3538.58 3460.28 78.3012 3452.22 439.146 37.6756 22.6433 13.1166 9.52663 3013.07 401.471 15.0323 9.97663 3009.75 1810.97 1198.78 318.026 880.753 869.432 122.949 118.578 31.4859 17.1222 13.1689 855.643 146.53 48.2932 43.0208 98.2368
internal_count=143531 95153 53855 41298 30341 2316 221 130 72 58 28025 2095 91 104 27954 16806 11148 4211 6937 6738 1154 1052 259 149 110 6093 1377 572 452 805
is_linear=0
shrinkage=0.1


Tree=170
num_leaves=31
num_cat=0
split_feature=31 31 25 6 2 35 18 32 19 34 24 19 8 6 6 36 14 36 25 24 0 9 19 4 3 18 34 21 11 35
split_gain=35.0035 5.57596 3.19329 2.5457 1.89621 1.911 1.88031 1.81526 1.77038 1.75235 1.65048 1.44295 1.30105 1.12628 1.56091 1.72417 1.21415 1.1029 1.06218 1.02426 0.997566 3.38533 2.78995 2.05402 2.62137 0.964203 0.874599 0.874164 0.870627 0.851726
threshold=5.9391398010207634 6.4051489207289158 0.55362742704479029 7.7056124722590136 143.16034958938408 150.0004648291318 1010.9852736542058 89.034463651614104 160.09741583427606 152.81831224599333 26.560293818809733 253.22772251565021 2.7684400963902105 6.7188516029697114 1.4469561112096274 38.767407678451484 0.32869256826046223 51.552036883102097 0.55909682580433551 25.270313727880261 67.294750415009574 1.9706109266399865 122.52307268048567 86.903384434248025 60.807325774565072 1483.9613292549766 180.70537685049609 0.23086406624690678 6.5232252943844324 84.997940868534258
decision_type=2 2 2 2 2 2 2 2 2 2 2 2 2 2 2 2 2 2 2 2 2 2 2 2 2 2 2 2 2 2
left_child=2 13 7 6 5 -5 8 9 -4 25 11 -8 -13 14 15 16 29 -14 -17 28 -9 22 -22 -24 -25 -1 -18 -16 -20 -2
right_child=1 -3 3 4 -6 -7 10 20 -10 -11 -12 12 17 -15 27 18 26 -19 19 -21 21 -23 23 24 -26 -27 -28 -29 -30 -31
leaf_value=0.13977577923266357 0.067213861243322792 0.066697040307094099 -0.066832375064130173 -0.067967769778895723 -0.059016484345045334 0.11319582286484749 -0.066916799867540191 -0.064432569849011287 0.064894564801645002 -0.06696166800336463 -0.058487303173363758 -0.052426065892101519 0.062882008686837729 -0.066756523325350023 0.050316884824572888 -0.066723101143948929 -0.066783701878053783 -0.066860773844065177 0.078399614015069605 -0.03666440297008778 0.38884044946235469 -0.062896539901275361 -0.044253834014150284 0.36358667996342237 0.044682207981574865 -0.066947886217807617 0.08553604528698773 -0.056250606077041909 -0.066892377641177309 -0.051708617276241965
leaf_weight=1.1396536823885974 0.85861958743772548 32.584821990807541 1.255691352707802 1.0256387395493249 23.002061760751531 1.3469233585055915 2.2110762031807116 96.622421643187408 5.4421042838366702 1.1558128347678573 7.2613033957895814 1.7013896901044061 5.2415311881050002 1.9310120182926755 9.97385204187594 4.7012197182921209 0.42212522140471298 0.74879067289293733 1.9028797690989452 3.6997105239424855 0.21628073771717282 13.84129302628571 2.228865755489096 0.31023565545910958 1.5237132268957791 0.28132039034971956 3.5232445343863219 0.83411191409686658 0.52655295410659153 2.0169504682999104
leaf_count=58 93 48378 878 107 3820 37 1444 57015 454 621 5812 751 641 1906 1182 6439 302 459 305 2896 27 6769 586 16 149 103 244 455 322 1262
internal_value=-0.0255479 0.0379604 -0.0495605 -0.0281868 -0.050237 0.0348803 -0.00473868 -0.0585306 0.0401986 0.0244751 -0.0222742 0.0042794 0.0247456 0.00714873 0.0121633 -0.00616239 0.0332199 0.0466642 -0.0309653 -0.00353802 -0.0603947 -0.0388637 0.0388735 0.0202432 0.0986289 0.0988492 0.069239 0.0420925 0.0469092 -0.0161994
internal_weight=229.531 62.9751 166.556 49.2365 25.3746 2.37256 23.8619 117.32 6.6978 2.57679 17.1641 9.90279 7.69171 30.3903 28.4593 17.6513 6.82094 5.99032 10.8304 6.12914 114.743 18.1204 4.2791 4.06281 1.83395 1.42097 3.94537 10.808 2.42943 2.87557
internal_count=143531 63784 79747 14403 3964 144 10439 65344 1332 782 9107 3295 1851 15406 13500 11863 1901 1100 9962 3523 64562 7547 778 751 165 161 546 1637 627 1355
is_linear=0
shrinkage=0.1


Tree=171
num_leaves=31
num_cat=0
split_feature=31 31 16 5 32 33 4 35 35 2 2 25 33 35 34 34 18 18 33 0 34 18 32 35 36 34 19 34 36 36
split_gain=15.7292 6.45437 1.55143 1.44576 1.45481 3.13082 2.93557 4.10751 2.41893 1.97302 2.29961 2.74712 1.67608 5.79977 7.91452 5.68206 5.16517 6.39762 4.51244 4.44731 5.11582 3.99555 4.05604 4.48693 3.95409 3.90239 3.84266 4.73769 3.83087 3.80249
threshold=5.6000049957114308 5.4500000000000011 1.9999120663773577 8.9996338175482613 91.01827667847715 63.000262052035247 69.102637721513986 81.999885033033294 225.13948541872628 152.70011315467039 151.00003179259679 0.39575644081262068 61.999958221051976 116.00121266877871 192.73986619192181 196.77142724755126 2525.5699042390647 2477.5282697377975 62.000653997712064 51.000075902511909 227.00636681565766 955.82896036740692 96.006404224366449 46.001887812461995 50.999506235239117 200.69732062576929 184.53688950873973 210.78061580828611 44.812243104341668 59.000901839398104
decision_type=2 2 2 2 2 2 2 2 2 2 2 2 2 2 2 2 2 2 2 2 2 2 2 2 2 2 2 2 2 2
left_child=1 -1 3 4 5 8 -7 -8 9 10 11 -3 13 14 16 24 17 21 -14 -15 -21 28 -23 -24 -16 -17 -27 -28 -6 -30
right_child=-2 2 -4 -5 12 6 7 -9 -10 -11 -12 -13 18 19 15 25 -18 -19 -20 20 -22 22 23 -25 -26 26 27 -29 29 -31
leaf_value=0.066695948135301747 -0.066685673628879907 -0.10497161689944659 0.064412936500029147 0.045545276290696268 -0.17204686833001531 0.068961233420516119 -0.18823706873210189 0.0026133269741761738 -0.10815432812332966 0.06156454950971918 -0.10362214300449364 0.070664413350672806 0.035939427321837115 0.05891842353718716 -0.2850710405321738 0.0511735457243283 0.062102223140828056 -0.23516962587308884 0.00039271174830103205 0.017443370459850262 -0.080767960553937271 0.038817228456270364 0.072931869090328671 -0.032117617373276022 -0.089966994714054532 0.074856345653411191 -0.1602163787027607 -0.044097362650373256 0.071657332957576592 -0.18022519401087353
leaf_weight=14.869757461885454 34.720820902417472 1.147157102823267 3.8145175905665374 7.1435837717726818 2.9609261092264196 1.7443811611738045 2.0569038577377796 2.4962811700534075 1.0930243995971967 17.617080372525379 1.6737074665725229 3.980873228283599 36.10460654553026 17.321962701738812 1.9241874173749263 3.1203296841122237 9.2389746701810491 1.3261177595704783 3282.9753777730512 23.732513858936731 6.830332225887104 15.278649183223022 4.5420644788537166 38.788331854972057 2.2573882727883756 1.6396108018234397 5.518587357364594 9.6714214232051727 1.8865991472266617 0.87838541041128326
leaf_count=23514 91434 21 819 92 21 56 38 30 10 488 19 75 455 224 16 36 191 26 24468 183 35 288 120 563 28 40 68 111 41 21
internal_value=0.000291896 0.000951872 0.000673256 0.000603887 0.000512103 0.0218004 -0.0413441 -0.0836034 0.0373876 0.0439023 -0.00184453 0.0313741 0.000316728 -0.0101355 -0.0239515 -0.0737566 -0.00790508 -0.0177556 0.000779385 0.0184377 -0.00450537 -0.0132741 -0.00548469 -0.0211059 -0.179746 -0.0515409 -0.0705849 -0.0862838 -0.0930047 -0.00836117
internal_weight=3558.35 3523.63 3508.76 3504.95 3497.81 31.8094 6.29757 4.55319 25.5118 24.4188 6.80174 5.12803 3466 146.916 99.0316 24.1315 74.9 65.6611 3319.08 47.8848 30.5628 64.335 58.609 43.3304 4.18158 19.9499 16.8296 15.19 5.72591 2.76498
internal_count=143531 52097 28583 27764 27672 737 124 68 613 603 115 96 26935 2012 1570 299 1271 1080 24923 442 218 1054 971 683 44 255 219 179 83 62
is_linear=0
shrinkage=0.1


Tree=172
num_leaves=31
num_cat=0
split_feature=31 31 31 5 5 36 5 32 2 18 35 36 19 36 33 33 4 0 2 34 36 34 33 19 2 2 2 25 18 18
split_gain=6.61116 3.30147 3.24693 1.8649 1.57229 1.52852 1.48031 1.72068 2.81029 5.73635 2.86586 2.16924 3.08097 2.67177 2.03122 7.93771 5.86814 4.76312 4.87324 4.91691 5.96089 4.72912 4.15834 3.95297 3.38997 3.02729 2.68627 3.4967 3.16088 4.55415
threshold=6.4051489207289158 5.6717916998647677 5.4500000000000011 0.21458824667557588 7.7756352364404986 38.767407678451484 8.9996338175482613 91.01827667847715 152.70011315467039 818.618400816301 225.13948541872628 48.512444983651669 381.10809826920917 41.650496078218985 70.98901965902904 70.000184661648078 107.22926069673797 31.001136097670699 158.91029105240963 166.69151999338985 52.738374698234956 155.00028727823937 63.294421413131403 179.01783899548323 178.1349939302371 182.72182942084757 144.04980483922671 0.51314279705530641 1336.0919644232042 1559.1153596490055
decision_type=2 2 2 2 2 2 2 2 2 2 2 2 2 2 2 2 2 2 2 2 2 2 2 2 2 2 2 2 2 2
left_child=1 2 -1 5 -5 -3 7 8 11 -10 -11 13 -13 -4 15 16 17 18 19 20 23 22 -22 -9 -19 -20 27 28 -16 -30
right_child=-2 3 6 4 -6 -7 -8 14 9 10 -12 12 -14 -15 26 -17 -18 24 25 -21 21 -23 -24 -25 -26 -27 -28 -29 29 -31
leaf_value=-0.066679906968751576 -0.066679956727037096 0.0046666635925214318 -0.012267532429192913 0.0075580327150086696 0.066727547748600888 0.066723523949846167 -0.044702828337125383 0.22036391297042815 0.2612675332686954 -0.059973998899300419 0.10411172606467385 -0.070619699287504584 0.13202577524445422 0.15570382965125895 -0.033016921978112283 0.10418087817966913 0.15177065233236894 0.0077176899086540381 -0.041311089933984801 -0.025810634788454297 0.21776107644192344 0.30590250765228377 -0.069886413772808395 -0.041781218859247737 -0.053358488495558937 0.13782263321912569 0.00066455597070920285 -0.037135108731912392 0.13709455940414231 -0.018504570630713261
leaf_weight=7.0566127465281161 14.266952607664278 5.5533241221564849 1.6917888768948643 49.343316281156149 4.9405898019904262 13.913204858487005 7.0044646137394002 0.68948347761761652 0.60579024208709853 19.38529846875463 1.1262635188177217 3.1623425234574825 0.98362687230110157 2.1508758657146245 5.8879935045260918 8.156578272872137 2.7143998430110505 680.94432924856665 46.914793304575142 8.8507296521565859 1.0148705980973325 1.595095294062048 0.99560269573703397 3.4712461988674477 9.2105733717908134 0.96276901487726618 2593.3676074312534 39.404304501484148 4.0430430555716157 3.5175495810108259
leaf_count=23514 48378 2103 25 20458 4697 14040 100 17 17 594 12 64 17 28 42 200 14 7605 1180 197 17 25 28 80 171 31 19604 212 25 36
internal_value=0.00125558 0.00153026 0.00108335 0.0224658 0.0129433 0.0490202 0.00122204 0.00131553 -0.0228955 -0.0420073 -0.0509643 0.027625 -0.0225423 0.081752 0.00152208 0.00605862 0.00500187 0.00447396 -0.0215147 0.0251444 0.0832145 0.177327 0.0753157 0.00165942 0.00690259 -0.0377089 0.00020971 -0.0221085 0.0219194 0.0647024
internal_weight=3542.93 3528.66 3454.91 73.7504 54.2839 19.4665 3447.85 3440.85 29.106 21.1174 20.5116 7.98863 4.14597 3.84266 3411.74 765.52 757.364 754.649 64.4946 16.617 7.7663 3.60557 2.01047 4.16073 690.155 47.8776 2646.22 52.8529 13.4486 7.56059
internal_count=143531 95153 53855 41298 25155 16143 30341 30241 757 623 606 134 81 53 29484 9565 9365 9351 1575 364 167 70 45 97 7776 1211 19919 315 103 61
is_linear=0
shrinkage=0.1


Tree=173
num_leaves=31
num_cat=0
split_feature=31 31 25 15 24 32 34 2 35 10 34 34 7 33 24 34 18 34 18 10 6 6 36 14 25 27 3 6 24 34
split_gain=30.7316 5.10741 3.14923 2.51756 2.80958 1.73067 1.68834 1.55982 1.48242 2.7196 1.95542 1.93582 1.20433 1.66673 1.38743 1.0956 1.07526 3.66162 2.07902 1.05788 1.04785 1.35941 1.56258 1.07374 1.0291 0.984264 0.81639 0.813929 0.778744 0.771921
threshold=5.9391398010207634 6.4051489207289158 0.55362742704479029 1.1395548847860364 26.560293818809733 89.034463651614104 197.7310653762548 164.00610905848765 136.00060403936365 3.9999090474827423 143.00089919311782 190.00029628124184 2.2225883047062562 94.873634984021777 25.100567050283459 176.99886045442608 778.73221390000015 135.00044214731199 758.86837813089062 1.5288296652266897 6.7188516029697114 1.4469561112096274 38.767407678451484 0.32869256826046223 0.55909682580433551 8.000093268021244 58.588680816230699 0.27015244678941686 25.066817350043529 180.70537685049609
decision_type=2 2 2 2 2 2 2 2 2 2 2 2 2 2 2 2 2 2 2 2 2 2 2 2 2 2 2 2 2 2
left_child=2 20 5 4 8 7 15 -1 10 -10 19 -11 14 -14 -13 -5 17 18 -7 -4 21 22 23 -2 -24 27 -9 -26 -23 -25
right_child=1 -3 3 6 -6 16 -8 26 9 11 -12 12 13 -15 -16 -17 -18 -19 -20 -21 -22 28 24 29 25 -27 -28 -29 -30 -31
leaf_value=-0.066831393955413571 -0.015160432188329857 0.066693245655419009 0.091520765261169465 -0.042461021716696246 -0.066939942666878832 0.043828050868707148 -0.067069181683272125 0.12781012711328413 -0.067075556300880329 -0.06704937506816562 -0.067177992654781082 -0.067136775025079726 -0.067131897026888473 0.07835970327089703 0.10831214491148118 0.071979149604836007 -0.061720656487425855 -0.066899196062760111 0.35594376339043821 -0.066977699609233929 -0.066750032613236851 0.054729534887686976 -0.066719026500509343 -0.06677524210699258 -0.066735051718834495 -0.066755921209677702 -0.06773788362608571 0.044185268845629483 -0.0088760782420788595 0.081299446477586357
leaf_weight=1.0792220829171122 2.7724256483488814 28.51922837854363 1.4072527412790825 1.015813074161996 17.453249294747366 0.52695186235359814 1.5083586524706332 1.1749969762167891 3.439926590799586 1.5008997677068672 7.3964768457808532 0.50560717124608334 1.4994595173047858 1.6580540490394922 4.152093983895611 4.7406514589383733 103.49624845001381 2.4593937410390936 0.35868388475500979 0.60091962403384958 1.7913798259687599 8.2740182274719682 4.3610812790866458 0.39161467587109688 0.81869968064711418 1.717880776239326 0.26090256191673677 3.4465215358068235 2.5084522161632767 3.4851704665343277
leaf_count=601 1355 48378 86 756 6694 86 1490 108 941 428 2443 120 402 42 152 622 62915 1549 12 227 1906 954 6439 302 827 1664 73 1032 683 244
internal_value=-0.0256022 0.0365007 -0.0486913 -0.027007 -0.036931 -0.0579869 0.0271075 0.0240058 -0.0132967 0.00891115 -0.0434185 0.0369689 0.0569454 0.00926775 0.0892666 0.0517845 -0.0599171 -0.00411503 0.170235 0.0440921 0.00737837 0.0121592 -0.00546302 0.0323589 -0.0297748 -0.00284622 0.0922791 0.0228944 0.0399322 0.0663416
internal_weight=214.322 58.0865 156.235 46.8788 39.6139 109.356 7.26482 2.51512 22.1607 12.756 9.40465 9.31611 7.81521 3.15751 4.6577 5.75646 106.841 3.34503 0.885636 2.00817 29.5672 27.7759 16.9934 6.64921 10.3442 5.9831 1.4359 4.26522 10.7825 3.87679
internal_count=143531 63784 79747 14403 11535 65344 2868 782 4841 2085 2756 1144 716 444 272 1378 64562 1647 98 313 15406 13500 11863 1901 9962 3523 181 1859 1637 546
is_linear=0
shrinkage=0.1


Tree=174
num_leaves=31
num_cat=0
split_feature=31 31 17 11 36 8 19 4 25 25 2 2 32 33 32 19 4 2 37 37 19 3 25 36 34 34 25 4 3 25
split_gain=14.0574 5.68032 1.50308 1.39347 2.64596 2.07741 1.63749 3.0874 4.42941 3.05232 2.41361 2.9502 4.0667 2.66599 2.25214 4.39149 2.50662 1.74335 1.72232 17.2208 3.58491 5.26434 4.74278 4.63159 4.52543 3.85774 3.77781 7.44908 5.96601 4.46599
threshold=5.6000049957114308 5.4500000000000011 1.998619439161651 8.9996338175482613 42.984036112383428 8.0018873149110643 118.80835657223902 81.889788597714841 0.49791738225302107 0.52038793614087531 154.4164243501298 164.72412865884539 103.99967392014766 80.269686604032159 118.97672798603553 89.802275398471792 96.400024174753966 155.10021234354753 0.99994764460092833 0.0030789039529736111 388.86579764291554 52.900257507140516 0.44837051811051692 37.999492104543457 163.76428329914219 130.00127771089319 0.61429784689936973 89.200184287927684 72.500036111568903 0.53690281188359423
decision_type=2 2 2 2 2 2 2 2 2 2 2 2 2 2 2 2 2 2 2 2 2 2 2 2 2 2 2 2 2 2
left_child=1 -1 3 5 -5 6 7 8 10 -10 13 -12 -13 -3 15 17 -16 -9 19 -8 21 -20 -23 24 -24 -22 27 29 -29 -25
right_child=-2 2 -4 4 -6 -7 18 14 9 -11 11 12 -14 -15 16 -17 -18 -19 20 -21 25 22 23 26 -26 -27 -28 28 -30 -31
leaf_value=0.066692431441743347 -0.066683949512392135 0.017289934166654329 0.067504551017378206 -0.061849183054861701 0.066188882696019455 -0.06168071643482597 0.00017996738289283377 -0.12595437683905442 -0.10859792362955729 0.0022216736695501371 0.0728660241536285 -0.12479623430228395 0.075828819914431675 -0.13117276386689222 0.077149210722894629 0.056403165687305794 8.9862306058875659e-05 -0.013426503493659901 0.027236937876249669 -0.10136827272943189 -0.081597887345717823 -0.071754969998730364 0.016034648910246224 0.0023766207810167255 -0.063889558308010908 0.04908540831756486 0.072295096489034247 -0.099757583559340723 0.058945650489362372 0.060977382030133545
leaf_weight=13.064630007604135 31.069622151178919 3.3189667422557312 3.357852008775807 2.0556961877737177 7.5118697108700871 5.3710919269360593 3162.8788408463588 2.4490511594340187 5.7613309884909523 4.3710572985000908 9.7306371673475933 2.1097016725689164 1.9389067678712306 1.9031115528196094 15.786600578343498 6.9338852069340646 5.7619073842652133 3.1445549824275076 65.100024237530306 16.788286031223834 2.4422390928957602 10.488012868911026 10.922281200997533 65.222099230042659 20.161558404564857 30.08695751009509 8.4466747089754772 10.864957942860199 3.02909903647378 16.244011831702664
leaf_count=23514 91434 58 790 38 133 26 24403 12 35 32 161 29 28 14 122 62 35 31 762 302 19 206 71 596 82 268 48 59 41 120
internal_value=0.000285129 0.000876701 0.000631321 0.000567178 0.0386785 0.000462737 0.000558488 0.0165071 -0.00739467 -0.060791 0.0210787 0.0430194 -0.0287155 -0.0368152 0.0369423 0.00322523 0.0565441 -0.0626946 0.00026395 -0.000356196 0.00837832 0.00360345 -0.00697954 -0.00194312 -0.0358057 0.0392739 0.00819666 0.00251904 -0.0651581 0.0140614
internal_weight=3548.32 3517.25 3504.18 3500.82 9.56757 3491.26 3485.88 63.2097 29.1337 10.1324 19.0013 13.7792 4.04861 5.22208 34.076 12.5275 21.5485 5.59361 3422.68 3179.67 243.008 210.479 145.379 134.891 31.0838 32.5292 103.807 95.3602 13.8941 81.4661
internal_count=143531 52097 28583 27793 171 27622 27596 619 357 67 290 218 57 72 262 105 157 43 26977 24705 2272 1985 1223 1017 153 287 864 816 100 716
is_linear=0
shrinkage=0.1


Tree=175
num_leaves=31
num_cat=0
split_feature=31 31 31 5 36 5 33 2 24 35 18 25 3 35 3 2 7 34 36 3 2 34 0 0 2 36 9 27 3 24
split_gain=5.76819 2.86816 2.64275 1.7143 1.43792 1.4369 1.38763 3.45334 5.58522 3.35331 3.56328 3.13053 3.9861 3.47122 3.05498 5.36679 2.99714 3.15032 4.6849 2.72873 3.76148 3.67336 3.23683 7.12363 3.55843 3.19612 3.83999 3.41435 3.10776 3.84413
threshold=6.4051489207289158 5.4500000000000011 5.6717916998647677 0.21458824667557588 38.767407678451484 7.7756352364404986 90.976745278078155 172.07814246173663 20.372692043575935 102.00487427797906 3198.7797528540614 0.55492638194684651 88.867292316383896 152.00036994488352 74.100329513328205 173.80034612800117 2.9999957838943483 259.00014318580241 60.120275969224579 68.856307703337947 164.31074919525324 166.69151999338985 43.999213850051675 46.000869963923158 167.73296347728893 48.67606442049415 2.9929295703187844 15.647784221841063 77.500397657715141 24.689263480680001
decision_type=2 2 2 2 2 2 2 2 2 2 2 2 2 2 2 2 2 2 2 2 2 2 2 2 2 2 2 2 2 2
left_child=1 -1 6 4 -4 -5 -3 16 -9 14 11 13 -13 -11 -10 -16 -8 19 -19 20 21 -18 24 -24 -22 27 -27 -25 29 -21
right_child=-2 2 3 5 -6 -7 7 8 9 10 -12 12 -14 -15 15 -17 17 18 -20 28 22 -23 23 25 -26 26 -28 -29 -30 -31
leaf_value=-0.066678254084626187 -0.066678296050895661 0.001905147958228306 0.0046615831581717981 0.0066315878160832066 0.066717515354827103 0.06672069380625216 0.048000551653863716 0.13957069302385797 -0.089990560387175275 0.072403709055744683 -0.04719359644236043 -0.074859212554064705 0.029492985441016098 0.018099959021966459 0.088858936377696374 -0.054480366250432337 -0.046879770390091509 0.053061740385137814 -0.062206745260844278 0.040165060221210191 0.032695796739740331 -0.0062121687940174418 0.16808846886775089 0.010425649539083223 -0.087516683960821171 0.022629442245147395 -0.091644863615322689 0.096999459952791134 -0.0023771658038187963 -0.044205184717383092
leaf_weight=6.1759637037757775 12.486490668961777 3009.3788916550693 5.3715608039055978 47.361951107799541 12.247707579343112 4.344604405516292 9.0094200553139654 3.3352895128773516 5.9541171573800993 17.023356669116765 7.841327072994317 6.5913726049475363 8.2324646487832052 38.153619183693081 4.1510798948584107 7.0453403508872725 26.976573653519154 15.929878380498851 4.528275037650018 5.8683508852263904 4.6425959988264349 125.72831576562021 3.5466269346652544 11.634303181781439 5.243538711220026 7.7520983248250541 4.7377325202105567 7.4871034943498662 38.38683287211461 67.712240739027038
leaf_count=23514 48378 28025 2103 20458 14040 4697 83 21 32 90 60 27 51 209 21 46 145 72 29 31 25 637 15 51 28 43 36 33 183 348
internal_value=0.00116881 0.00140932 0.00152891 0.02086 0.0477986 0.0116805 0.00114012 -0.00412208 0.0123787 0.00791283 0.0167319 0.0238927 -0.0169069 0.0348539 -0.0321148 -0.00133723 -0.00890557 -0.0104584 0.0275478 -0.0129688 -0.00590588 -0.0133964 0.0194881 0.033703 -0.0310641 0.0186256 -0.0207179 0.0443242 -0.0254429 -0.0374763
internal_weight=3534.88 3522.39 3516.22 69.3258 17.6193 51.7066 3446.89 437.512 98.328 94.9927 77.8421 70.0008 14.8238 55.177 17.1505 11.1964 339.184 330.174 20.4582 309.716 197.749 152.705 45.044 35.1579 9.88613 31.6112 12.4898 19.1214 111.967 73.5806
internal_count=143531 95153 71639 41298 16143 25155 30341 2316 557 536 437 377 78 299 99 67 1759 1676 101 1575 1013 782 231 178 53 163 79 84 562 379
is_linear=0
shrinkage=0.1


Tree=176
num_leaves=31
num_cat=0
split_feature=31 31 25 0 25 0 32 4 3 4 25 27 35 32 18 6 32 6 5 34 8 2 2 0 4 20 18 32 36 4
split_gain=27.3148 6.05284 2.92015 2.41441 3.48668 30.4247 2.51066 1.78925 2.37844 1.50998 1.39472 4.92824 1.46299 1.71709 2.03791 1.66195 1.35238 1.30861 1.48559 1.65279 1.37847 1.28325 1.25599 1.17689 1.1735 1.02144 0.988111 0.976346 0.87205 0.854314
threshold=5.8000013066176885 6.4051489207289158 0.52921901413107109 52.931712297612037 0.52978884845216567 54.419715831504199 130.23415487154276 85.927400545464124 70.96319866486462 76.400452873159864 0.53328981306025802 5.1264275966672042 276.00316721912412 127.21206677262593 1370.5034051483967 0.97424830200036439 89.034463651614104 6.9440117668572752 1.4248529255552376 201.71397721514941 2.1919909496961938 164.40939921370241 150.60047935229821 53.000133890063488 92.959252608508905 53.997686383385918 847.66039853524603 93.00399945535824 46.484432266950783 71.203169883637528
decision_type=2 2 2 2 2 2 2 2 2 2 2 2 2 2 2 2 2 2 2 2 2 2 2 2 2 2 2 2 2 2
left_child=2 17 16 -4 5 -5 7 -6 10 -8 11 -9 13 15 -15 28 21 18 19 20 26 -1 -22 -14 -25 -17 -2 -20 -12 -23
right_child=1 -3 3 4 6 -7 9 8 -10 -11 12 -13 23 14 -16 25 -18 -19 27 -21 22 29 -24 24 -26 -27 -28 -29 -30 -31
leaf_value=-0.066819138484740304 0.05361642366806714 0.066689923729469427 -0.066919735452251106 3.4555200355550455 -0.0586505170004335 -0.066877780932564593 0.062899225348493445 0.6589508808604212 -0.066917903948449889 -0.062826872530118524 0.069423944059248496 0.042864655873730145 0.28627282946128724 0.10579324007021003 -0.067403733104461905 -0.058263406076397552 -0.065575219970683302 -0.066753940011650456 0.15810399078479015 -0.053873036214240333 -0.066880737788192396 0.14151079531600469 0.032421807838930554 -0.067032077657136632 0.1033447745165165 0.062994954814573914 -0.066822342722675399 0.030321254044465087 -0.066774477240810468 -0.067569330194372695
leaf_weight=0.96744388862862196 0.8558777522412172 24.96068681194447 15.873849047726251 0.028007483808322742 4.8083593793853678 0.19702188100200146 1.021837565145687 0.15433183172718301 3.4285071918857275 14.660075609368503 2.5055188754049618 0.81817208035499789 0.26559552841354106 2.7501933557796288 0.90224531872081559 6.1024440730980132 77.045729844699963 2.4755995393206822 0.6307430766755705 5.5405642299156161 1.410073368111626 0.8221136540523728 13.168970404978607 0.52651747548952732 1.7410343787050804 0.78392886128858652 3.3376597122405656 11.498143170814727 0.57868602161761362 0.25637504336191341
leaf_count=583 79 48378 7656 6 1801 116 28 26 1581 4867 433 89 4 133 286 1370 50027 3136 16 7176 1317 78 6369 130 43 165 4175 2774 606 83
internal_value=-0.0257018 0.0282531 -0.0509997 -0.0337761 -0.0210286 0.371525 -0.0231807 -0.00373477 0.00911012 -0.0546345 0.024328 0.140635 0.0173271 0.00435095 0.0630092 -0.0171368 -0.0634444 0.00360073 0.0083801 -0.00588048 0.0082841 0.0167997 0.0228173 0.0871114 0.0637839 -0.0444596 -0.0422415 0.0369664 0.0438692 0.0918089
internal_weight=200.116 63.8783 136.238 57.1463 41.2725 0.225029 41.0474 25.3655 20.5572 15.6819 17.1287 0.972504 16.1562 13.623 3.65244 9.97058 79.0917 38.9176 36.442 24.3131 18.7726 2.04593 14.579 2.53315 2.26755 6.88637 4.19354 12.1289 3.0842 1.07849
internal_count=143531 73420 70111 19340 11684 122 11562 6667 4866 4895 3285 115 3170 2993 419 2574 50771 25042 21906 19116 11940 744 7686 177 173 1535 4254 2790 1039 161
is_linear=0
shrinkage=0.1


Tree=177
num_leaves=31
num_cat=0
split_feature=31 31 20 20 0 36 27 19 33 24 34 32 25 33 36 19 10 19 24 35 35 25 18 36 36 11 18 18 33 34
split_gain=12.58 4.99589 1.4253 1.53294 4.14064 7.81345 10.4898 3.62677 3.25553 1.51986 3.02029 2.79904 3.83891 3.36449 5.62246 3.65215 3.52432 4.92791 2.6129 4.37098 3.91239 4.80815 3.93537 3.8471 4.36617 4.15809 3.59976 3.49249 3.15922 2.82185
threshold=5.6000049957114308 5.4500000000000011 52.836653738322788 99.424750975037384 60.921207012778119 54.99988060034547 11.99989858974922 549.06114706980827 48.279058621723912 27.543149256318411 272.93800650482945 147.00048600295267 0.56117555696738119 93.001327954738159 41.650496078218985 320.63057760012526 2.9999970915648553 217.23228158370281 27.996979712488208 68.999570942283455 184.86519105009822 0.58911742415118695 2608.1531199724573 37.558616644892119 46.000024619376738 1.6901399340541767 1423.5311136634157 1040.4994109449487 81.931470490797849 147.91307539540722
decision_type=2 2 2 2 2 2 2 2 2 2 2 2 2 2 2 2 2 2 2 2 2 2 2 2 2 2 2 2 2 2
left_child=1 -1 9 -4 8 -6 7 -7 -5 -3 11 18 -13 16 -15 -16 -14 -18 20 23 21 22 -11 -20 -25 -26 -27 -23 -29 -21
right_child=-2 2 3 4 5 6 -8 -9 -10 10 -12 12 13 14 15 -17 17 -19 19 29 -22 27 -24 24 25 26 -28 28 -30 -31
leaf_value=0.066689883555429971 -0.066682434361216833 0.0012954443026845959 0.039286711475530089 -0.30109520540877499 0.050092563979563909 0.067121593616332909 -0.76639933252900061 -0.45585649454670601 0.055578497602405179 0.021965971818386918 0.049316414558560756 0.080102146705624128 -0.02551925020801564 -0.11120931609739966 0.048531820862488792 -0.060318142892808159 -0.083051326174170118 0.084334020225991776 -0.16832780046194609 0.037828172691723956 -0.055049171621526685 0.03816166059285539 -0.057061506088831516 0.034743773912312211 0.027465714263542759 -0.1521257890767207 -0.048033620877413065 -0.11258628576015646 -0.0090269606350489116 -0.0033121125009410919
leaf_weight=11.472820953204062 27.836657291994925 2956.0319885402569 18.415082265273671 0.27132289297878642 1.0996717055095362 0.43981447163969267 0.36150587885640562 0.18983885576017201 4.5035842387005687 35.824286630610004 10.192004868527873 8.0833462108857912 7.1848869586829123 5.5117208079900619 8.464368320303036 4.8478205259889355 2.0534936138428739 12.257946825586258 2.1963732764124897 17.578561785630882 27.280034006340429 3.2123832870274809 7.6462084339000276 7.4421755885705378 4.7442669966258135 4.7469610493862993 11.069790559704414 8.8350954948691633 4.4192523816600433 323.44229934108444
leaf_count=23514 91434 22583 2284 7 119 57 25 6 752 206 55 37 36 17 33 22 11 45 10 113 128 18 44 49 32 30 72 56 22 1714
internal_value=0.000277763 0.000808829 0.000592773 0.024251 -0.0160773 -0.133435 -0.337056 -0.090555 0.0353114 0.000420562 -0.0045814 -0.00566522 0.017205 0.00459542 -0.0262738 0.00889258 0.031627 0.0603165 -0.00807995 -0.00442057 -0.0236552 -0.0093665 0.0080655 -0.0408845 -0.0308887 -0.0546448 -0.079274 -0.0553852 -0.0780576 -0.00119146
internal_weight=3537.66 3509.82 3498.35 25.2808 6.86574 2.09083 0.991159 0.629653 4.77491 3473.07 517.033 506.841 48.4036 40.3202 18.8239 13.3122 21.4963 14.3114 458.438 371.22 87.2173 59.9372 43.4705 30.1996 28.0032 20.561 15.8168 16.4667 13.2543 341.021
internal_count=143531 52097 28583 3250 966 207 88 63 759 25333 2750 2695 201 164 72 55 92 56 2494 2020 474 346 250 193 183 134 102 96 78 1827
is_linear=0
shrinkage=0.1


Tree=178
num_leaves=31
num_cat=0
split_feature=31 31 31 0 36 12 27 10 10 18 33 33 32 0 25 35 24 35 35 35 25 35 34 4 24 32 35 34 3 3
split_gain=5.03564 2.50227 2.1415 1.77796 1.54346 2.26372 1.62259 1.37785 11.3429 3.93766 6.34554 4.00202 4.54806 8.86693 3.81373 3.24625 5.23027 4.35013 3.86276 4.02083 3.66139 3.41663 3.40211 3.24493 4.50141 9.26779 3.70482 4.11405 4.02673 4.35681
threshold=6.4051489207289158 5.4500000000000011 5.6000049957114308 49.000898554218161 52.738374698234956 3.9276554430766191 3.8806240660641929 1.000013926316009 1.9919886098198929 2841.4441163196616 72.950043069011173 69.96060304742123 134.99990801586441 75.929012982018506 0.66035273818694962 246.00491489613287 26.387874106225663 204.00170434372819 190.37091642023759 175.00333859064446 0.56630666582830402 293.37280723389568 239.00263446778385 91.30015669686891 24.752348444085605 102.99916980963219 116.00121266877871 158.7469083164369 55.900188366738554 54.382791074473616
decision_type=2 2 2 2 2 2 2 2 2 2 2 2 2 2 2 2 2 2 2 2 2 2 2 2 2 2 2 2 2 2
left_child=1 -1 7 -4 6 -6 -5 9 -9 11 -11 12 14 -14 23 17 22 18 19 -13 -20 -18 -17 24 26 -26 28 -28 29 -3
right_child=-2 2 3 4 5 -7 -8 8 -10 10 -12 15 13 -15 -16 16 21 -19 20 -21 -22 -23 -24 -25 25 -27 27 -29 -30 -31
leaf_value=-0.066676809847441801 -0.066676847166433656 0.021575969862090268 0.061334458041312746 0.066789649677812118 0.066722224384776374 -0.03473454765434477 -0.00075560358430952555 0.093621879041197537 0.0014232164500312884 -0.035111062004350373 0.081571059733669432 -0.010205882571818845 0.21190024223953571 -0.017710118458286087 0.16661665947642856 0.062235037236737151 0.018097991543528282 -0.054701299548378129 -0.0041171287758506236 -0.065285653388149179 0.11744020686783559 -0.090123246580482874 -0.034293357525250992 -0.052534470635547573 0.17705137829172235 -0.004089482845103287 0.084132553132139506 -0.056831091272747394 -0.020929863877459612 0.13117974283882161
leaf_weight=5.4051961974473661 10.928175692941293 16.403093114320658 8.60614608787 3.8656568131409577 9.7844994326005672 2.8367706168210125 44.463901511975564 13.403591330512425 2981.2087253084756 7.3289315657457363 12.802416287828235 257.20203072979348 3.2250717509305096 3.5148325320333242 1.4596562357619394 19.554379725013863 5.6922045184764993 24.529047816060483 5.5491562500828859 13.973577086813746 4.4770798152312636 5.9840776540804654 4.4895148066570973 9.1161360574187693 4.647941012051886 7.199702940764837 2.3865075414069024 15.631144443526862 15.840397157357073 4.6562572569819158
leaf_count=23514 48378 329 9821 3309 11379 914 17633 242 24527 121 127 2030 21 23 8 91 28 111 35 90 24 32 21 87 50 81 31 175 240 59
internal_value=0.00109968 0.00131038 0.00141508 0.0187868 0.0127791 0.0439187 0.00464703 0.00106385 0.00183589 -0.0041238 0.0390923 -0.0061683 0.0133746 0.0921594 0.00650889 -0.0109807 0.0175453 -0.0143135 -0.0107905 -0.0130441 0.0501627 -0.0373652 0.0442111 0.00342904 0.0110703 0.0669738 -0.000990034 -0.0381599 0.0171595 0.0458095
internal_weight=3526.17 3515.24 3509.83 69.557 60.9508 12.6213 48.3296 3440.28 2994.61 445.663 20.1313 425.532 84.0807 6.7399 77.3408 341.451 35.7202 305.731 281.202 271.176 10.0262 11.6763 24.0439 75.8812 66.765 11.8476 54.9174 18.0177 36.8997 21.0594
internal_count=143531 95153 71639 43056 33235 12293 20942 28583 24769 3814 248 3566 1104 44 1060 2462 172 2290 2179 2120 59 60 112 1052 965 131 834 206 628 388
is_linear=0
shrinkage=0.1


Tree=179
num_leaves=31
num_cat=0
split_feature=31 31 25 0 15 24 35 34 10 33 7 4 24 23 32 32 6 5 34 8 2 2 18 22 32 32 36 36 18 7
split_gain=24.6108 5.37837 2.78786 2.26003 2.6797 1.94754 1.80592 1.56943 2.92382 1.92668 2.36736 2.01179 1.57681 1.56418 1.42234 1.30047 1.20394 1.25142 1.49759 1.24405 1.13614 1.12239 0.923662 0.890111 0.850329 0.849999 0.814728 0.759773 1.2857 0.815386
threshold=5.8000013066176885 6.4051489207289158 0.52921901413107109 52.931712297612037 1.086291348606766 26.347182043348891 395.88813684390612 194.72808822162958 3.9999090474827423 72.840079644164703 2.1411396796827638 86.611778986003046 22.750089900562006 0.87885713482600358 155.00184831982781 89.034463651614104 6.9440117668572752 1.4248529255552376 201.71397721514941 2.1919909496961938 150.60047935229821 164.40939921370241 847.66039853524603 0.81249256061280928 164.01557144262543 113.99960496189101 52.738374698234956 39.248253998612377 1571.1232151183824 2.2462372220503797
decision_type=2 2 2 2 2 2 2 2 2 2 2 2 2 2 2 2 2 2 2 2 2 2 2 2 2 2 2 2 2 2
left_child=2 16 15 -4 5 7 -6 13 -9 -10 11 -11 -13 -5 -12 21 17 18 19 22 -21 -1 -2 26 -20 -15 -19 -22 29 -29
right_child=1 -3 3 4 6 -7 -8 8 9 10 14 12 -14 25 -16 -17 -18 23 24 20 27 -23 -24 -25 -26 -27 -28 28 -30 -31
leaf_value=-0.066809751831304401 0.051612029481525691 0.066687020122013746 -0.066903963755382392 -0.063482303729027981 0.024242811579511334 -0.066924225801395065 0.19699562894409339 -0.067007956042285849 -0.067770028519637857 -0.068542059995314972 -0.067178578668155672 0.30401867081009404 0.092984466125089121 0.0938228953982089 0.059067373262017775 -0.065466428112242778 -0.066747945086789967 0.048639271182760485 -0.066757340850508606 -0.066867040899482852 0.060245383402466039 0.083895656739333857 -0.066813071478957251 -0.067004904690650416 0.061950996220040078 -0.066854253642660968 -0.066778694515728307 -0.066983039468597766 -0.066716343167630573 0.045703311171914868
leaf_weight=0.89581375877605651 0.83898523496464372 21.846005511295516 14.744084969162939 8.3656412047566864 3.5383086388756047 10.222494404704774 0.729972579400055 4.1754244229814494 1.6879947712004639 0.73310078590293226 2.1647452334873383 0.38166257031843986 4.8952623193035834 1.0936385508684896 1.5183694557345004 71.581346898659831 2.2385992634808636 10.721983602532413 4.568722799565875 1.3007173530641019 5.323703461996045 1.1022465283167546 3.0633221107127611 0.80107974589918818 0.57827244797954325 0.47104567335918535 0.64859454453107979 0.72837667877320189 1.6641633772233033 5.4226879765337799
leaf_count=583 79 48378 7656 2896 1188 3934 22 1497 554 179 633 9 232 102 101 50027 3136 1667 7063 1317 1100 161 4175 414 113 337 709 1075 2414 1780
internal_value=-0.0258461 0.0271683 -0.050533 -0.03344 -0.0210982 -0.0300492 0.0537874 -0.0152591 0.00456702 0.0308259 0.0479957 0.0866831 0.108248 -0.046318 -0.0151335 -0.0632453 0.0043888 0.00885442 -0.00463056 0.00874521 0.022284 0.0163281 -0.041352 0.0348778 -0.0522968 0.0454513 0.0420557 0.0311097 0.0112625 0.0323596
internal_weight=188.046 59.7452 128.301 54.7217 39.9777 35.7094 4.26828 25.4869 15.5566 11.3811 9.69314 6.01003 5.27692 9.93033 3.68311 73.5794 37.8992 35.6606 23.489 18.342 14.4396 1.99806 3.90231 12.1717 5.147 1.56468 11.3706 13.1389 7.81523 6.15106
internal_count=143531 73420 70111 19340 11684 10474 1210 6540 3205 1708 1154 420 241 3335 734 50771 25042 21906 19116 11940 7686 744 4254 2790 7176 439 2376 6369 5269 2855
is_linear=0
shrinkage=0.1


Tree=180
num_leaves=31
num_cat=0
split_feature=31 31 17 0 32 34 0 34 4 33 35 8 18 33 32 0 19 34 36 27 19 33 33 18 34 19 2 24 0 20
split_gain=11.238 4.38979 1.36948 1.30286 3.94921 3.7032 3.24737 3.00455 7.03071 2.85031 2.79172 2.61232 3.34471 3.0208 2.51766 2.39447 3.67663 5.0136 3.93181 6.02346 3.07716 3.39613 8.68598 4.50912 4.43779 4.09495 5.40994 5.34523 4.37058 3.21828
threshold=5.6000049957114308 5.4500000000000011 1.998619439161651 45.000189413644037 164.01557144262543 274.40099765133289 45.81703977325899 260.10353684772889 90.300085130149498 103.57881468704906 162.00427228574543 3.0004720400429199 621.60087473687793 60.000135707963771 116.99996222422622 42.999750144024269 529.1316655598431 185.67355793832562 66.784556130959118 17.999502555035505 244.27838488134657 68.981727273304713 70.98901965902904 1932.95640225845 183.99995152297166 302.13256004669108 155.20356084816265 27.725019250324049 43.511505941346705 47.840466216229117
decision_type=2 2 2 2 2 2 2 2 2 2 2 2 2 2 2 2 2 2 2 2 2 2 2 2 2 2 2 2 2 2
left_child=1 -1 3 4 5 7 -5 9 14 11 -11 12 -3 -14 -9 -15 18 -18 20 -20 -17 -22 23 24 -23 26 -24 28 -28 -25
right_child=-2 2 -4 6 -6 -7 -8 8 -10 10 -12 -13 13 15 -16 16 17 -19 19 -21 21 22 25 29 -26 -27 27 -29 -30 -31
leaf_value=0.066687141653923018 -0.066681043200666382 0.065190925161384958 0.067460967887089329 -0.087206441204580765 -0.080324833798493797 0.054687311926646248 -0.00066802632420584539 -0.11832040749028994 0.063223571661740183 0.095686880544334774 0.0053580618954889754 -0.079382812082823828 0.029046485953067292 -0.00047951719029856125 -0.0068137202933832497 0.043350176553379291 -0.14228342317708309 0.027876167399780105 0.024042209686573529 -0.14261723618036357 0.066585361386861164 0.076937489568593531 0.073474239385645498 -0.19504407086239689 -0.087873709800497191 0.029824892966112789 0.055970331467194781 -0.15167414458763784 -0.043494924799002355 -0.060869267043327735
leaf_weight=10.063965849636586 24.900307071795396 8.6937462785281223 3.0559596600942305 4.3441624534316352 5.6146804010495535 14.093145497376097 2381.314456120017 7.3833688176237029 4.4276394953485569 6.623771977145223 7.0773359655868262 3.8238107813522211 42.413640097714961 822.59765753516695 2.7900084487628192 38.603208675165661 3.5429440638981751 3.3868022193200886 4.8814585410291311 3.9022426940500736 10.109230636269784 3.1541647887788695 5.7803494282998171 3.3371042371727526 3.389401437016204 69.388374779722653 6.1176959841977867 3.3368420191109172 15.897714076330884 3.8501097525004297
leaf_count=23514 91434 98 790 39 20 111 17051 57 35 33 35 43 870 8103 18 298 27 30 74 29 108 23 31 19 20 412 47 19 114 29
internal_value=0.00026167 0.000737519 0.000547502 0.000488908 0.00332892 0.00375645 -0.000825608 0.00309461 -0.0419616 0.00370949 0.0490273 0.00312163 0.00342141 0.00290688 -0.0877401 0.00179961 0.0122923 -0.0591207 0.0151737 -0.0499978 0.0186864 0.0110305 0.00611486 -0.0684886 -0.00843053 0.0163054 -0.0138269 -0.0337316 -0.0158553 -0.123168
internal_weight=3527.9 3502.99 3492.93 3489.88 1104.22 1098.6 2385.66 1084.51 14.601 1069.91 13.7011 1056.21 1052.38 1043.69 10.1734 1001.28 178.678 6.92975 171.748 8.7837 162.964 124.361 114.252 13.7308 6.54357 100.521 31.1326 25.3523 22.0154 7.18721
internal_count=143531 52097 28583 27793 10703 10683 17090 10572 110 10462 68 10394 10351 10253 75 9383 1280 57 1223 103 1120 822 714 91 43 623 211 180 161 48
is_linear=0
shrinkage=0.1


Tree=181
num_leaves=31
num_cat=0
split_feature=31 31 31 0 35 20 0 0 32 26 26 4 9 9 36 33 34 34 33 18 19 35 19 33 3 36 25 25 18 2
split_gain=4.39651 2.18343 1.77393 1.60846 1.36951 2.06159 1.50748 1.78729 1.50471 1.3377 36.9243 5.41383 5.0367 6.15604 5.87648 5.2137 4.44548 4.57585 4.70329 4.03885 6.7325 5.64478 4.02793 4.39612 4.23222 3.98308 3.98219 5.04513 3.88313 3.86472
threshold=6.4051489207289158 5.4500000000000011 5.6000049957114308 49.000898554218161 249.00305810836116 48.548129444002313 58.346948725763497 49.310579203349683 130.46045500521481 1.0000000180025095e-35 0.99883975639068245 66.810156933131069 2.9929295703187844 2.0003650853920298 47.74458889836756 65.99972987764329 148.00200603018996 161.84959058360405 99.002060128335259 2377.1898163263672 373.42894407573328 86.99941833397051 576.70143839226409 56.001023890234727 74.700550986892424 60.000346314787024 0.4399761572979124 0.44421095194999066 3668.9309178285835 169.53765546679116
decision_type=2 2 2 2 2 2 2 2 2 2 2 2 2 2 2 2 2 2 2 2 2 2 2 2 2 2 2 2 2 2
left_child=1 -1 9 -4 6 -6 7 -5 -8 12 11 -11 13 14 22 -16 -17 19 26 20 21 25 23 -3 28 -18 -19 -28 -24 -14
right_child=-2 2 3 4 5 -7 8 -9 -10 10 -12 -13 29 -15 15 16 17 18 -20 -21 -22 -23 24 -25 -26 -27 27 -29 -30 -31
leaf_value=-0.066675542497377546 -0.066675575477662313 0.099293912419973651 0.060630739120422432 -0.14499779880214655 -0.045005247552197189 0.066791595615202787 -0.0011449749927526177 0.06672348645957954 0.043525316685359805 0.31074273570025379 0.0007988602378100004 0.094388642402648576 -0.0048591927036294447 0.1107670197340849 -0.033357086689317458 -0.032433521241127097 -0.079202341764058659 -0.017622349632154061 -0.031625721268993844 -0.0018227818018735885 0.21087667368449861 0.087607858507678008 0.10200532215340447 -0.0066296747013241371 -0.029659242159504124 0.068071438027329609 0.1160641669993971 0.01644718220678441 0.013997890046010673 -0.031984437726291393
leaf_weight=4.7306032521883017 9.5643027565965877 3.9394889660179606 7.675228487874846 0.41884078289149229 7.923405666719189 2.0831177482032217 28.790630895149661 8.2988837953307648 10.216663747210985 1.1949377832934249 1968.9750185836456 36.027906312257983 138.58949469315121 5.1073108660057178 26.3110158459167 20.900340591324493 4.4546577371656957 34.684058494109195 23.655977204907686 11.051122765580656 3.0151509568095198 14.820163235766811 9.8038295991718822 724.40686313825427 7.836765661253593 3.1244312501512468 5.1715502473525694 300.31838865944883 10.260689295129849 84.582332570513245
leaf_count=23514 48378 35 9821 123 1229 1430 12942 9742 7769 10 18799 487 1480 32 326 198 47 368 100 80 12 80 42 3620 41 30 44 1565 56 1131
internal_value=0.0010318 0.00121638 0.00130805 0.0176222 0.0119044 -0.0217318 0.0189569 0.0565514 0.0105549 0.0009977 0.00266418 0.101334 -0.00133695 0.00121122 0.000746393 0.00982923 0.012527 0.0148745 0.0114896 0.0486462 0.070592 0.0517083 -0.00462835 -0.00605675 0.0326594 -0.0184897 0.0144879 0.0181336 0.0569997 -0.0151397
internal_weight=3517.93 3508.37 3503.64 65.4068 57.7315 10.0065 47.725 8.71772 39.0073 3438.23 2006.2 37.2228 1432.03 1208.86 1203.75 447.507 421.196 400.296 363.83 36.4655 25.4144 22.3993 756.248 728.346 27.9013 7.57909 340.174 305.49 20.0645 223.172
internal_count=143531 95153 71639 43056 33235 2659 30576 9865 20711 28583 19296 497 9287 6676 6644 2850 2524 2326 2077 249 169 157 3794 3655 139 77 1977 1609 98 2611
is_linear=0
shrinkage=0.1


Tree=182
num_leaves=31
num_cat=0
split_feature=31 31 25 0 15 24 32 4 34 10 24 4 35 33 32 33 21 6 34 14 3 23 27 37 7 10 32 34 35 24
split_gain=22.0698 4.76921 2.70244 2.17078 2.41551 1.86674 1.45984 2.10083 1.76846 2.27741 2.06898 1.60332 1.44619 1.30443 1.25829 1.15608 1.13561 1.13042 1.03345 0.96641 1.02837 1.36971 0.989045 0.874971 0.840358 0.776821 0.768734 0.746831 0.735054 0.707684
threshold=5.8000013066176885 6.4051489207289158 0.52921901413107109 52.931712297612037 1.086291348606766 26.347182043348891 130.23415487154276 85.927400545464124 194.72808822162958 3.9999090474827423 22.750089900562006 86.100221474128929 395.88813684390612 94.873634984021777 89.034463651614104 72.840079644164703 5.2549600100164158 6.9440117668572752 152.81831224599333 0.91202298035987783 70.500015046060753 0.81206853574511573 4.0002507619988021 0.53370903425163818 2.1411396796827638 5.9998872388027653 139.7736635187033 147.91307539540722 485.03554890341809 25.100567050283459
decision_type=2 2 2 2 2 2 2 2 2 2 2 2 2 2 2 2 2 2 2 2 2 2 2 2 2 2 2 2 2 2
left_child=2 16 14 -4 5 6 7 -5 11 -10 -11 -9 -6 -8 18 -12 17 19 27 20 22 -22 -2 26 29 -15 -24 -1 -28 -17
right_child=1 -3 3 4 12 -7 13 8 9 10 15 -13 -14 25 -16 24 -18 -19 -20 -21 21 -23 23 -25 -26 -27 28 -29 -30 -31
leaf_value=-0.06713536139509689 -0.036763272779510074 0.066684480164717785 -0.066890081147020053 -0.057780334666882351 0.023090672106476196 -0.066908628045251967 -0.067036087408337691 0.14338342295508946 -0.066993389488140334 0.32211647419600942 -0.06704119015090175 -0.050515008173647541 0.17446935418835674 -0.067467378020571331 -0.065351062886104413 0.024073577930317558 -0.066813683072750596 -0.066741860828794172 -0.066930455651939127 -0.042940345071682054 -0.066744228011021825 0.047024010403596266 0.044002869810554304 -0.038127089091599897 -0.067270536579865689 0.06560225484632537 -0.066942283056017224 0.12469166932156944 0.077371628275518994 0.11531717966992999
leaf_weight=0.2664599808922492 2.2287576977396446 19.119860517675988 13.69137139712984 4.0226235921290963 3.5201745464146361 9.5405647459265293 6.9986804440704855 0.48551254866469973 1.2445965571387203 0.33775422911276098 0.57513732323423017 3.5057292530400446 0.76895567262545217 0.63912364016869139 66.50020630977815 1.1139896045206112 2.0761068169667842 1.8473976055101946 0.85798992267518759 2.7589029654918695 2.8725658443290731 1.6754947676963636 19.614372295298388 1.6077860177902028 0.34836230806831725 1.3989066937065215 1.2319445351022285 0.85160072598955594 0.49465653335209925 3.5873904478794429
leaf_count=109 2551 48378 7656 1483 1188 3934 2569 21 489 20 207 1229 22 144 50027 119 2419 2881 587 3782 3908 441 6732 1148 109 66 1165 48 15 84
internal_value=-0.025901 0.0262433 -0.0499787 -0.0327394 -0.0204632 -0.0294344 -0.0146959 0.00420623 0.0264725 0.056045 0.0817272 -0.0269283 0.0502299 -0.0465338 -0.0630143 0.0672926 0.00500542 0.00934844 0.0156236 0.0136757 0.0189304 -0.0248323 0.0268357 0.0330123 0.0825925 0.0238718 0.0383718 0.0789748 -0.0255976 0.0936971
internal_weight=175.783 55.5278 120.255 51.7789 38.0875 33.7984 24.2578 15.2211 11.1985 7.20723 5.96263 3.99124 4.28913 9.03671 68.4763 5.62488 36.408 34.3319 1.97605 32.4845 29.7256 4.54806 25.1775 22.9488 5.04974 2.03803 21.341 1.11806 1.7266 4.70138
internal_count=143531 73420 70111 19340 11684 10474 6540 3761 2278 1028 539 1250 1210 2779 50771 519 25042 22623 744 19742 15960 4349 11611 9060 312 210 7912 157 1180 203
is_linear=0
shrinkage=0.1


Tree=183
num_leaves=31
num_cat=0
split_feature=31 31 16 11 36 8 25 3 19 3 18 22 33 32 18 25 4 26 2 4 34 2 34 35 4 2 0 19 19 35
split_gain=10.0243 3.85557 1.34012 1.28256 2.35248 1.68886 1.39745 3.86313 4.37585 5.79329 4.8155 4.15433 2.38262 1.9361 1.51196 2.06534 4.3765 2.59654 2.6834 1.50637 5.27207 5.35514 4.85051 4.61062 5.00301 4.5741 4.35572 4.55069 6.97431 6.11861
threshold=5.6000049957114308 5.4500000000000011 1.9999120663773577 8.9996338175482613 42.984036112383428 8.0018873149110643 0.39850792303535865 42.701258518073352 270.39616943426273 41.615963883668933 1871.7610929364284 8.1805857578887569 92.598911653397877 97.998473070895031 621.60087473687793 0.49214126552307552 79.400274443373007 0.99883975639068245 161.60050404787455 66.411536321182851 256.00858016564206 153.40007348349215 174.70566833670907 88.999800148681132 65.402471828091862 154.99514438655166 35.999139025065851 244.27838488134657 346.31868336713694 84.997940868534258
decision_type=2 2 2 2 2 2 2 2 2 2 2 2 2 2 2 2 2 2 2 2 2 2 2 2 2 2 2 2 2 2
left_child=1 -1 3 5 -5 6 7 8 11 10 -10 -3 -9 -12 15 -8 -17 -18 -19 20 21 -16 25 24 -24 -23 -27 -28 29 -29
right_child=-2 2 -4 4 -6 -7 14 12 9 -11 13 -13 -14 -15 19 16 17 18 -20 -21 -22 22 23 -25 -26 26 27 28 -30 -31
leaf_value=0.066684667921012408 -0.066679708335884741 0.070022700462849877 0.063813969799225254 -0.05412921198914894 0.064960160428607902 -0.054810994147105566 0.067842518886989764 0.035353205671381831 -0.1331716537905713 -0.21956877164082611 -0.065917445656393472 -0.13393650133267218 -0.12131973389005152 0.070378809386731578 0.018492261524709595 -0.06926127395941685 -0.026709508942207413 0.063530174674546497 -0.034578461746652155 0.00026185371426115699 -0.19593102100926282 -0.15378676348597678 0.017629986228859123 0.074656730868043406 -0.1212900358937184 0.045546046901306925 0.036927561761052149 -0.087254800815768779 0.020376315876287604 -0.28157152470822477
leaf_weight=8.8254795518587326 22.238832044869923 5.8571794333402094 3.3403798004728733 2.1569349030032736 7.1816236861050129 5.5426684874109915 7.2752560969674951 41.563795316964388 2.8360919584520143 2.005717592779547 1.4813850289210675 1.2039228444918988 0.99387148441746731 3.5155997422989458 34.572612639982253 5.8553437674418118 6.7233716726768789 15.356111451401377 3.4062561681494108 3292.4986450074939 1.5605342405615363 4.7227396088419509 6.9928553329082224 6.0434398186625904 4.1196365617215633 4.2231652585323927 2.9967591629829249 4.3698051383253169 3.1350377064663917 2.575501590850763
leaf_count=23514 91434 148 819 36 132 26 98 1257 39 24 34 11 9 87 513 37 38 94 27 24451 17 69 126 92 66 121 62 64 56 30
internal_value=0.000246097 0.000672201 0.000504987 0.000444231 0.037454 0.00034467 0.000432876 0.0156316 -0.0248178 -0.0679255 -0.0290962 0.0352475 0.0316943 0.029973 0.000167589 0.0198423 0.00869998 0.0266116 0.0457188 -5.80077e-05 -0.0140417 -0.0101931 -0.0355058 0.00435981 -0.0338706 -0.0665612 -0.0427498 -0.0712643 -0.103428 -0.159313
internal_weight=3515.17 3492.93 3484.11 3480.77 9.33856 3471.43 3465.88 59.4576 16.8999 9.83879 7.83308 7.0611 42.5577 4.99698 3406.43 38.6163 31.3411 25.4857 18.7624 3367.81 75.3121 73.7516 39.1789 17.1559 11.1125 22.023 17.3003 13.0771 10.0803 6.94531
internal_count=143531 52097 28583 27764 168 27596 27570 1609 343 184 160 159 1266 121 25961 294 196 159 121 25667 1216 1199 686 284 192 402 333 212 150 94
is_linear=0
shrinkage=0.1


Tree=184
num_leaves=31
num_cat=0
split_feature=31 31 31 5 36 9 9 33 34 35 36 4 36 2 18 2 32 36 25 3 3 19 25 4 35 36 36 2 33 24
split_gain=3.8393 1.90575 1.45653 1.33155 1.35062 1.29686 16.9911 3.3618 3.26819 4.10238 4.52303 5.15926 4.68695 3.91129 5.00256 4.0484 4.58966 4.26739 3.97738 6.20085 5.00509 5.14912 4.44589 4.06013 4.54667 6.29931 7.18655 4.19445 3.62863 3.35163
threshold=6.4051489207289158 5.4500000000000011 5.6717916998647677 0.21458824667557588 38.767407678451484 1.0001023725258471 1.9939837295098697 111.25000000000001 274.40099765133289 260.00297024621983 47.74458889836756 97.000457838812409 52.000080685734304 153.80011440864348 1658.628262975091 180.11339729041242 115.96531072299368 37.558616644892119 0.50416005955335763 85.573191074841034 62.500033095916699 315.66355486719948 0.51797446264929048 85.100024652001352 96.001040888660455 36.762972667439058 38.224101929854427 169.18277651565683 65.99972987764329 24.817632911045724
decision_type=2 2 2 2 2 2 2 2 2 2 2 2 2 2 2 2 2 2 2 2 2 2 2 2 2 2 2 2 2 2
left_child=1 -1 5 4 -4 8 -7 -8 9 10 13 28 -13 14 -3 18 17 -17 23 20 -20 29 -23 24 -15 -26 27 -27 -12 -22
right_child=-2 2 3 -5 -6 6 7 -9 -10 -11 11 12 -14 15 -16 16 -18 -19 19 -21 21 22 -24 -25 25 26 -28 -29 -30 -31
leaf_value=-0.066674433646380621 -0.066674465801983093 0.07180144720115432 0.00046542715170296944 0.0085138529246169947 0.066707647161752467 0.094003847704457175 0.0014576100978334976 -0.068004938210899396 -0.054250736638480401 0.01457954987718537 -0.044868687496781738 0.0016380994500603072 0.12936490885872587 -0.056074094557977176 -0.050000623500971335 0.20179465239823322 -0.018332968923056928 0.037409332969957763 -0.047138145301054785 -0.055933488349907995 0.021988662048739897 0.057178403341045937 0.0070211314102180599 -0.068171252531791376 -0.055004657147129821 0.025615992547008457 -0.0092931073850073213 0.15265710526485188 0.0053503947982090098 -0.034480141225601536
leaf_weight=4.1401894486334632 8.3706172044330724 11.356619694735857 4.6686597882653578 44.789987221243791 9.0336933933431265 19.907752126338892 2671.8084109033807 6.985616593854501 12.129727024119346 124.8714581267559 15.425705261004621 5.333520098240113 6.2273390149930492 29.448856906499714 4.7959677050821474 2.4602325143059698 7.1103934536222368 4.4098026190185919 20.57310449378565 23.342564609600231 14.381958811311049 23.580293795675971 70.532883786712773 23.098061675729696 23.133401637198403 5.9289246940752474 51.344521994469687 4.6271287295385264 213.91573564169812 39.050102043198422
leaf_count=23514 48378 47 2103 25155 14040 421 25131 32 69 609 230 38 40 305 28 22 61 58 96 136 72 114 309 135 144 35 392 31 1585 201
internal_value=0.000969355 0.00113121 0.00121155 0.016859 0.0441376 0.000945155 0.0019605 0.00127647 -0.00277238 -0.00191105 -0.00534262 0.00525831 0.0704391 -0.0124528 0.0356364 -0.0147172 0.037987 0.0962775 -0.0169566 -0.00763664 -0.000930813 0.00551215 0.0195882 -0.0299264 -0.0222101 -0.0104823 0.00615647 0.0813031 0.00197262 -0.0192808
internal_weight=3506.78 3498.41 3494.27 58.4923 13.7024 3435.78 2698.7 2678.79 737.078 724.949 600.077 240.902 11.5609 359.175 16.1526 343.022 13.9804 6.87004 329.042 191.461 168.118 147.545 94.1132 137.581 114.483 85.034 61.9006 10.5561 229.341 53.4321
internal_count=143531 95153 71639 41298 16143 30341 25584 25163 4757 4688 4079 1893 78 2186 75 2111 141 80 1970 928 792 696 423 1042 907 602 458 66 1815 273
is_linear=0
shrinkage=0.1


Tree=185
num_leaves=31
num_cat=0
split_feature=31 31 25 0 15 24 32 4 34 10 24 4 33 32 35 21 6 33 34 5 36 36 14 37 27 24 33 35 0 20
split_gain=19.7187 4.27171 2.62092 2.07882 2.17556 1.78472 1.33991 1.90983 1.5747 2.02221 2.00473 1.41117 1.24824 1.23954 1.17512 1.05076 1.02255 1.01353 0.937171 0.865849 1.35159 0.904496 0.879992 0.735149 0.704497 0.699192 0.725669 0.705199 1.09052 1.44582
threshold=5.8000013066176885 6.4051489207289158 0.52921901413107109 52.931712297612037 1.086291348606766 26.347182043348891 130.23415487154276 85.927400545464124 194.72808822162958 3.9999090474827423 22.750089900562006 86.100221474128929 94.873634984021777 89.034463651614104 395.88813684390612 5.2549600100164158 6.9440117668572752 72.840079644164703 152.81831224599333 0.21458824667557588 38.767407678451484 38.224101929854427 0.91202298035987783 0.53370903425163818 23.99962200456498 20.962450790934849 67.339154551451159 238.6147053078175 61.646185558074357 46.032871707290731
decision_type=2 2 2 2 2 2 2 2 2 2 2 2 2 2 2 2 2 2 2 2 2 2 2 2 2 2 2 2 2 2
left_child=2 15 13 -4 5 6 7 -5 11 -10 -11 -9 -8 18 -6 16 19 -12 -1 20 21 -2 23 25 -14 26 -21 28 -27 -30
right_child=1 -3 3 4 14 -7 12 8 9 10 17 -13 24 -15 -16 -17 -18 -19 -20 22 -22 -23 -24 -25 -26 27 -28 -29 29 -31
leaf_value=0.075376077184458601 -0.0051348163358120799 0.066682253622189699 -0.066876160279677785 -0.05672687000431087 0.021946076325637359 -0.066893645879396557 -0.067012719869911336 0.1326502505931649 -0.066973134727395731 0.32285428479712108 -0.067017936341150275 -0.04908796877207449 -0.067398755479308084 -0.065227466611478713 0.1562508617540827 -0.066805707895878877 -0.066736978790764692 0.07763189113456094 -0.066910245813212477 0.099971373096317859 -0.066698584205048234 0.12003358484678427 -0.066766442822062413 -0.038471412274838024 0.062248525533560577 -0.047853415731306033 -0.066823965917982467 0.053733749342647734 -0.066842717856938544 0.037898768922375467
leaf_weight=1.1203202173637681 2.2126364858122574 16.733815735322423 12.682313890967633 3.8178824114002081 3.4884555663302299 8.8902606682095193 6.5045368451101222 0.48961706005502348 1.1592799668142104 0.31530915951589111 0.53632425714749832 3.3544901067652972 0.59859515565040045 61.763108973318595 0.80108145979465906 1.9108004788140522 1.6731249485455908 5.0028071352717234 0.78885217136121344 2.1963489441259401 3.0976903302944265 0.7811339774634688 1.0799465712043446 1.6745267556980241 1.3980226803105322 2.494941392302283 0.29598979139700521 5.7330232477979726 1.5064223469234992 10.529565928853115
leaf_count=157 1130 48378 7656 1483 1188 3934 2569 21 489 20 207 1229 146 50027 22 2419 2881 312 587 124 7175 70 1523 1069 64 2876 371 1063 1528 2813
internal_value=-0.0259027 0.0250891 -0.0493918 -0.0320159 -0.0198556 -0.0288024 -0.0141912 0.00410873 0.0255 0.0536937 0.0775878 -0.0259403 -0.0457828 -0.0627744 0.0470278 0.00530818 0.00944924 0.0636262 0.0165847 0.0134828 -0.020391 0.0275241 0.0215712 0.0254761 0.0233797 0.0301816 0.0801628 0.0240343 0.0123167 0.0247893
internal_weight=164.631 51.92 112.711 49.039 36.3567 32.0671 23.1769 14.6757 10.8578 7.01372 5.85444 3.84411 8.50115 63.6723 4.28954 35.1862 33.2754 5.53913 1.90917 31.6022 6.09146 2.99377 25.5108 24.4308 1.99662 22.7563 2.49234 20.264 14.5309 12.036
internal_count=143531 73420 70111 19340 11684 10474 6540 3761 2278 1028 539 1250 2779 50771 1210 25042 22623 519 744 19742 8375 1200 11367 9844 210 8775 495 8280 7217 4341
is_linear=0
shrinkage=0.1


Tree=186
num_leaves=31
num_cat=0
split_feature=31 31 36 24 34 24 18 18 7 22 6 27 32 36 36 33 0 35 33 19 2 4 27 2 33 34 24 0 19 19
split_gain=9.00769 3.38724 1.31841 1.51575 1.34838 3.91094 3.67878 3.53366 3.06946 3.66186 3.40992 4.00791 3.29265 4.03018 4.75479 3.27888 3.758 3.67738 3.73417 3.48758 4.32594 3.49189 6.13046 3.09261 4.22059 2.99215 4.83278 2.90623 3.83271 4.11344
threshold=5.6000049957114308 5.4500000000000011 88.943561641962518 18.212102479873142 235.00264384652891 18.54093363382022 3509.138427789881 2725.2778831031378 2.9999957838943483 8.9991807487128703 1.5027234316087725 15.960402353801506 148.69926820497909 51.782461000503346 53.280802398813854 75.000159006282558 52.000234348958038 169.07496189210789 61.999958221051976 369.70304542278831 149.14953373761071 76.201612296193403 24.941627533463485 168.24717942008442 100.01982341896981 278.38961624404692 24.219362289928938 74.906241191447393 237.35431388082961 222.70608121784241
decision_type=2 2 2 2 2 2 2 2 2 2 2 2 2 2 2 2 2 2 2 2 2 2 2 2 2 2 2 2 2 2
left_child=1 -1 4 -4 -3 -6 7 8 9 10 11 25 13 -10 -15 17 -17 18 -12 20 -18 -22 -23 24 -14 -7 -27 28 29 -16
right_child=-2 2 3 -5 5 6 -8 -9 12 -11 15 -13 23 14 27 16 19 -19 -20 -21 21 22 -24 -25 -26 26 -28 -29 -30 -31
leaf_value=0.066682528232145794 -0.066678638713600594 0.0011059755903412639 -0.12804810915554674 0.053042442743648624 -0.10045794095045579 0.066362869133194224 0.05514124924369207 -0.03786987685678686 0.028863079640687513 0.078840204434963645 -0.078917529232361422 -0.024620389472852014 -0.023007653491268237 -0.10705345388215325 -0.02233045374734962 -0.012540316844589065 0.011123654015826011 -0.032709334346022793 0.025148099166796986 0.015767662138362604 -0.15797316842641002 -0.091643338605224223 0.01829578188747737 -0.094743604302722592 0.066150806125237743 -0.13096765543631134 0.062042451667532687 0.072218766828745992 0.015119422636486676 -0.16405621461609787
leaf_weight=7.743656853970605 20.003672987699247 3054.5341571039753 0.49347344622947176 7.2948970473371446 4.2450139984721309 15.225586677959656 10.262469784996936 31.094868536922149 80.082205262733623 4.4426171832019454 3.7853925283998242 14.656967469258232 30.408315387088805 4.4318006985122329 8.6216611941345018 52.850155199295841 6.5006083998596287 24.600165941752493 38.69729729113169 6.5277184187434605 4.6994023465085766 20.674583930987868 6.7209716001525512 4.5597322639077893 6.4325988630298516 2.2752247543539843 3.0182256774278358 5.152202849276363 22.982608115067706 2.685867467429488
leaf_count=23514 91434 25689 14 170 45 444 92 184 357 45 26 195 135 26 74 232 29 113 213 33 25 104 29 18 30 39 35 35 134 18
internal_value=0.000234174 0.000618172 0.00047108 0.0415685 0.000378841 -0.00496493 -0.00397957 -0.00549212 -0.00277132 -0.0109577 -0.01295 0.0153181 0.00736154 0.0155167 -0.00884414 -0.0189744 -0.0306371 -0.00194126 0.0158754 -0.0518328 -0.0632661 -0.0783332 -0.0646719 -0.0170555 -0.00744016 0.0438466 -0.0209169 0.00219081 -0.00833112 -0.0559945
internal_weight=3505.7 3485.7 3477.96 7.78837 3470.17 415.634 411.389 401.127 370.032 204.675 200.232 35.176 165.357 123.956 43.8741 165.056 97.9734 67.0829 42.4827 45.1233 38.5956 32.095 27.3956 41.4006 36.8409 20.519 5.29345 39.4423 34.2901 11.3075
internal_count=143531 52097 28583 184 28399 2710 2665 2573 2389 1562 1517 713 827 644 287 804 452 352 239 220 187 158 133 183 165 518 74 261 226 92
is_linear=0
shrinkage=0.1


Tree=187
num_leaves=31
num_cat=0
split_feature=31 31 33 3 2 19 27 33 4 0 32 33 33 35 32 2 18 32 24 35 31 31 1 1 8 31 36 19 35 2
split_gain=3.35262 1.66344 1.32063 3.51187 2.6669 1.69816 1.58681 1.56357 4.98127 4.89463 3.42188 3.0614 5.3031 3.75423 3.78424 3.13487 5.15363 3.5817 3.56963 3.00784 2.97559 22.2548 7.42757 6.50596 6.0599 4.57371 4.39289 9.28942 4.27025 5.04184
threshold=6.4051489207289158 5.4500000000000011 54.500508989173404 59.463391945365785 157.41002240993325 485.2180428962414 8.988106285691261 71.972743727671869 107.22926069673797 31.001136097670699 115.00014045588614 72.000031851421937 72.950043069011173 61.997742745720394 99.874254325978683 141.70329284944205 1396.1894268571916 142.50075675658346 21.55534638905678 371.52801978029919 5.5999934808113094 5.5000361346034827 1.9999498421511459 1.1824621369383117 7.9747254713304363 5.6000049957114308 66.514640899342098 268.23301167024181 192.65887367275033 157.30001596377357
decision_type=2 2 2 2 2 2 2 2 2 2 2 2 2 2 2 2 2 2 2 2 2 2 2 2 2 2 2 2 2 2
left_child=1 -1 3 5 6 -3 -5 8 9 -4 -10 13 -13 14 -9 16 -14 18 -18 -15 21 22 -11 26 -23 -25 -22 -28 -24 -30
right_child=-2 2 7 4 -6 -7 -8 11 10 20 -12 12 15 19 -16 -17 17 -19 -20 -21 23 24 28 25 -26 -27 27 -29 29 -31
leaf_value=-0.066673464026724888 -0.066673491121258061 -0.062171076302373535 -0.020345086084172192 0.037145812304978237 -0.017209139347901997 0.043824286990949715 0.18044468812220321 0.12170593770862555 0.19500697376021525 -0.069361728579880988 -0.015311902579572817 0.084291557529582423 -0.077185666638533476 -0.011708739101829303 -0.075641739740486644 0.00081681385220922192 0.22554735291526812 -0.050431314874849698 0.025121300903591166 0.097977859681727689 0.0015404103017826003 0.087910767661432035 0.0057708210918512607 -0.069437129786298221 0.22803251338431574 0.00012323078947412228 -0.080524185873734999 0.11462569308130671 0.018124037640591142 0.090062466864512691
leaf_weight=3.6234530002257079 7.3258901409571981 13.571778134239141 73.796974867989775 1.6519102953898246 4.3412763646920212 1.7009211626136664 1.4519653847091831 1.0429551205597807 2.3045620349294036 12.403888016415292 1.164467364142183 7.57478448486654 12.749075989733685 96.990404500538716 14.21438625291921 2401.5136770031822 1.3291179200750765 3.1903334408998489 2.6812200018903241 2.566194517130497 272.12366193759954 16.185525211098142 436.64632835733937 22.011230774689466 3.8136383965611449 16.566939725977136 3.3323332184227175 9.1011737626686209 39.023469047620893 12.983950615918728
leaf_count=23514 48378 574 2267 29 205 41 23 19 37 703 55 1303 169 1449 294 42426 25 37 50 27 6130 305 4193 1238 15 9408 87 252 183 95
internal_value=0.000904745 0.00104653 0.00111688 -0.022915 0.0333978 -0.0503664 0.10418 0.00127443 0.00480379 0.00435181 0.124408 -4.00811e-06 0.000750205 -0.0159604 -0.0621515 0.000488872 -0.0389882 0.0286421 0.0915471 -0.00888143 0.00651074 0.0111861 0.00705724 -0.00102829 0.114631 -0.0395653 0.00419626 0.0623231 0.00899704 0.0360839
internal_weight=3498.98 3491.65 3488.03 22.7179 7.44515 15.2727 3.10388 3465.31 921.458 917.989 3.46903 2543.85 2429.04 114.814 15.2573 2421.46 19.9497 7.20067 4.01034 99.5566 844.192 521.057 501.058 323.135 19.9992 38.5782 284.557 12.4335 488.654 52.0074
internal_count=143531 95153 71639 872 257 615 52 70767 24968 24876 92 45799 44010 1789 313 42707 281 112 75 1476 22609 5494 5174 17115 320 10646 6469 339 4471 278
is_linear=0
shrinkage=0.1


Tree=188
num_leaves=31
num_cat=0
split_feature=31 31 25 0 15 24 32 4 34 24 2 32 33 27 21 6 10 10 0 2 36 37 3 23 14 35 32 32 18 34
split_gain=17.7499 3.78096 2.56753 2.0122 1.97233 1.71527 1.2547 1.73846 1.3944 2.25819 2.17798 1.19643 1.18146 1.09021 0.982749 0.957205 0.941471 1.10015 0.898656 0.864059 0.830296 0.778051 0.829498 1.45553 1.19891 0.760682 0.680608 0.706126 0.66724 5.59921
threshold=5.8000013066176885 6.4051489207289158 0.52921901413107109 52.931712297612037 1.086291348606766 26.347182043348891 130.23415487154276 85.50007016999389 217.00110788982744 22.817239682969291 150.00011806332068 89.034463651614104 94.873634984021777 8.2255280188125042 5.2549600100164158 6.9440117668572752 3.9999090474827423 5.2394656778819835 74.456111669774572 164.40939921370241 33.29955939267159 0.53370903425163818 70.500015046060753 0.50886432027327289 0.7859666252629659 395.88813684390612 139.7736635187033 138.70408848265168 778.73221390000015 135.00044214731199
decision_type=2 2 2 2 2 2 2 2 2 2 2 2 2 2 2 2 2 2 2 2 2 2 2 2 2 2 2 2 2 2
left_child=2 14 11 -4 5 6 7 -5 10 -10 18 19 -8 25 15 21 -11 -18 -9 -1 -12 22 24 -24 26 -6 27 -2 29 -13
right_child=1 -3 3 4 13 -7 12 8 9 16 20 28 -14 -15 -16 -17 17 -19 -20 -21 -22 -23 23 -25 -26 -27 -28 -29 -30 -31
leaf_value=-0.066795400449361525 0.031869812663712957 0.066680308645197708 -0.066863445229631585 -0.060008655163854334 0.042707006703228245 -0.066879026940724007 -0.066991361288443879 -0.067575974775062608 0.34022283398156167 -0.066992936622270238 0.029570855625859666 0.57048505624219659 0.022525941628671414 -0.067154389577038745 -0.066796143808081618 -0.066731923931356504 0.093594648998391317 -0.067079982482458653 0.10943774453960818 0.071243090028258363 -0.066978645637736825 -0.04402954140978127 -0.066732951743368546 0.041960234827906999 -0.06676411454409302 0.15452921695218366 -0.029497830791051383 0.11129854663893093 -0.066814026502222124 -0.066832199736166525
leaf_weight=0.75765395414782588 19.417962441802974 14.645462652726563 11.801418698960331 3.2522837479336948 2.7958136265515345 8.2791560511686821 6.0650034484715416 0.34336736045952276 0.28495671763084818 0.59671325200179159 1.1930803499271858 0.15470528622972679 1.9478743541403671 0.72890550100419194 1.7620430738170387 1.5520231016998867 2.8301106595608876 0.50168402801500622 1.7409080854995407 1.1294569763267643 3.5144165549281752 2.1660486695909631 2.7980357073683981 2.2012717851175694 1.3165780826820981 0.77752112527377892 1.6936601615016105 1.1877089242188947 56.044408159868908 1.2654763822647508
leaf_count=583 8250 48378 7656 1373 651 3934 2569 81 16 261 145 78 210 552 2419 2881 123 127 65 161 1570 2110 4682 714 2444 7 1399 143 48747 1202
internal_value=-0.0257624 0.024184 -0.0487277 -0.0311739 -0.0190888 -0.0280162 -0.0135687 0.00422552 0.0232081 0.0684006 -0.00482831 -0.0625258 -0.0452303 0.0443028 0.00592999 0.00989329 0.0486838 0.0694011 0.0802762 0.0158222 -0.0425089 0.0137568 0.018131 -0.0188737 0.0259646 0.0670384 0.0314394 0.0364481 -0.0650987 0.00259297
internal_weight=154.746 48.7408 106.005 46.6532 34.8518 30.5496 22.2704 14.2575 11.0052 4.21346 6.79177 59.3517 8.01288 4.30224 34.0953 32.3333 3.92851 3.33179 2.08428 1.88711 4.7075 30.7813 28.6152 4.99931 23.6159 3.57333 22.2993 20.6057 57.4646 1.42018
internal_count=143531 73420 70111 19340 11684 10474 6540 3761 2388 527 1861 50771 2779 1210 25042 22623 511 250 146 744 1715 19742 17632 5396 12236 658 9792 8393 50027 1280
is_linear=0
shrinkage=0.1


Tree=189
num_leaves=31
num_cat=0
split_feature=31 31 28 36 24 34 32 18 25 33 19 36 10 18 18 2 3 3 35 35 33 19 3 34 34 33 9 36 24 36
split_gain=8.21023 2.97419 1.27427 1.78918 1.28457 2.47479 2.42482 3.46121 3.23289 4.49893 4.40121 2.94058 2.71534 2.54402 6.55972 4.47313 3.24925 3.13725 3.63106 4.00037 3.14765 3.07748 3.31224 3.02217 3.47345 2.98548 2.94325 2.79054 7.81422 4.73346
threshold=5.6000049957114308 5.4500000000000011 39.199413699730549 33.29955939267159 27.543149256318411 272.93800650482945 147.00048600295267 967.17695910119244 0.56939097634581248 90.502382600939072 328.37651358518525 43.288061102283216 3.9999090474827423 2957.9823016591495 2766.7239539349525 167.73296347728893 85.573191074841034 90.601129529256085 137.00049630153873 95.999005038058826 92.598911653397877 549.06114706980827 81.603052115559763 168.71054997190342 186.9999036267196 77.987113384388365 2.3124144521610619 38.205052563042287 28.566477750585431 42.449496687684757
decision_type=2 2 2 2 2 2 2 2 2 2 2 2 2 2 2 2 2 2 2 2 2 2 2 2 2 2 2 2 2 2
left_child=1 -1 4 -4 -3 6 13 -8 -9 12 11 -11 -10 14 16 -16 27 18 19 -18 -20 23 -23 -15 -25 -21 -24 28 -6 -29
right_child=-2 2 3 -5 5 -7 7 8 9 10 -12 -13 -14 21 15 -17 17 -19 20 25 -22 22 26 24 -26 -27 -28 29 -30 -31
leaf_value=0.066680674947415045 -0.066677816135837537 0.0011802382855751409 -0.073482340858444392 0.072197024204261606 -0.064083785427370962 0.045688341930184215 -0.058620566889746067 0.080960672549886731 0.0042542384268860261 -0.038022578139100656 -0.073941448703309084 0.067943405289910108 0.09117392318231668 0.097967323409626481 0.003089619390555463 -0.121487080693761 0.071663748892806148 -0.0065818156489443492 0.078918224017265171 -0.11534060191968942 -0.029592886326649578 0.060441809639018233 0.0043036014902420976 -0.055439530665133699 0.03991752505284462 0.00012046881027198266 -0.10218614781224949 0.017546190458478186 1.4301343910029744e-05 -0.014673956811463332
leaf_weight=6.7943699548195573 18.243210667787935 2948.8463543998078 1.0197988650761534 4.8645085610914975 34.369457501918077 9.7447093240916711 5.4680319104809305 8.5232698051258904 6.3141165314009404 4.5722197815775889 8.4293642877601069 6.1295600095763803 8.3431043971795571 6.0501578159164664 4.3301004304084918 8.6203467976301891 4.6502903520595273 45.76303790777456 16.526847051223744 3.4795764372684044 3.1890772976912549 3.6130902445875099 5.0241973702795786 4.9604941461002481 16.613529162015766 6.2835445516975597 5.3690313812112436 60.328864201321267 42.585022635757923 186.70270131062716
leaf_count=23514 91434 24678 34 815 154 61 31 44 27 16 36 30 34 56 31 50 52 377 120 24 15 24 22 38 125 31 38 301 189 1130
internal_value=0.000232149 0.000583162 0.000453768 0.0469496 0.000374804 -0.00422825 -0.00518911 0.0162492 0.0259248 0.0120418 -0.0198976 0.0226706 0.0537302 -0.00742336 -0.00977752 -0.0798337 -0.00753116 0.0105313 0.0334777 -0.0046708 0.0613664 0.0161479 -0.0220355 0.0355081 0.0179922 -0.0410299 -0.0507079 -0.0119852 -0.0286132 -0.00680531
internal_weight=3495.75 3477.51 3470.71 5.88431 3464.83 515.984 506.239 47.7797 42.3116 33.7884 19.1311 10.7018 14.6572 458.459 416.829 12.9504 403.878 79.8924 34.1293 14.4134 19.7159 41.6305 14.0063 27.6242 21.574 9.76312 10.3932 323.986 76.9545 247.032
internal_count=143531 52097 28583 849 27734 3056 2995 218 187 143 82 46 61 2777 2474 81 2393 619 242 107 135 303 84 219 163 55 60 1774 343 1431
is_linear=0
shrinkage=0.1


Tree=190
num_leaves=31
num_cat=0
split_feature=31 31 24 32 0 18 18 32 34 2 3 18 35 35 18 32 4 24 18 0 35 4 24 25 36 33 33 34 25 25
split_gain=2.92834 1.45237 1.28056 2.42107 4.17386 3.41002 7.40294 4.27155 5.32498 4.29353 3.3019 3.51181 4.43826 5.32961 4.2365 6.18867 4.28327 4.77085 4.36202 4.17176 4.37495 4.35707 4.16192 4.74461 4.13253 3.98531 3.92902 3.91006 5.16157 3.90328
threshold=6.4051489207289158 5.4500000000000011 27.543149256318411 141.92417688633333 33.9988963265262 2957.9823016591495 2766.7239539349525 115.96531072299368 163.00019753259346 174.20018733960345 85.573191074841034 1316.4924096793054 78.999452664881446 69.999988600890845 1553.6736647163295 134.26975075006411 91.945839470211212 30.31452588440159 1329.9291432631378 27.009328575640399 162.00427228574543 100.00121744742069 28.067417206384608 0.54699565455309518 33.673513701735295 87.999802677325832 70.98901965902904 153.80476353489576 0.63906006256872772 0.58802066924329643
decision_type=2 2 2 2 2 2 2 2 2 2 2 2 2 2 2 2 2 2 2 2 2 2 2 2 2 2 2 2 2 2
left_child=1 -1 -3 5 -5 6 10 9 -9 -8 11 12 13 29 15 16 17 18 -13 -14 24 25 26 -24 -21 -22 -20 28 -18 -4
right_child=-2 2 3 4 -6 -7 7 8 -10 -11 -12 14 19 -15 -16 -17 27 -19 22 20 21 -23 23 -25 -26 -27 -28 -29 -30 -31
leaf_value=-0.066672615141681491 -0.06667263800461054 0.00022823661982220055 -0.07930138953560828 0.099375233226044135 -0.015924846523749224 -0.019675184136368231 -0.036458108273236665 0.30701938581918709 0.09299765043507062 0.13598224314323465 -0.0094167396965913041 0.22961366888712528 0.17460546231745253 0.15514350337711327 0.012304393803261652 0.10802608288004754 0.20096940196640758 -0.089749431322962869 0.18401438111493229 0.089249974079369243 0.044436984776110106 -0.10069537120188952 -0.014478791536235019 0.15413211467581348 -0.041492590506592805 -0.049147203026989633 -0.084910297928850326 -0.010160511996904709 -0.10496349500828378 0.065517517333054762
leaf_weight=3.1712027206522171 6.4115382746967944 2960.2992275330762 3.0737317180901282 3.2818753640167406 72.438085240777582 39.396931097988272 3.9275948356953432 1.5159761102113405 4.9861259233730379 2.2833108383638319 80.027963616739726 1.9029190510627803 1.1838205104286306 3.6262400342384353 169.04777139096404 11.939745084237073 1.9802983686095132 1.6721435791114334 0.68658907472854425 2.5598570729489429 23.080415056465434 2.9981345573614808 2.3608750237035547 5.693897116871085 43.499678199528717 5.6679607604746698 2.6028033612528816 24.243007087963633 0.76433449611067761 4.7176961596123874
leaf_count=23514 48378 61635 53 48 1172 953 70 26 144 14 1987 15 19 84 3094 148 57 21 29 26 442 68 31 131 768 45 65 381 19 94
internal_value=0.000847093 0.000971326 0.00103294 0.00560384 -0.0109275 0.00841398 0.0111394 0.0862447 0.142897 0.026936 0.00871186 0.0133425 -0.00328132 0.0549962 0.0200853 0.0445128 0.0264172 0.0694158 0.0895068 -0.0117051 -0.0145398 0.0140224 0.0660046 0.104712 -0.0342263 0.0259862 -0.0287781 0.0026468 0.115772 0.00838621
internal_weight=3491.04 3484.63 3481.46 521.16 75.72 445.44 406.043 12.713 6.5021 6.21091 393.33 313.302 90.4075 11.4177 222.894 53.8466 41.9069 14.9192 13.2471 78.9899 77.806 31.7465 11.3442 8.05477 46.0595 28.7484 3.28939 26.9876 2.74463 7.79143
internal_count=143531 95153 71639 10004 1220 8784 7831 254 170 84 7577 5590 1599 231 3991 897 749 292 271 1368 1349 555 256 162 794 487 94 457 76 147
is_linear=0
shrinkage=0.1


Tree=191
num_leaves=31
num_cat=0
split_feature=31 31 25 0 15 24 32 4 34 10 24 32 4 33 27 21 6 33 19 6 36 27 5 0 2 19 36 31 25 32
split_gain=15.8689 3.44899 2.45782 1.9132 1.79315 1.62202 1.17037 1.58666 1.24694 1.61474 1.46165 1.15418 1.14822 1.08581 0.960711 0.910127 0.881243 0.818412 0.806167 0.739161 1.31904 1.30314 1.07374 1.06549 1.13243 1.03423 0.993377 0.793392 0.796306 0.783655
threshold=5.8000013066176885 6.4051489207289158 0.52921901413107109 52.931712297612037 1.086291348606766 26.347182043348891 130.23415487154276 85.927400545464124 194.72808822162958 3.9999090474827423 22.750089900562006 89.034463651614104 86.100221474128929 94.873634984021777 8.2255280188125042 5.2549600100164158 6.9440117668572752 72.840079644164703 229.08640475000001 4.062522679238012 38.767407678451484 11.337147305050204 0.24462192490634174 62.749714459335685 167.73296347728893 318.10448295506961 31.000434981961579 6.1177166078135174 0.5634269189884844 130.23415487154276
decision_type=2 2 2 2 2 2 2 2 2 2 2 2 2 2 2 2 2 2 2 2 2 2 2 2 2 2 2 2 2 2
left_child=2 15 11 -4 5 6 7 -5 12 -10 -11 18 -9 -8 -6 16 19 -12 -1 20 23 22 -22 24 -2 29 -25 28 -24 -21
right_child=1 -3 3 4 14 -7 13 8 9 10 17 -13 -14 -15 -16 -17 -18 -19 -20 25 21 -23 27 26 -26 -27 -28 -29 -30 -31
leaf_value=0.067799321756752837 0.075860428769589677 0.066678605218331605 -0.066850794258804122 -0.054965430268455441 0.06283042429044465 -0.066865196269120838 -0.066971247272061982 0.11831333862843976 -0.066940482231104326 0.27629207773853925 -0.066986210558521941 -0.064969472051880223 -0.047056228475496828 0.019821443986307655 -0.067124294087474098 -0.066787859461592033 -0.066727752493509207 0.06931318071400791 -0.066877734899483385 0.059631956354564898 -0.066694764895016065 -0.066774873243449634 -0.066758386753121124 0.051938309445530899 -0.067055966439085901 -0.067015058934483548 -0.067026749094244942 0.050616370676764999 0.021780141497447815 -0.067106182670231287
leaf_weight=1.1347234028216906 4.9848809857212562 12.817678334482478 10.99644809620804 3.4213824909966268 3.5576895500707897 7.7241533023916409 5.6623671267880118 0.48659297314588768 1.0226826948637606 0.32245050376513962 0.48374957537453145 53.615920815238496 3.0618667012895457 1.9336308246565748 0.67713658859429404 1.6474051990517171 1.4500413514615491 4.9318870540882926 0.73066116160771333 6.8555640374543128 1.815499109274241 3.6458839352999339 1.6220134494506036 1.2457195763709026 0.62381062193890091 0.8317065393202937 1.6078314001206306 3.9536392753943801 2.7180430107691791 0.52525695410440665
leaf_count=239 779 48378 7656 1483 658 3934 2569 21 489 20 207 50027 1229 210 552 2419 2881 312 505 594 4827 5814 2575 192 757 515 1073 1254 1119 243
internal_value=-0.0257944 0.0225582 -0.0482565 -0.0306875 -0.0187403 -0.0276021 -0.0133816 0.0040424 0.0236257 0.0488216 0.0694536 -0.0622792 -0.0243794 -0.0448774 0.042051 0.00569078 0.00943614 0.0571383 0.015047 0.0130655 0.00358978 -0.0155217 0.00296274 0.0346549 0.059965 0.0387001 -0.0150925 0.0182108 -0.0113094 0.0506126
internal_weight=146.108 46.345 99.7633 44.282 33.2856 29.0508 21.3266 13.7306 10.3092 6.76077 5.73809 55.4813 3.54846 7.596 4.23483 33.5273 31.8799 5.41564 1.86538 30.4298 22.2173 13.7551 10.1092 8.46224 5.60869 8.21253 2.85355 8.2937 4.34006 7.38082
internal_count=143531 73420 70111 19340 11684 10474 6540 3761 2278 1028 539 50771 1250 2779 1210 25042 22623 519 744 19742 18390 15589 9775 2801 1536 1352 1265 4948 3694 837
is_linear=0
shrinkage=0.1


Tree=192
num_leaves=31
num_cat=0
split_feature=31 31 8 8 32 9 0 25 24 10 33 36 4 10 24 6 32 36 32 34 21 21 25 19 3 22 11 32 34 36
split_gain=7.49767 2.61286 1.23873 3.53794 3.24448 2.85361 4.04329 3.41213 5.04624 3.39162 4.93044 2.83618 3.87538 2.98356 5.09685 2.62705 1.95648 1.79534 1.7721 1.35996 1.29568 7.2149 3.12505 4.27812 2.6964 2.53159 2.51947 2.97474 5.68589 10.6835
threshold=5.6000049957114308 5.4500000000000011 1.9999927881542103 1.0004103158373872 101.99972925847335 2.9929295703187844 35.999139025065851 0.45955179696368814 20.56070834050114 4.9999488137370776 84.944246921080065 54.782185280273701 79.988978238786061 3.9999090474827423 24.440792604968674 7.9999628160976615 115.96531072299368 88.943561641962518 139.99929640976464 245.00356413439184 8.9991807487128703 1.0004188431925745 0.5926355491677423 302.13256004669108 60.230872350931065 8.9991807487128703 4.9999776490670191 131.86679012376854 139.00325026761365 41.259941621342826
decision_type=2 2 2 2 2 2 2 2 2 2 2 2 2 2 2 2 2 2 2 2 2 2 2 2 2 2 2 2 2 2
left_child=1 -1 3 4 -3 6 7 8 -6 15 16 12 -8 -14 -15 19 -11 20 -19 -7 21 25 26 24 -24 -4 27 28 29 -22
right_child=-2 2 17 -5 5 9 11 -9 -10 10 -12 -13 13 14 -16 -17 -18 18 -20 -21 22 -23 23 -25 -26 -27 -28 -29 -30 -31
leaf_value=0.066679066336927245 -0.066677078660723477 0.059027087614438548 0.00033024896599385408 -0.097271750010367572 0.070070359718030481 0.0102895463004639 0.042795614369573486 0.064443260805052846 -0.25250963121133546 -0.057633528240665123 -0.17756040489952024 -0.1044778295722199 -0.083886904845212121 0.056660536961681857 -0.066676697502705023 0.074729122462821665 0.09716725664524474 0.075604678638794373 -0.049359675588052689 -0.15666809848758834 0.077534384068382617 -0.099503784750273813 -0.086083546953135706 -0.12248857083780951 0.069247535677571734 0.045057580442454337 0.038107180396642987 -0.031199763824617168 0.036606195192082663 -0.27671792602849987
leaf_weight=5.9647836492658817 16.668904302978262 6.7761160059599197 3272.4640968521126 4.5996445850469163 1.0101542235352079 1.4010683688684378 6.0429290346801308 7.2466451739892364 0.9327162317931651 1.4907436391804361 1.8297769088530911 5.9468768066726616 11.521120414137842 5.7743522673845273 7.9820721754804254 9.3684560637921095 1.8050309397513045 5.7214772675652048 1.4155491082929073 0.74853302282281209 1.6947323989588796 7.2297642850317052 1.6817813357338289 3.9032963630743325 3.3310373490676284 12.703704260056837 36.292860831832513 16.488290316890925 27.361958989407867 1.7105825832113621
leaf_count=23514 91434 128 26379 52 21 101 29 56 20 25 19 27 37 18 26 66 20 165 14 7 20 98 15 28 39 137 511 143 357 25
internal_value=0.000229625 0.000550801 0.000437013 -0.0123204 -0.0067285 -0.0137897 -0.0265183 0.0328918 -0.084791 0.0217392 -0.0459312 -0.0411679 -0.0291471 -0.0463459 -0.0149051 0.0518526 0.0271478 0.000717122 0.0508194 -0.0478484 0.00061148 0.000283604 0.0122862 -0.0439896 0.0171346 0.000503209 0.0182919 0.00307345 0.0214406 -0.100416
internal_weight=3489.11 3472.44 3466.48 74.4762 69.8766 63.1005 46.4569 9.18952 1.94287 16.6436 5.12555 37.2674 31.3205 25.2775 13.7564 11.5181 3.29577 3392 7.13703 2.1496 3384.86 3292.4 92.4645 8.91612 5.01282 3285.17 83.5484 47.2556 30.7673 3.40531
internal_count=143531 52097 28583 652 600 472 234 97 41 238 64 137 110 81 44 174 45 27931 179 108 27752 26614 1138 82 54 26516 1056 545 402 45
is_linear=0
shrinkage=0.1


Tree=193
num_leaves=31
num_cat=0
split_feature=31 31 33 3 35 2 19 33 33 0 4 6 2 2 2 2 3 18 32 3 34 34 36 19 19 0 34 32 18 19
split_gain=2.55804 1.26828 1.22935 3.06569 2.32053 2.30121 1.58007 1.38102 5.50429 4.40914 4.71591 3.52388 3.42581 3.14714 2.98266 2.47809 5.55324 3.88271 2.28902 2.27323 4.04209 3.90189 4.76013 3.94906 3.7378 5.56363 3.72656 4.22217 3.45852 5.77579
threshold=6.4051489207289158 5.4500000000000011 54.500508989173404 59.463391945365785 70.998538992904713 160.20006336630021 485.2180428962414 70.98901965902904 70.000184661648078 28.002972263727042 107.22926069673797 1.0536233692857484 178.1349939302371 151.20050207551608 182.72182942084757 163.10017488158971 65.470825546424592 1329.9291432631378 92.000162679572739 50.142197438503445 151.00006720498317 179.77653829819164 53.280802398813854 146.46315858272314 232.23047716350234 38.777319324144869 177.00042180975385 147.7326428574867 1525.715432161471 304.10435192458704
decision_type=2 2 2 2 2 2 2 2 2 2 2 2 2 2 2 2 2 2 2 2 2 2 2 2 2 2 2 2 2 2
left_child=1 -1 3 6 -5 -6 -3 8 9 13 12 -10 -11 -4 15 16 -15 -18 -14 20 -9 22 23 -22 -25 -26 27 -24 29 -27
right_child=-2 2 7 4 5 -7 -8 19 11 10 -12 -13 18 14 -16 -17 17 -19 -20 -21 21 -23 26 24 25 28 -28 -29 -30 -31
leaf_value=-0.066671873939370283 -0.066671894163021481 -0.061422701251498263 0.15488235993311825 -0.072837600735112265 0.11236930795727965 -0.014946008802103254 0.039744207370350705 -0.051719428239394696 -0.038994829111316506 0.0058500105604207212 0.1376196118798895 0.114354962403799 0.19099246183997187 -0.0318330559509237 0.13926027994433457 -0.064565524719263648 0.3315455652423609 0.029284596644942752 -0.062493450203287275 0.00083769198156142242 0.1604404791935872 -0.015147284365934375 -0.052302395731448154 -0.036539446003892605 0.17931004768795966 0.035890529042767384 0.13215292656027453 0.13158534372879505 0.0013222339496371449 0.23859859036902609
leaf_weight=2.7753922725532894 5.6112948016816508 12.853724016895287 0.89359106935444188 1.7221527007932298 3.4030993504275102 2.4359000497788657 1.7545667780505017 21.099031275836751 1.8947819251043236 729.89046188569046 2.6932757542235768 7.1647916497895494 0.36993834062013675 13.530696942907523 0.95341389812528987 18.624634532839991 0.74040588620118686 0.99757540854625404 9.6206856071366911 2473.4587151858723 2.5114160604716735 121.57195238911663 15.203068837086908 6.6298555283865452 2.8549239093263195 5.8282729363127173 1.4099466948537145 1.3603426842892066 14.047516853053819 1.8523673638701437
leaf_count=23514 48378 574 23 70 61 126 41 503 806 18672 67 475 13 551 34 791 9 33 364 45167 38 2198 455 148 36 81 37 40 209 17
internal_value=0.000792201 0.000900979 0.00095491 -0.0225183 0.0291701 0.0592562 -0.0492718 0.00110552 0.00478555 0.00388349 0.00553472 0.0822823 0.00505391 -0.0304241 -0.035176 -0.0400829 -0.0102191 0.158052 -0.0531072 1.94086e-05 -0.0103937 -0.00536151 0.0176506 0.0398028 0.0300962 0.0480673 -0.0239147 -0.0371998 0.030823 0.0847784
internal_weight=3485.76 3480.15 3477.37 22.1694 7.56115 5.839 14.6083 3455.2 787.374 778.315 742.574 9.05957 739.881 35.7403 34.8467 33.8933 15.2687 1.73798 9.99062 2667.83 194.369 173.27 51.6977 33.7244 31.2129 24.5831 17.9734 16.5634 21.7282 7.68064
internal_count=143531 95153 71639 872 257 187 615 70767 21838 20557 19116 1281 19049 1441 1418 1384 593 42 377 48929 3762 3259 1061 529 491 343 532 495 307 98
is_linear=0
shrinkage=0.1


Tree=194
num_leaves=31
num_cat=0
split_feature=31 31 25 0 15 24 32 27 27 25 2 35 29 34 3 33 27 21 6 34 19 0 34 5 34 8 2 18 32 36
split_gain=14.1104 3.13025 2.38494 1.83566 1.59709 1.556 1.11468 1.08712 2.05732 1.83541 1.05423 1.24753 1.09449 1.17766 1.42885 0.940887 0.846097 0.842099 0.812395 0.721799 0.719565 5.87999 11.521 0.689164 1.18924 0.960231 0.799907 0.699361 0.690282 0.629147
threshold=5.8000013066176885 6.4051489207289158 0.52921901413107109 52.931712297612037 1.086291348606766 26.347182043348891 89.034463651614104 4.5323096149505266 5.6880608833626241 0.53328981306025802 144.04980483922671 149.00090880113598 1.0000000180025095e-35 239.00263446778385 64.498370518332578 76.726481740424063 8.2255280188125042 5.2549600100164158 6.9440117668572752 152.81831224599333 122.52307268048567 77.999621470637564 142.00020098366085 1.4248529255552376 201.71397721514941 2.1919909496961938 150.60047935229821 847.66039853524603 164.01557144262543 52.738374698234956
decision_type=2 2 2 2 2 2 2 2 2 2 2 2 2 2 2 2 2 2 2 2 2 2 2 2 2 2 2 2 2 2
left_child=2 17 6 -4 5 7 19 -5 9 -9 11 -10 13 -12 -15 -16 -6 18 23 -1 21 -8 -23 24 25 27 -27 -2 -26 -25
right_child=1 -3 3 4 16 -7 20 8 10 -11 12 -13 -14 14 15 -17 -18 -19 -20 -21 -22 22 -24 29 28 26 -28 -29 -30 -31
leaf_value=0.062611624854364847 0.05028837077838854 0.06667711551334933 -0.066839280848252122 -0.066918159988789042 0.058539814357106139 -0.06685252546854889 -0.0668950799285183 0.33418006994277655 -0.067532937125364331 0.053840167512340824 -0.055280955266217319 0.084067914151719894 0.061126552424581426 -0.067185486058493643 0.12215461354791156 -0.067151145211541668 -0.067097407569778181 -0.066779800576048903 -0.066723830114838886 -0.066923420452338123 -0.066796505381091192 1.7735335051088281 -0.066975027580415278 0.038082717257615119 -0.066750823167378057 -0.066802332134115891 0.032846746329290973 -0.066819299651554864 0.062606706780629975 -0.0667831224260029
leaf_weight=1.1558396902109951 0.66780272941106078 11.217961556307271 10.253781990017158 3.1550065122428412 3.5372490470617768 7.2110141292359904 1.1645950160236669 0.26711864311073741 0.75715244094317258 1.8579076980240641 8.7794369761395483 1.9174599242833208 1.2444541725271836 1.0908726736670353 1.2335952256398739 0.33353566603909701 0.63175750365189731 1.5399357125570521 1.3549553037300928 0.68517448964121275 48.714206478187407 0.053560372616629937 0.093178351540700532 10.384803425869901 3.2126422252913467 0.86825954235973668 11.153624637372557 2.1574253832513932 0.47329094575252373 0.60547238163417283
leaf_count=157 59 48378 7656 1618 658 3934 1660 33 213 182 3626 75 336 334 41 82 552 2419 2881 587 48313 6 48 1809 6473 1088 5743 3698 94 778
internal_value=-0.0258585 0.0211465 -0.0476472 -0.0300159 -0.0182226 -0.0268644 -0.0620164 -0.0128913 -0.00314076 0.0890793 -0.0159021 0.0411514 -0.0279347 -0.0376251 0.0206927 0.0818643 0.0395012 0.00539111 0.00899035 0.0144023 -0.0648288 0.00827007 0.60482 0.0124652 0.000699737 0.0133213 0.0256498 -0.0391384 -0.0501407 0.0323055
internal_weight=137.773 43.6362 94.1369 42.2703 32.0166 27.8476 51.8666 20.6365 17.4815 2.12503 15.3565 2.67461 12.6819 11.4374 2.658 1.56713 4.16901 32.4182 30.8783 1.84101 50.0255 1.31133 0.146739 29.5233 18.533 14.8471 12.0219 2.82523 3.68593 10.9903
internal_count=143531 73420 70111 19340 11684 10474 50771 6540 4922 215 4707 288 4419 4083 457 123 1210 25042 22623 744 50027 1714 54 19742 17155 10588 6831 3757 6567 2587
is_linear=0
shrinkage=0.1


Tree=195
num_leaves=31
num_cat=0
split_feature=31 31 5 10 10 25 33 2 3 36 3 2 2 4 2 0 35 4 25 11 2 0 19 0 4 35 2 34 24 34
split_gain=6.85221 2.29377 1.21021 1.22865 15.7712 3.34527 3.75798 4.91181 4.38803 4.24686 4.246 4.25283 7.06318 4.92356 4.12997 3.96158 3.55895 9.38136 11.0565 15.4202 6.52513 5.42068 5.05351 5.0523 7.93434 4.71022 4.64887 7.49135 4.35468 4.26763
threshold=5.6000049957114308 5.4500000000000011 8.9996338175482613 4.0000495923495549 4.9999488137370776 0.48028025465052865 89.000872557812599 177.5015882347121 59.021743436257168 35.403449283169969 60.344771287057718 167.73296347728893 167.16159032401009 78.300047693209223 169.4199195454292 51.999839803316064 108.00209673581885 66.001102480520146 0.41332545629410161 3.9999772414685011 156.23697794662115 68.000042161056527 226.93336630468315 46.999844280054923 72.302910212366001 272.71411474226767 154.30022661178899 138.00042182812447 19.251813413303093 245.00356413439184
decision_type=2 2 2 2 2 2 2 2 2 2 2 2 2 2 2 2 2 2 2 2 2 2 2 2 2 2 2 2 2 2
left_child=1 -1 3 -3 -5 6 8 -8 9 -6 -10 12 13 15 -13 -12 20 -18 19 -19 21 26 -23 24 -20 29 -11 -28 -24 -25
right_child=-2 2 -4 4 5 -7 7 -9 10 16 11 14 -14 -15 -16 -17 17 18 23 -21 -22 22 28 25 -26 -27 27 -29 -30 -31
leaf_value=0.066677660802704167 -0.066676394846465079 0.0020067407667348765 0.043021410770375385 -0.088424960306669076 0.061594215451655603 0.0021961663058188358 -0.023089541278745115 -0.12244056240778478 0.057955383847549016 -0.00032290378111545442 -0.036639521365136318 0.079947336295763061 -0.198978735130103 -0.15164893799601234 0.0050573720806085971 0.08080998713577188 0.047035341964167574 0.0092198465240759375 0.021923878228295151 -0.42440853356426278 0.010176024429262817 0.011214576836164804 -0.072108050471049706 -0.021010258123271258 -0.15506366401651447 0.092464619135094073 -0.23603314179294307 -0.036944304908600283 -0.23290817355591034 -0.1277335095226709
leaf_weight=5.233217681903624 15.240824078942749 1940.1118099681917 6.6563002257607868 20.726964981178753 7.3671281011775127 1108.6498434191453 43.660396125516854 5.6163020764943203 16.527766607236117 36.713071176316589 7.2863382590003329 8.1932169455103558 2.4668762697838238 2.2457062772009513 72.73827479686588 4.7402206998085603 11.369880160549654 1.4871670440770677 3.7152406225213763 1.8282385286875069 88.510932923469227 2.8123386949300748 3.5535843218676746 30.241315813153051 7.9594917395152152 3.2068984291981897 2.2184529518708578 12.766435730853116 3.201423829421401 4.2767539321212089
leaf_count=23514 91434 17367 100 212 66 6496 215 26 169 642 87 91 22 24 767 52 193 14 39 31 1353 29 23 238 54 20 27 170 23 33
internal_value=0.000228571 0.000522761 0.000422727 0.000340639 -0.00179427 -0.000591882 -0.00862656 -0.0344131 -0.00483834 -0.0130559 0.011081 0.003149 -0.0427337 -0.0157277 0.012639 0.00965274 -0.0156275 -0.0353489 -0.053118 -0.229899 -0.00718927 -0.0322772 -0.101422 -0.0412536 -0.0987411 -0.0234629 -0.019481 -0.0664186 -0.148317 -0.0342332
internal_weight=3481.32 3466.08 3460.85 3454.19 1514.08 1493.35 384.703 49.2767 335.427 221.228 114.198 97.6706 16.7391 14.2723 80.9315 12.0266 213.861 64.085 52.7151 3.31541 149.776 61.2653 9.56735 49.3997 11.6747 37.725 51.698 14.9849 6.75501 34.5181
internal_count=143531 52097 28583 28483 11116 10904 4408 241 4167 2955 1212 1043 185 163 858 139 2889 622 429 45 2267 914 75 384 93 291 839 197 46 271
is_linear=0
shrinkage=0.1


Tree=196
num_leaves=31
num_cat=0
split_feature=31 35 2 36 24 4 24 9 32 33 0 0 9 33 6 11 33 2 24 35 25 18 6 3 2 7 34 35 27 33
split_gain=2.23478 1.2192 3.96523 5.08014 3.25707 3.257 2.67791 3.06476 2.56676 2.5502 2.47179 2.31149 1.90771 1.65904 1.94474 2.07082 1.34547 3.76356 4.3575 3.05643 3.47729 3.65189 4.4755 2.92278 4.44076 2.81986 3.05866 3.2257 2.72613 2.6406
threshold=6.4051489207289158 562.88663738102923 162.70494565430744 42.984036112383428 29.267063220377853 73.400570040804098 25.44591830078814 2.9929295703187844 118.97672798603553 73.000059847391114 62.896014041779374 40.000433835407399 1.2987271093611497 105.03883783723849 7.9999628160976615 3.027839799034481 90.976745278078155 172.07814246173663 20.372692043575935 102.00487427797906 0.55492638194684651 3198.7797528540614 7.9999628160976615 73.700026600187485 173.80034612800117 2.9999957838943483 163.00019753259346 120.00050329453198 3.8303830152626501 90.000047466349045
decision_type=2 2 2 2 2 2 2 2 2 2 2 2 2 2 2 2 2 2 2 2 2 2 2 2 2 2 2 2 2 2
left_child=1 16 3 6 5 -4 -3 -8 9 -7 13 -11 -13 14 15 -10 29 25 -19 23 21 28 -23 -20 -25 26 -18 -28 -21 -1
right_child=-2 2 4 -5 -6 8 7 -9 10 11 -12 12 -14 -15 -16 -17 17 18 19 20 -22 22 -24 24 -26 -27 27 -29 -30 -31
leaf_value=0.0012916415077110078 -0.066671241997262973 0.13959281775317056 0.19176750839966636 -0.0726415371852389 0.10141386649783468 -0.060274269119087488 0.1102860631403469 -0.093245586927738308 -0.11788705395366664 -0.041748612191825442 0.1086828717046702 0.13372395584208416 -0.0035746089148256106 0.064383429065657402 -0.11194359058932327 0.049357151382378277 0.20437457677535187 0.1219071164841268 -0.088071554124575624 -0.050744495633100441 -0.024888687920321201 0.1246643517190263 -0.086871328115170954 0.080116183821822021 -0.050329604007655807 -0.011190245199526445 -0.050155607887781534 0.079623433010042988 0.042918416181913464 0.092774663255544274
leaf_weight=3010.9975757498978 4.9109228804736622 6.025906344970279 0.72810489952826785 2.0692813903660854 2.6445504199655252 3.085001356921568 1.7529034513136141 1.2801175423155653 1.2131821257789801 1.9300017128771285 0.84682700270059363 3.0847001346119214 1.5061153308706705 0.85697896208148527 6.501274583482882 1.8996179531823143 1.0710078717456761 3.5347322583402265 5.6952798616112004 3.3161291214200892 15.395455528800083 1.2536147200080439 4.947161269847129 4.259100737028346 6.7390557211037958 321.65466887479852 3.3432234631472966 4.4838108107433072 49.394677756383317 3.158470713904534
leaf_count=88383 48378 79 7 19 86 33 16 39 51 30 24 23 38 9 48 164 22 60 82 36 269 108 36 44 127 4007 95 164 719 335
internal_value=0.000739556 0.000834831 0.0192918 0.0687274 -0.00335069 -0.0161466 0.10102 0.0243834 -0.0233816 0.0146363 -0.0556486 0.0500765 0.0886802 -0.0689386 -0.0808226 -0.0158246 0.000644722 -0.0046221 0.0129727 0.00874132 0.0174278 0.0284864 -0.044105 -0.0299245 0.000186294 -0.00965405 0.0458777 0.0241899 0.0370259 0.0013875
internal_weight=3479.58 3474.67 35.4246 11.1282 24.2964 21.6518 9.05893 3.03302 20.9237 9.60582 11.3179 6.52082 4.59082 10.4711 9.61407 3.1128 3439.24 425.088 94.5352 91.0005 74.307 58.9116 6.20078 16.6934 10.9982 330.553 8.89804 7.82703 52.7108 3014.16
internal_count=143531 95153 666 153 513 427 134 55 420 124 296 91 61 272 263 215 94487 5769 1481 1421 1168 899 144 253 171 4288 281 259 755 88718
is_linear=0
shrinkage=0.1


Tree=197
num_leaves=31
num_cat=0
split_feature=31 31 25 0 15 24 32 32 4 33 34 2 24 35 36 21 12 6 11 0 2 37 3 23 14 27 19 0 18 2
split_gain=12.6521 2.83627 2.30887 1.75422 1.44444 1.48285 1.07807 1.04606 1.37716 0.981341 0.972317 1.72842 1.12923 0.785817 0.782756 0.780051 0.777041 0.748227 0.733388 0.682658 0.672528 0.661811 0.652685 1.2334 0.98307 0.632202 0.630926 2.10529 1.84371 0.57843
threshold=5.8000013066176885 6.4051489207289158 0.52921901413107109 52.931712297612037 1.086291348606766 26.347182043348891 89.034463651614104 130.23415487154276 85.50007016999389 94.873634984021777 217.00110788982744 150.00011806332068 22.817239682969291 276.00316721912412 33.29955939267159 5.2549600100164158 7.5944102382027205 6.9440117668572752 5.3060967077661028 74.456111669774572 164.40939921370241 0.53370903425163818 70.500015046060753 0.50886432027327289 0.7859666252629659 4.0002507619988021 122.52307268048567 77.999621470637564 758.86837813089062 165.22656481738724
decision_type=2 2 2 2 2 2 2 2 2 2 2 2 2 2 2 2 2 2 2 2 2 2 2 2 2 2 2 2 2 2
left_child=2 15 6 -4 5 7 20 8 -5 -9 11 19 -12 16 -13 17 -6 21 -14 -10 -1 22 24 -24 25 -2 27 -8 -29 -22
right_child=1 -3 3 4 13 -7 26 9 10 -11 12 14 18 -15 -16 -17 -18 -19 -20 -21 29 -23 23 -25 -26 -27 -28 28 -30 -31
leaf_value=-0.066783241231650678 -0.03052020661154442 0.066675813867208611 -0.066828171383856813 -0.058207130303271543 -0.038020700113284747 -0.066840673801544334 -0.066885148990822305 -0.066937364285412332 -0.067424103776682995 0.018203511718990366 0.23238396302918837 0.030221614538065152 0.061202544497828186 0.093567077855421649 -0.066951101154002352 -0.066772232334724596 0.076770985542965686 -0.066720118429530739 -0.06698384504019167 0.097695371274561807 0.099088787057981631 -0.04376101626565751 -0.06672829350017985 0.037802743028214736 -0.066751417239226785 0.032874361386761627 -0.066788384627493161 -0.06708250305057116 0.41146295908943076 -0.067203954078662406
leaf_weight=0.66008745534054369 1.7099148872221324 9.8178653870418184 9.5586423602144333 2.7791064196790201 1.636002892366377 6.735821528134692 1.0820428531369533 5.0339169537764965 0.29410600020491795 1.8517570166586663 0.34488519048318256 1.1414433130703399 3.1736408504657452 1.5511002650746375 3.0281464998988668 1.4385041908826668 0.92203036014689121 1.2641683468827967 0.51936453141388472 1.6842641973198622 0.88322921557119094 1.991985942411701 2.4522362704883554 2.0915584304166259 1.1592593312379893 19.657945531318546 45.372561668737035 0.1342601979849859 0.20109942746785237 0.27408232905145269
leaf_count=583 2108 48378 7656 1373 1060 3934 1660 2569 81 210 16 145 338 96 1570 2419 54 2881 173 65 26 2110 4682 714 2444 7684 48313 48 6 135
internal_value=-0.0258275 0.019699 -0.047132 -0.0294192 -0.01777 -0.0262981 -0.0618009 -0.012541 0.00418832 -0.0440405 0.0212123 -0.00382672 0.0593358 0.0374082 -0.0403496 0.00517974 0.00335539 0.00859264 0.0431751 0.0731486 0.0137647 0.0118686 0.015962 -0.0186115 0.0229356 0.0278014 -0.064736 0.000963634 0.219879 0.0597062
internal_weight=130.445 41.5834 88.8616 40.2542 30.6956 26.5865 48.6074 19.8506 12.965 6.88567 10.1859 6.14796 4.03789 4.10913 4.16959 31.7656 2.55803 30.3271 3.69301 1.97837 1.8174 29.0629 27.0709 4.54379 22.5271 21.3679 46.79 1.4174 0.33536 1.15731
internal_count=143531 73420 70111 19340 11684 10474 50771 6540 3761 2779 2388 1861 527 1210 1715 25042 1114 22623 511 146 744 19742 17632 5396 12236 9792 50027 1714 54 161
is_linear=0
shrinkage=0.1


Tree=198
num_leaves=31
num_cat=0
split_feature=31 31 17 18 18 29 2 31 1 31 1 36 27 0 35 0 19 19 35 34 11 25 34 19 36 3 0 33 32 31
split_gain=6.26446 2.07772 1.19179 1.20718 9.4267 4.82827 4.8272 4.73874 12.96 8.30363 6.74076 4.94599 4.91413 4.39908 4.39797 4.27766 4.80117 11.6875 4.22365 6.61938 3.98452 4.63747 7.3615 6.64394 4.82189 4.27769 5.25018 4.19108 3.96556 3.93235
threshold=5.6000049957114308 5.4500000000000011 1.998619439161651 1989.4544486789832 1901.4193688710679 1.0000000180025095e-35 174.20018733960345 5.5000361346034827 1.9999498421511459 5.5999934808113094 1.9999498421511459 66.784556130959118 19.977513599910438 47.999988511101783 41.001407089690751 34.997897351121473 343.44187777476503 340.53679919492805 45.001522632155719 157.76961974831497 2.5572804486660661 0.47943484182104246 192.73986619192181 375.25478656985325 60.000346314787024 62.380706709091719 54.999755424191001 81.931470490797849 106.44296521155105 5.5999934808113094
decision_type=2 2 2 2 2 2 2 2 2 2 2 2 2 2 2 2 2 2 2 2 2 2 2 2 2 2 2 2 2 2
left_child=1 -1 3 4 29 6 18 8 -5 -9 11 14 13 -13 -11 -10 17 -17 19 -6 25 22 24 -24 -22 -18 -27 -28 -25 -3
right_child=-2 2 -4 7 5 -7 -8 9 15 10 -12 12 -14 -15 -16 16 20 -19 -20 -21 21 -23 23 28 -26 26 27 -29 -30 -31
leaf_value=0.066676633137953564 -0.066675761767641617 -0.0022697795769459372 0.067413098699748694 0.070429503447526562 -0.24208362652370621 0.079842081924397082 -0.086798925818682288 -0.092921423459104868 0.038408128422365649 0.068962830736795697 0.070069574160784714 0.0025049995964556873 0.0019019484760371512 -0.098543948048523733 -7.5381980020281861e-05 -0.010245982369383065 0.038946636797766152 -0.17852858147647116 -0.019602765266149822 -0.0012320307722956294 0.022762700414310451 0.0086058334754664824 0.03947169946859342 -0.054845062119345069 -0.11099787150816512 0.02832084830179914 -0.011584809598146509 -0.12613866682573047 -0.19769564628916256 0.007748671968642486
leaf_weight=4.7370162457518736 13.940590171815527 1343.5939151734347 2.6521055746125048 34.971214873017743 2.2071218800265333 4.1745304990326977 13.208259386941789 9.6812738829758 36.644109468092211 9.3139548915205506 13.596832126611842 6.0929242901038405 18.495776817551814 14.708147656172512 991.38759316655342 61.162282019737177 65.370876248111017 4.4257061298703766 119.54382552730385 2.3625067269895226 15.972706591826869 85.044137875083834 2.5268910343293092 3.0617113169282657 3.2420331723988047 19.807826279080473 9.1437873102258873 4.9081267132423809 5.3199211228638887 553.05854284099769
leaf_count=23514 91434 10473 790 1673 28 102 92 216 613 144 676 57 164 93 5575 512 557 30 867 30 231 423 18 38 47 118 41 25 37 4913
internal_value=0.000224557 0.000494071 0.000403349 0.000351882 -0.00120598 -0.0261051 -0.0293258 0.002596 0.01266 -0.000731934 0.000115177 -0.0007994 -0.0355998 -0.0689453 0.000567186 0.00627944 0.00207449 -0.0216013 -0.0232095 -0.117563 0.0093173 -0.00333693 -0.0370538 -0.102663 0.000193765 0.0240038 -0.00484526 -0.0515968 -0.145514 0.000651573
internal_weight=3474.36 3460.42 3455.68 3453.03 2038.15 141.496 137.322 1414.88 351.601 1063.28 1053.6 1040 39.2968 20.8011 1000.7 316.63 279.986 65.588 124.113 4.56963 214.398 115.167 30.1233 10.9085 19.2147 99.2306 33.8597 14.0519 8.38163 1896.65
internal_count=143531 52097 28583 27793 16505 1119 1017 11288 4363 6925 6709 6033 314 150 5719 2690 2077 542 925 58 1535 794 371 93 278 741 184 66 75 15386
is_linear=0
shrinkage=0.1


Tree=199
num_leaves=31
num_cat=0
split_feature=31 18 18 31 1 31 20 36 27 34 18 35 35 32 27 34 11 0 33 32 19 19 19 34 0 11 0 9 35 19
split_gain=1.95253 1.15498 8.4119 4.91547 12.9338 8.23248 5.81639 4.8732 4.84907 4.82227 5.7139 5.22647 7.37955 6.06077 5.6262 5.32264 10.2679 5.17978 5.17226 5.08765 5.38543 4.93002 4.88482 4.60286 4.40373 4.79553 5.84063 4.59483 4.35475 4.33135
threshold=6.4051489207289158 1989.4544486789832 1901.4193688710679 5.5000361346034827 1.9999498421511459 5.5999934808113094 48.548129444002313 66.784556130959118 19.977513599910438 196.77142724755126 1956.5717487148072 113.00091832012943 51.003383360699722 91.01827667847715 4.5323096149505266 152.00089695574863 2.1437594090551984 44.858626786336494 78.999894475850638 101.00011772603405 375.25478656985325 393.1863314257925 418.12722261595974 150.9106736415863 47.000186084207812 3.9999772414685011 70.999717722996209 2.9929295703187844 41.001407089690751 343.44187777476503
decision_type=2 2 2 2 2 2 2 2 2 2 2 2 2 2 2 2 2 2 2 2 2 2 2 2 2 2 2 2 2 2
left_child=1 2 -1 4 -3 -5 -7 28 24 11 22 12 14 -14 -4 16 -16 -17 -18 -13 -21 -12 -11 -10 -9 26 -26 -27 -8 -6
right_child=-2 3 9 5 29 6 7 8 23 10 21 19 13 -15 15 17 18 -19 -20 20 -22 -23 -24 -25 25 27 -28 -29 -30 -31
leaf_value=0.00053227150754388329 -0.066670667406045894 -0.070297955367818243 -0.07061824058260717 0.092682578685545233 0.015097425617395098 -0.054470499169243604 -0.067788006151248234 -0.0018388173629084632 0.19913223067766073 -0.029552229721647696 0.053528095717336854 -0.077183682911709198 0.25039899226531981 -0.0064295866405541333 0.77430037063807511 -0.064179910205609231 -0.057612518027636297 0.17168378173800547 0.35512975326308921 0.10095682744251887 0.01245716176506502 -0.090502179406497574 0.17079517723693524 -0.01331341383140996 0.1061309174989868 0.094711261098554267 -0.081512193411410236 0.42871793482487908 0.0013407462118683461 -0.012163118068192223
leaf_weight=1908.2381596618725 4.2979600828693938 34.054148354363861 1.384997189437853 9.9022431642515567 77.524479978361342 18.520673618331784 9.1969435733335541 6.1645959815650739 1.0832426821289143 33.506896930608491 24.006742977711841 2.2487762563687275 0.94282890475005743 36.117801999978838 0.36594852107373288 1.3791958605361285 0.54853460338199489 2.8656938890999299 0.67998910634196363 26.387806169324904 9.2991530810249952 2.6376246333093141 1.2628405939467473 17.424435970169725 11.330907941912299 0.83462226693518349 1.9432911025651254 0.81313300019246526 994.45737416492193 234.85079358104122
leaf_count=53312 48378 8317 65 216 2356 4175 289 220 23 851 488 58 33 1220 16 52 59 98 10 616 137 44 11 332 402 6 57 133 17821 3736
internal_value=0.000688779 0.000772212 0.00228892 -0.00142234 -0.0117774 0.00192504 0.00107862 0.00206478 0.0364751 0.0256266 0.00442582 0.0414624 0.0181273 0.000104177 0.110585 0.153563 0.309341 0.0950499 0.170841 0.0687031 0.077896 0.03927 -0.0222756 -0.000879105 0.069261 0.0986339 0.0786607 0.259537 0.000707288 -0.00539767
internal_weight=3474.27 3469.97 2051.87 1418.1 346.429 1071.67 1061.77 1043.25 39.5942 143.635 61.4141 82.2207 44.285 37.0606 7.22436 5.83936 1.59447 4.24489 1.22852 37.9357 35.687 26.6444 34.7697 18.5077 21.0866 14.922 13.2742 1.64776 1003.65 312.375
internal_count=143531 95153 57070 38083 14409 23674 23458 19283 1173 3758 1394 2364 1553 1253 300 235 85 150 69 811 753 532 862 355 818 598 459 139 18110 6092
is_linear=0
shrinkage=0.1


Tree=200
num_leaves=31
num_cat=0
split_feature=31 31 25 24 15 32 32 33 21 24 32 0 0 25 36 35 10 19 34 27 11 18 26 5 18 15 36 34 32 18
split_gain=11.4066 2.80975 1.91612 1.53437 1.21653 0.961662 0.854504 0.849402 0.820575 0.799611 0.796211 0.762776 0.784287 0.690009 0.663849 0.658058 1.03415 0.631512 0.615787 0.60354 0.705822 1.35124 0.848093 0.853196 0.666152 1.15727 0.733445 0.663349 0.621609 0.596653
threshold=5.7540138656154616 6.4051489207289158 0.55362742704479029 26.387874106225663 2.7227650180997838 89.034463651614104 129.55164074018975 94.873634984021777 5.2549600100164158 24.626796200703637 109.35866938369388 49.000898554218161 50.001388148406654 0.47225537375224841 37.000269382263831 520.65047425830505 1.3453561937783403 229.08640475000001 105.38733740048988 3.8806240660641929 6.389225991753352 1292.7162729971992 0.028567638953698963 2.7077414656599696 1491.0530099244231 2.2752402375421892 52.738374698234956 204.00024404779711 164.01557144262543 1219.095595077624
decision_type=2 2 2 2 2 2 2 2 2 2 2 2 2 2 2 2 2 2 2 2 2 2 2 2 2 2 2 2 2 2
left_child=2 8 5 6 -5 17 9 -8 11 18 -11 -2 14 -14 -13 -7 -17 29 -4 -15 22 -22 23 -21 25 -24 -26 -25 -23 -1
right_child=1 -3 3 4 -6 15 7 -9 -10 10 -12 12 13 19 -16 16 -18 -19 -20 20 21 28 24 27 26 -27 -28 -29 -30 -31
leaf_value=-0.06760371547708402 -0.049111457963152076 0.066674667244772959 0.077195496854028003 -0.066828566651324084 0.03286137920811779 -0.062352939813451941 -0.06702046704403393 0.026120332586727649 -0.066777673019859096 -0.066965489002077203 0.040028012865386646 0.14104807268162567 -0.066796870064338459 -0.0388128278903557 -0.066707848447292148 0.14973533316779783 -0.066830179143224436 -0.066864912188825579 -0.067070425372471404 -0.066837628527851342 0.025403492302885862 -0.060407653832177645 -0.054146701794232512 -0.067376650691610238 0.058856599929842296 0.063388960591861318 -0.06669394195783164 0.071552269862677043 0.066912125144256179 0.099705179350004128
leaf_weight=0.2833844407723507 2.3180753953638478 8.5924882020335627 0.35896902834065469 9.2600203814363322 1.4105750524759049 52.486522026381863 3.2169690595546845 1.4074994081820476 1.6135617037070904 0.77623695792863134 6.6892114256552304 0.76671292251558298 1.1997248941625027 2.278544049884661 0.19239699434547219 0.37849267014826082 0.52822340137208812 0.62354321266320756 1.683239269594196 1.7040523534087726 5.9013936407573073 3.9357304562872741 1.7894278108869905 0.47540134213340923 9.2124689582997199 1.5750764355907447 0.49004790246544949 1.240417213673936 0.42485970827692643 0.86001477365789469
leaf_count=130 6105 48378 5 5496 986 52171 1305 123 2940 300 966 56 2745 3382 507 15 380 497 631 3140 2284 5010 1728 315 2058 258 1272 172 68 108
internal_value=-0.0256579 0.0154185 -0.0481117 -0.0250266 -0.0536503 -0.0584918 -0.0034141 -0.0386722 0.00287738 0.0137352 0.0289031 0.00623195 0.0103456 0.00752081 0.0993723 -0.0608938 0.0235713 0.0140904 -0.0417121 0.0105924 0.0148009 -0.00578874 0.0276166 -0.0167173 0.0392195 0.000877052 0.0525154 0.0330593 -0.0480027 0.0582387
internal_weight=123.673 43.7104 79.9629 24.8027 10.6706 55.1602 14.1321 4.62447 35.1179 9.50766 7.46545 33.5043 31.1863 30.2271 0.95911 53.3932 0.906716 1.76694 2.04221 29.0274 26.7489 10.262 16.4869 3.41987 13.067 3.3645 9.70252 1.71582 4.36059 1.1434
internal_count=143531 80418 63113 9812 6482 53301 3330 1428 32040 1902 1266 29100 22995 22432 563 52566 395 735 636 19687 16305 7362 8943 3627 5316 1986 3330 487 5078 238
is_linear=0
shrinkage=0.1


Tree=201
num_leaves=31
num_cat=0
split_feature=31 31 16 35 34 19 20 33 33 36 2 27 36 33 0 18 18 24 24 35 24 11 34 36 2 4 25 33 27 33
split_gain=5.75226 1.87175 1.15257 1.09535 3.07402 4.00614 2.54789 3.60506 3.88506 3.4337 2.21256 1.7894 3.07278 1.21382 3.91208 3.90325 4.42401 5.8834 3.76694 10.0292 3.69663 3.54437 3.33367 3.99984 3.97115 4.03891 3.32859 3.82144 3.85049 3.23928
threshold=5.6000049957114308 5.4500000000000011 1.9999120663773577 37.004429654343859 205.76728567580508 278.01549560414031 50.593940728467835 78.999894475850638 79.887753946138773 40.999736099937344 154.4164243501298 2.996241270014838 58.514610990390196 71.972743727671869 40.000433835407399 2390.9415187651607 2249.2830576391057 21.323243180482105 17.83079098470186 90.999662265305659 26.69308029463836 3.9999772414685011 197.7310653762548 35.887710346559842 181.21033142649546 102.19300818378657 0.58802066924329643 69.96060304742123 2.996241270014838 68.000055775853525
decision_type=2 2 2 2 2 2 2 2 2 2 2 2 2 2 2 2 2 2 2 2 2 2 2 2 2 2 2 2 2 2
left_child=1 -1 3 4 6 -6 7 9 -9 -3 -10 12 -11 14 15 16 18 21 19 -5 -19 -18 24 -24 25 -20 29 -28 -29 -16
right_child=-2 2 -4 13 5 -7 -8 8 10 11 -12 -13 -14 -15 26 -17 17 20 22 -21 -22 -23 23 -25 -26 -27 27 28 -30 -31
leaf_value=0.06667567821703517 -0.066675222958410774 -0.1588957599190941 0.063152408258205547 -0.011516672137104972 0.033205046160585963 -0.16234011483765001 0.06855827298685073 -0.14545006280704706 -0.071762823546838453 0.071485166402011135 0.049743478889432563 0.061759557930862213 -0.11883673816684959 0.001298530015902325 -0.0020311356851184055 0.035920866656714227 -0.06310987000722898 0.034586066611039142 0.0045201316117448181 -0.38808881640414317 -0.13391418870813956 -0.27450285481113251 -0.079606691371674532 0.040593968124251881 -0.14551313812465122 -0.13410413030152632 -0.0062240108309016169 -0.042167099887489401 0.056271967990393072 -0.016640968640945775
leaf_weight=4.2671747487183884 12.799652778530797 0.86426713410765543 2.9248712335247538 3.6608317925711154 2.0963179211830711 2.0944332021754235 10.128737497492692 2.5957674309611303 2.5289875185117126 1.7765336430165946 3.6784327269997448 13.522309246705843 1.6235818648710845 2491.4560692413943 309.1218940866529 41.703179132775404 1.4995557245565563 4.9390005447203293 130.67563724901993 0.87659424077719439 1.7680656025186179 1.6837133555673061 2.974453925387933 39.962881357641891 1.8430228593060736 2.1361274097580454 40.755756322760135 4.7144433429930386 25.285188107052818 298.11805132959853
leaf_count=23514 91434 10 819 120 37 22 216 16 16 35 37 291 34 16579 3974 680 29 68 2072 19 10 17 18 569 41 10 260 19 119 2446
internal_value=0.000238668 0.00048683 0.000404892 0.000351604 0.0166172 -0.0645236 0.025878 0.00961999 -0.042719 0.0355242 0.000240157 0.0454537 -0.019395 0.000156076 -0.00296591 0.00819079 0.00216833 -0.0629675 0.00570546 -0.0842674 -0.00983269 -0.174921 0.00800423 0.0322672 0.000267525 0.00229052 -0.00681192 0.0137147 0.0408023 -0.00920368
internal_weight=3464.08 3451.28 3447.01 3444.08 40.9094 4.19075 36.7186 26.5899 8.80319 17.7867 6.20742 16.9224 3.40012 3403.17 911.718 233.723 192.02 9.89034 182.13 4.53743 6.70707 3.18327 177.592 42.9373 134.655 132.812 677.995 70.7554 29.9996 607.24
internal_count=143531 52097 28583 27764 714 59 655 439 69 370 53 360 69 27050 10471 3653 2973 124 2849 139 78 46 2710 587 2123 2082 6818 398 138 6420
is_linear=0
shrinkage=0.1


Tree=202
num_leaves=31
num_cat=0
split_feature=31 33 2 24 2 35 34 36 7 9 35 19 27 35 33 8 33 3 2 24 32 4 32 32 10 19 35 2 34 36
split_gain=1.70532 1.07714 2.58479 3.46936 2.65551 3.01968 2.5069 3.93223 2.64838 2.4905 2.72176 3.73118 2.8201 2.44237 2.40157 3.14487 2.38749 2.35597 3.20273 3.35549 8.69618 5.59965 3.6442 4.74818 3.76141 3.57761 3.69399 3.50198 4.2652 3.0362
threshold=6.4051489207289158 90.976745278078155 172.07814246173663 20.372692043575935 172.89944615513068 110.00460653423687 259.00014318580241 60.120275969224579 2.9999957838943483 1.0704631272418494 118.00239311196896 197.27128269570227 9.9579121124302432 877.72333368258512 92.000015521242659 2.0294001366422383 90.000047466349045 68.856307703337947 164.31074919525324 24.440792604968674 182.94783780237751 80.554987539929655 133.00025668848028 140.84609942137914 3.9999090474827423 114.83412483487149 272.71411474226767 152.40027250523326 202.74033956264529 44.812243104341668
decision_type=2 2 2 2 2 2 2 2 2 2 2 2 2 2 2 2 2 2 2 2 2 2 2 2 2 2 2 2 2 2
left_child=1 16 6 -4 -5 -6 8 9 -3 -8 -11 -12 -13 14 15 -7 -1 18 19 20 21 25 24 27 -21 -10 -27 -24 -29 -25
right_child=-2 2 3 4 5 13 7 -9 17 10 11 12 -14 -15 -16 -17 -18 -19 -20 22 -22 -23 23 29 -26 26 -28 28 -30 -31
leaf_value=0.0012775571675228403 -0.066670168070175798 0.044499928777458564 0.10545121879180651 0.043711311729369436 -0.038398125810212451 -0.035529297168901498 -0.02884370903929568 -0.058378426557604494 0.10609374611806635 0.20086239439693288 -0.094421386319089751 0.010380390256138268 0.11901789521657676 -0.1198819812955688 0.025819338010588819 0.083878271727217596 0.09119815250667572 -0.023515190013021908 0.018241962102518928 0.014796020835039487 0.12945194960279061 -0.072244053332072844 0.13858719938051497 -0.029837088828807829 -0.095389506354746717 -0.028164015395070165 0.090462537602894508 -0.04633151062489254 0.075449835866538639 0.020303687587244927
leaf_weight=3025.7650292282196 3.7614994522155021 8.5730224627041007 3.6948652269056756 16.013563976237492 16.897443221656431 15.178437425209269 3.2971499711566183 4.3640571184805586 2.3632163571674019 1.38766893290449 1.5003540685938777 4.0293887681400502 5.8712185128679266 1.4261150771781093 41.163359593796486 2.580673856631619 2.9556096474916549 110.70320260011067 44.728421140920545 5.5286083048849815 3.3706893364724229 25.640275972124073 4.0721736914929378 23.411272336437833 7.0473960367889958 39.697336833713052 2.8108904654218341 4.4815245875506653 8.0272557253992982 24.944198339384457
leaf_count=88890 48378 265 61 205 269 180 24 90 23 22 27 48 57 16 766 53 351 1466 558 52 29 343 31 176 70 622 32 51 69 307
internal_value=0.000625343 0.000698471 -0.00396799 0.0104152 0.00664996 -0.00103308 -0.00812019 0.0258096 -0.0103201 0.0486498 0.0686291 0.0525343 0.0748042 0.00942903 0.0125588 -0.0181775 0.00136531 -0.0118519 -0.0052684 -0.0122144 -0.0274632 -0.0349643 0.00232039 0.0118625 -0.0469502 -0.013662 -0.0203197 0.0580407 0.0318192 -0.00397194
internal_weight=3465.29 3461.52 432.804 96.9545 93.2596 77.246 335.849 20.4498 315.399 16.0858 12.7886 11.401 9.90061 60.3486 58.9225 17.7591 3028.72 306.826 196.123 151.395 73.8824 70.5117 77.5124 64.9364 12.576 44.8714 42.5082 16.581 12.5088 48.3555
internal_count=143531 95153 5912 1550 1489 1284 4362 268 4094 178 154 132 105 1015 999 233 89241 3829 2363 1805 1049 1020 756 634 122 677 654 151 120 483
is_linear=0
shrinkage=0.1


Tree=203
num_leaves=31
num_cat=0
split_feature=31 31 25 24 15 32 32 33 21 0 24 32 9 0 35 35 35 2 0 25 2 11 33 34 18 27 11 18 26 5
split_gain=10.0878 2.55101 1.85699 1.44818 1.17156 0.904151 0.763185 0.805647 0.755332 0.684549 0.673416 0.684915 0.666643 1.87964 2.07821 1.64244 0.901274 0.701049 0.657719 0.631832 0.577735 0.570317 0.569869 0.569601 0.536377 0.53349 0.620277 1.24646 0.739845 0.794627
threshold=5.7540138656154616 6.4051489207289158 0.55492638194684651 26.387874106225663 2.7227650180997838 89.034463651614104 129.55164074018975 94.873634984021777 5.2549600100164158 49.000898554218161 24.626796200703637 109.35866938369388 1.4290011792994373 67.774561256850987 92.999479823858053 83.996252901905564 520.65047425830505 157.91559165468416 50.001388148406654 0.47225537375224841 164.40939921370241 7.3762257223899725 48.279058621723912 105.38733740048988 1010.9852736542058 3.8806240660641929 6.389225991753352 1292.7162729971992 0.028567638953698963 2.7077414656599696
decision_type=2 2 2 2 2 2 2 2 2 2 2 2 2 2 2 2 2 2 2 2 2 2 2 2 2 2 2 2 2 2
left_child=2 8 5 6 -5 20 10 -8 9 22 23 -12 13 16 15 -15 -7 -18 21 -20 -1 -11 -2 -4 -6 -21 28 -28 29 -27
right_child=1 -3 3 4 24 12 7 -9 -10 18 11 -13 -14 14 -16 -17 17 -19 19 25 -22 -23 -24 -25 -26 26 27 -29 -30 -31
leaf_value=-0.06677132524868637 0.087459100466217521 0.066673669115745154 0.076077375966766281 -0.066818527798507873 0.071276239997810395 -0.066804267995531075 -0.067003397508576021 0.02535999142907211 -0.066771134787263944 -0.066712026360825002 -0.066951712600798186 0.037637733219370209 -0.066456226986779374 -0.066861515817354986 -0.066987477628791495 0.20293558514633481 0.14459626972873713 -0.066818830986576525 -0.066788531890839387 -0.037220252427988945 0.055674433577931219 0.12838908369273683 -0.066693256801146003 -0.067058354939832976 -0.06673819550022525 -0.066826975522147183 0.023734198319758523 -0.047876199803494029 0.036817549049971053 0.031953649407315723
leaf_weight=0.58651446497969928 0.2731871748255793 7.5200322798045809 0.34205068380106407 8.4996583912434271 0.99596950715931487 8.6235058205129427 2.9160257535913834 1.3967114020124425 1.5117455294239324 0.18559893454221565 0.69215353720937844 6.5634330145621789 39.116604443312099 0.30324413878406564 0.91095684639003582 0.88169564155396074 0.37359975480649232 0.27034534385165898 1.1221333989160509 2.2300071530044105 1.1234205442015079 0.77742131971172057 1.963083505281247 1.4851508201463728 0.39259078388568014 1.6007110334176133 5.9031470254558389 4.1321170705195982 12.757812848292813 1.6577525676548246
leaf_count=582 5 48378 5 5386 118 7039 1253 119 2940 468 283 916 45072 158 367 43 5 189 2745 3382 154 95 6100 582 842 3140 2284 5078 5316 487
internal_value=-0.025564 0.013952 -0.0473629 -0.0238788 -0.052906 -0.0578399 -0.00245161 -0.0370908 0.00233035 0.00553447 0.013996 0.0276603 -0.0602624 -0.038941 0.0465812 0.13389 -0.0582825 0.0558386 0.00946669 0.00680327 0.0136751 0.090788 -0.0478617 -0.0402635 0.0322551 0.00972319 0.0137415 -0.00575208 0.0259556 -0.0165721
internal_weight=117.108 41.6347 75.4736 23.2837 9.88822 52.1899 13.3955 4.31274 34.1147 32.603 9.08279 7.25559 50.48 11.3633 2.0959 1.18494 9.26745 0.643945 30.3667 29.4037 1.70994 0.96302 2.23627 1.8272 1.38856 28.2815 26.0515 10.0353 16.0163 3.25846
internal_count=143531 80418 63113 9504 6346 53609 3158 1372 32040 29100 1786 1199 52873 7801 568 201 7233 194 22995 22432 736 563 6105 587 960 19687 16305 7362 8943 3627
is_linear=0
shrinkage=0.1


Tree=204
num_leaves=31
num_cat=0
split_feature=31 31 8 8 32 33 24 4 4 4 25 0 9 25 6 32 36 32 10 2 27 27 11 11 19 32 19 36 33 24
split_gain=5.27037 1.69983 1.10092 3.16447 2.8771 2.4656 3.4419 4.98014 5.66423 3.56735 3.62024 2.21619 2.65316 2.74517 2.32303 1.86381 1.58001 1.72948 1.1893 1.18713 5.02165 2.78164 1.30967 19.4058 3.57669 4.0555 4.24805 3.78285 3.33585 3.07177
threshold=5.6000049957114308 5.4500000000000011 1.9999927881542103 1.0004103158373872 101.99972925847335 63.999870791547742 20.437728460933041 75.200145239974873 73.400570040804098 79.176957590136951 0.48840012522344473 41.998309765545351 2.9929295703187844 0.54965284929437785 7.9999628160976615 119.97852764407439 88.943561641962518 139.99929640976464 4.9999488137370776 183.82142745394535 3.9855558493695336 23.99962200456498 1.0000102589804476 1.9947608132802459 409.87083205148377 162.00092129381133 404.75322315459874 46.000024619376738 92.598911653397877 28.659918281147554
decision_type=2 2 2 2 2 2 2 2 2 2 2 2 2 2 2 2 2 2 2 2 2 2 2 2 2 2 2 2 2 2
left_child=1 -1 3 4 -3 -6 -7 8 -8 -9 15 18 13 -13 -14 -11 19 -18 -12 22 -21 -22 24 -24 25 26 -4 -28 -27 -26
right_child=-2 2 16 -5 5 6 7 9 -10 10 11 12 14 -15 -16 -17 17 -19 -20 20 21 -23 23 -25 29 28 27 -29 -30 -31
leaf_value=0.066674875338741765 -0.066674689932448503 0.057648526518588122 0.0034953895353437899 -0.09553453479798886 -0.10545492653147315 0.075021833342789723 -0.017643221609632342 0.08116618474815937 -0.2085042738184566 -0.12248576514730808 0.057068324679603738 0.00053168189647806409 -0.038903128827207589 -0.070855456114879353 0.095741733380920818 -0.016179840169580708 0.075228452351036784 -0.049057345089069782 -0.020116545492595367 -0.13643955312649192 0.073973388985292834 -0.02229253916230416 -0.10702193504782276 5.4303406917327441e-05 0.025931340753168393 -0.093081944834476071 -0.13782883496627135 -0.0041772512745349962 0.0056793147260622307 -0.050981943670528454
leaf_weight=3.8725513740500892 11.733566378715294 6.3331618944648644 636.58702171116602 4.2457283486146471 2.7618398900376624 4.5268753228010601 3.6510012828512108 4.3878629690734661 2.7083766832947731 4.1326789036393157 7.9240611047716794 11.82340900599957 2.0367148614022872 9.894959092140196 3.4550967067480087 2.7445256822975352 5.3142524036811656 1.4184692981652913 2.6686140468227677 1.6771250404417539 10.420167575532103 4.21610923053231 17.037765721092001 2571.6927847019397 94.439066505758092 8.1709271008148772 4.0362115704920125 4.4554095745552331 5.8820808264426878 5.4947306637186548
leaf_count=23514 91434 128 5482 52 19 70 38 45 16 33 68 37 51 29 18 23 165 14 25 22 157 53 244 20828 808 39 24 31 27 37
internal_value=0.000231718 0.0004594 0.000384948 -0.0117397 -0.00658732 -0.013074 -0.00881835 -0.0156658 -0.0989285 -0.00487463 -0.0133244 -0.00118334 -0.0162903 -0.0319925 0.0458068 -0.0800616 0.000648585 0.0490436 0.0376231 0.00055173 0.0274622 0.0462431 0.000420599 -0.00065042 0.00407322 0.00140039 0.00255814 -0.0677041 -0.0517441 0.0217024
internal_weight=3459.74 3448.01 3444.14 73.2949 69.0492 62.716 59.9542 55.4273 6.35938 49.0679 44.6801 37.8029 27.2102 21.7184 5.49181 6.8772 3370.84 6.73272 10.5927 3364.11 16.3134 14.6363 3347.8 2588.73 759.065 659.132 645.079 8.49162 14.053 99.9338
internal_count=143531 52097 28583 652 600 472 453 383 54 329 284 228 135 66 69 56 27931 179 93 27752 232 210 27520 21072 6448 5603 5537 55 66 845
is_linear=0
shrinkage=0.1


Tree=205
num_leaves=31
num_cat=0
split_feature=31 9 9 31 33 34 35 19 36 3 2 2 18 2 2 2 19 34 25 3 34 25 19 4 33 0 25 33 18 34
split_gain=1.49036 1.05098 11.4682 3.27756 2.92338 2.7401 3.21246 4.82776 3.78653 4.88439 4.92851 3.52826 4.18016 3.71519 3.39176 3.34059 3.83989 4.11496 3.67098 5.80035 3.79643 4.08674 4.39637 4.37756 4.19445 3.89238 3.87528 4.0436 3.28743 6.18505
threshold=6.4051489207289158 1.0001023725258471 1.946228422261286 5.6118259625383446 111.25000000000001 274.40099765133289 260.00297024621983 688.69821485612101 47.74458889836756 71.700267781434093 160.50036570381897 153.80011440864348 1658.628262975091 151.98005259153311 165.32850998206345 180.11339729041242 224.83611088344469 203.74586222466084 0.51055497950866802 85.573191074841034 255.00156803800016 0.51797446264929048 320.63057760012526 97.837097672725974 72.950043069011173 38.777319324144869 0.54378116948358302 100.01982341896981 2681.8530582937442 175.70902925163617
decision_type=2 2 2 2 2 2 2 2 2 2 2 2 2 2 2 2 2 2 2 2 2 2 2 2 2 2 2 2 2 2
left_child=1 5 3 -3 -4 6 8 -8 11 28 -11 12 13 -1 -12 18 -17 -18 -13 20 21 22 -20 26 -25 -24 -23 -28 29 -10
right_child=-2 2 4 -5 -6 -7 7 -9 9 10 14 15 -14 -15 -16 16 17 -19 19 -21 -22 23 25 24 -26 -27 27 -29 -30 -31
leaf_value=0.032451567341179939 -0.066669731848288491 0.09347704371073047 0.0011531308376498905 -0.017397168946380295 -0.064828812331306176 -0.050624865401308332 0.010125072155260973 0.16757691896279753 0.031945738572378812 0.16758338432887865 -0.076612454035458424 -0.0270272885800051 -0.046511871064490028 0.16122567123373768 0.029155188633660751 0.22092013435953525 0.049396121737861259 -0.081932630536483614 0.0057521080937853811 -0.053085341200761173 0.087644694596768671 0.0031225328003966634 -0.036119188349394198 -0.085670004127666205 0.10155165963032538 0.14018388144932745 -0.040773092085983093 0.07715809059103293 -0.032707864925827432 -0.011568618576130649
leaf_weight=8.6668348087550857 3.291994145474745 17.214681730692977 2697.2927230438436 3.1547838318510903 6.7315839957445851 11.744301769671436 123.62335240945686 1.9785440677660506 48.574874941383314 2.4689949801904723 3.2083414506487307 153.83402974776982 4.6322328301394 3.0214341083992613 55.141614526015474 1.0142756434361206 10.359234560470211 3.0997911744489093 13.729897442804942 22.495999003382167 4.9338358337190575 63.784341822676652 1.6024504382003204 1.4874696309270792 6.1202277463598875 5.7303234712162521 48.600624205428176 3.0924436098066499 31.888412761851214 99.727281464336556
leaf_count=66 48378 211 81656 1909 100 196 1567 16 970 40 72 2364 49 31 1193 42 221 73 149 366 49 736 16 25 81 79 523 21 680 1652
internal_value=0.000582866 0.000646872 0.00155199 0.0763051 0.000988871 -0.00271008 -0.00193157 0.0126053 -0.00498886 0.00469143 0.0291953 -0.0115386 0.0338796 0.0657399 0.0233396 -0.0137194 0.0332893 0.0191494 -0.0158102 -0.00575321 0.00138908 -0.00156325 0.0391401 -0.00852852 0.0649458 0.101656 -0.013369 -0.0337181 -0.00357926 0.00268407
internal_weight=3462.25 3458.95 2724.39 20.3695 2704.02 734.561 722.817 125.602 597.215 241.01 60.819 356.205 16.3205 11.6883 58.35 339.885 14.4733 13.459 325.412 171.578 149.082 144.148 21.0627 123.085 7.6077 7.33277 115.477 51.6931 180.191 148.302
internal_count=143531 95153 83876 2120 81756 11277 11081 1583 9498 4607 1305 4891 146 97 1265 4745 336 294 4409 2045 1679 1630 244 1386 106 95 1280 544 3302 2622
is_linear=0
shrinkage=0.1


Tree=206
num_leaves=31
num_cat=0
split_feature=31 31 25 24 32 21 3 23 14 4 24 27 10 32 33 23 9 2 0 35 35 19 10 36 3 4 34 11 4 24
split_gain=9.09624 2.34852 1.69571 1.60857 0.878975 0.712974 0.698782 1.07253 0.91635 0.713802 1.12382 0.84585 0.739895 0.697591 0.754514 0.689586 0.661908 1.74916 1.12447 0.978782 1.38192 1.0204 0.930003 0.659738 0.651806 0.768289 1.21429 0.817539 0.683278 0.612799
threshold=5.7059393912294212 6.4051489207289158 0.55492638194684651 26.387874106225663 89.034463651614104 5.2549600100164158 70.500015046060753 0.50886432027327289 0.8258887615922258 91.005977121632398 25.373967279007907 4.1146271544822337 5.2394656778819835 129.55164074018975 94.873634984021777 0.88505764692895428 1.4290011792994373 164.10231610678551 53.999946273192087 92.999479823858053 83.996252901905564 485.2180428962414 4.9999488137370776 29.002370547613442 65.828267861133028 84.300023921980127 152.00089695574863 1.0000102589804476 79.176957590136951 24.626796200703637
decision_type=2 2 2 2 2 2 2 2 2 2 2 2 2 2 2 2 2 2 2 2 2 2 2 2 2 2 2 2 2 2
left_child=2 5 4 13 -1 6 8 -8 9 10 11 -2 -11 29 -15 24 17 18 -6 20 -20 -21 -22 -5 25 26 28 -28 -13 -4
right_child=1 -3 3 23 16 -7 7 -9 -10 12 -12 15 -14 14 -16 -17 -18 -19 19 21 22 -23 -24 -25 -26 -27 27 -29 -30 -31
leaf_value=0.013314229636552719 -0.066736015785925848 0.066672797641255943 -0.03998731657466667 0.045169890694329196 -0.066782140441544069 -0.066764726974698915 -0.066719791206378373 0.026116155297514727 -0.066731709516890003 0.050868479017655954 -0.059595134229853713 0.062001654106372296 -0.066801791897349819 -0.066986800849729397 0.02369788866155903 -0.066921060690939269 -0.066800799045126466 -0.066802758795198036 -0.066803204210162878 -0.066947085055216279 0.043825815259433777 0.12872894277211841 0.25502194865654731 -0.06444317556895629 -0.066915691886100276 0.055681088805698192 0.073300382653804882 -0.052974547392843088 -0.067451142144945783 0.026775466550882216
leaf_weight=1.6805410248125543 1.2073535894887886 6.5814180141314855 1.7001179859871642 0.5884508424642253 1.0596962952113229 1.4647573633046693 3.0837497677712227 2.0864388367481297 1.4474251220890426 6.7440245990728718 2.371396658854791 3.5361331409876535 0.58034693700028572 2.6817902137117917 1.3946025740442562 0.86017595569137562 35.901251187322487 7.1611515432960005 0.2979244029556869 0.85497315776592564 0.32075282451842213 0.38718829528806964 0.59579643804318039 8.2098632410998089 0.73068174712534606 6.3645582616518368 0.61349376945872824 3.1210936344359652 0.46087222248024762 7.1855770732581732
leaf_count=734 3166 48378 569 111 910 3064 7547 1054 3868 1375 2746 677 599 1180 117 1081 43370 6042 174 448 30 10 27 5906 1260 1712 159 5672 404 1141
internal_value=-0.0253403 0.0119085 -0.0472864 -0.0241113 -0.0577363 0.0015133 0.00452497 -0.0292557 0.0107542 0.0149721 0.0048698 0.0139185 0.0415449 -0.00171125 -0.035962 0.0201261 -0.0602997 -0.038441 0.0193189 0.0564595 0.120296 -0.00595383 0.181112 -0.057112 0.0251761 0.0299497 0.00876799 -0.0322309 0.0470752 0.0140016
internal_weight=111.274 41.2539 70.0197 21.7604 48.2593 34.6725 33.2077 5.17019 28.0376 26.5901 19.2658 16.8944 7.32437 12.9621 4.07639 15.687 46.5787 10.6775 3.51633 2.45664 1.21447 1.24216 0.916549 8.79831 14.8268 14.0962 7.73159 3.73459 3.99701 8.8857
internal_count=143531 82762 60769 9024 51745 34384 31320 8601 22719 18851 16877 14131 1974 3007 1297 10965 51011 7641 1599 689 231 458 57 6017 9884 8624 6912 5831 1081 1710
is_linear=0
shrinkage=0.1


Tree=207
num_leaves=31
num_cat=0
split_feature=31 31 11 0 18 8 19 4 25 25 2 2 32 3 24 24 11 18 4 37 37 2 36 2 25 3 25 35 19 9
split_gain=4.83812 1.54599 1.0921 2.66637 1.83169 1.27644 1.25653 2.52255 3.5368 2.19543 2.10318 2.75102 3.18117 2.43455 2.33719 1.89784 1.83437 1.57276 1.49031 1.37063 14.4407 3.36427 3.52874 3.50522 3.2701 3.72161 3.77993 3.25598 3.09219 4.22728
threshold=5.6000049957114308 5.4500000000000011 8.9996338175482613 79.999163643624442 2451.1011454515487 8.0018873149110643 118.80835657223902 81.889788597714841 0.49791738225302107 0.52038793614087531 154.4164243501298 164.72412865884539 103.99967392014766 53.761769190648565 19.940091866452136 28.067417206384608 4.439657265030057 955.82896036740692 92.959252608508905 0.99994764460092833 0.0030789039529736111 159.70011174528477 30.366662791564067 168.24717942008442 0.54895321273205588 73.700026600187485 0.53690281188359423 77.998741165372763 329.64873078492434 1.9939837295098697
decision_type=2 2 2 2 2 2 2 2 2 2 2 2 2 2 2 2 2 2 2 2 2 2 2 2 2 2 2 2 2 2
left_child=1 -1 5 4 -4 6 7 8 10 -10 13 -12 -13 14 -3 17 -17 18 -9 20 -8 28 -23 24 25 26 -24 -26 29 -21
right_child=-2 2 3 -5 -6 -7 19 15 9 -11 11 12 -14 -15 -16 16 -18 -19 -20 21 -22 22 23 -25 27 -27 -28 -29 -30 -31
leaf_value=0.066674156528588421 -0.066674208388244324 -0.080770501482823109 0.078827623477548681 -0.1197483540415567 -0.042284661545236912 -0.047209611899888954 6.1598501702875562e-06 0.076265329419717254 -0.093376714909469069 0.00091943079400476932 0.072463966130582022 -0.10470380509868266 0.074785022918634009 -0.14910736983308445 0.077252558286842701 0.043551370295378602 -0.03999405454876559 -0.0058411974899902621 -0.00033677803809248677 -0.089325973463709352 -0.099043392301178312 -0.10688197167651603 -0.0062653813936240938 0.041365817225892332 -0.13663154142510436 -0.15377518589743802 0.096429437542073476 -0.023322412421260232 0.04273170009092344 0.012475322633700566
leaf_weight=3.5195775330503229 10.777322005941185 1.6910499273799424 6.3097012880025414 0.98397251777350891 1.5568716269917784 5.6520464029163113 3108.4874265691033 14.809841003851039 5.9712102084886265 4.2097846237011254 8.7841555422055517 2.2913843028363763 1.7352058631950056 1.3643046836368737 2.0960644289152697 4.9044755141949263 5.6622374582802877 4.0566541397711253 3.0654733851552001 4.2378259730758137 14.78920798934996 3.4587108495179555 55.580514437519014 14.296012468286788 3.8738463193876651 1.6089735699351866 3.8312154249288133 7.3433046005666256 34.84487629798241 108.84334345650859
leaf_count=23514 91434 29 128 26 22 26 25027 144 40 33 190 31 34 11 42 43 44 45 20 29 302 26 728 220 27 13 21 54 277 951
internal_value=0.000222295 0.000431886 0.00036404 0.0354462 0.0548583 0.00027345 0.00035188 0.0146184 -0.00729855 -0.0543858 0.0193906 0.0410894 -0.0273555 -0.0345708 0.00669095 0.033598 -0.00121695 0.0503716 0.0631287 9.44875e-05 -0.000462855 0.00741101 -0.00783478 -0.00387592 -0.0128293 -0.00370713 0.00035698 -0.0624538 0.016686 0.00866022
internal_weight=3450.64 3439.86 3436.34 8.85055 7.86657 3427.49 3421.84 60.6418 28.1432 10.181 17.9622 12.8107 4.02659 5.15142 3.78711 32.4987 10.5667 21.932 17.8753 3361.2 3123.28 237.919 89.9926 86.5339 72.2379 61.0207 59.4117 11.2172 147.926 113.081
internal_count=143531 52097 28583 176 150 28407 28381 706 410 73 337 255 65 82 71 296 87 209 164 27675 25329 2346 1089 1063 843 762 749 81 1257 980
is_linear=0
shrinkage=0.1


Tree=208
num_leaves=31
num_cat=0
split_feature=31 11 11 31 36 36 25 25 3 24 26 26 4 4 35 18 34 19 19 19 0 35 3 36 4 32 34 35 19 0
split_gain=1.30275 1.03164 7.1299 5.16385 3.56096 3.58326 6.28854 12.2164 3.30351 6.42882 2.64017 5.00419 5.27216 3.43176 3.23716 3.65629 3.31451 3.55326 3.21391 4.30506 5.00936 3.53519 3.46114 3.94193 2.87248 2.71414 3.4968 3.86031 3.48658 5.38709
threshold=6.4051489207289158 7.9999025157879391 5.2161109077871108 5.6118259625383446 72.000744394553166 71.000413355419241 0.43846652052610607 0.42152875519622929 44.179225916429466 20.792301788645041 1.0000000180025095e-35 0.99883975639068245 66.810156933131069 100.30073943930549 53.008262816726948 989.9620979914331 112.00194610166329 176.15482772807977 262.96088844849572 276.81763119772836 74.230348111305418 46.001887812461995 49.947648674351363 67.528348927210018 107.22926069673797 150.8128895767853 213.84829063143766 153.00283778040861 485.2180428962414 51.000075902511909
decision_type=2 2 2 2 2 2 2 2 2 2 2 2 2 2 2 2 2 2 2 2 2 2 2 2 2 2 2 2 2 2
left_child=1 2 -1 -4 5 10 7 -7 9 -6 13 12 -12 25 15 16 -13 -18 -17 21 22 -20 23 -21 -24 28 -27 -28 29 -3
right_child=-2 4 3 -5 8 6 -8 -9 -10 -11 11 14 -14 -15 -16 18 17 -19 19 20 -22 -23 24 -25 -26 26 27 -29 -30 -31
leaf_value=0.0012707238856031321 -0.0666693524750223 -0.043423880959681638 0.10189613493389596 -0.0089306544944931007 -0.016472252763486694 -0.067859457778666171 0.031737292527754472 0.78254554351502781 -0.067810168989809225 0.41837657701021885 0.28705164016918094 0.26034992925813694 0.047590870909369115 -0.074909891886319122 0.0019752787121820456 -0.065719092943924098 -0.02762456466842747 0.13605415292820353 0.14835664418624134 -0.004647169914670778 0.17087230973948314 -0.032792345058194415 -0.068716311206107702 0.24199177323652388 0.13752951029285401 -0.078562240092661828 0.099621663179617959 -0.054207268823996714 0.043497481561498894 -4.7995522501285379e-05
leaf_weight=2372.2674838564562 2.8810884750128016 36.319248163737939 12.130390193808127 6.4342093623272367 1.8934375700046069 0.32434174451191156 2.51961270722677 0.35253056054352783 13.568526756243953 0.41438716452830693 1.1048748274042726 0.65391556743997981 5.4780219411914004 8.2219476219106564 764.64546535161935 17.98141237301752 4.2395021939446451 1.9301344324194358 2.7520173685261389 8.3136946214217495 1.2191214160193329 1.7703239067632237 17.882754830585331 0.70279593384475525 0.70178523339563881 11.712818831896586 2.8718475057685273 3.7766817336014356 13.530461501584794 135.28370561851625
leaf_count=62455 48378 747 241 3694 249 40 106 11 1184 17 32 7 1112 213 19694 982 171 27 73 465 34 41 817 50 3 134 23 31 241 2259
internal_value=0.000546355 0.000602471 0.00175381 0.0634852 -0.00199398 -0.00127938 0.104436 0.375051 -0.0489976 0.0616081 -0.00160396 0.000940366 0.087782 -0.0115711 0.000245575 -0.0225002 0.0462714 0.0235814 -0.0316435 -0.0132667 -0.0275006 0.0774437 -0.0362626 0.0145773 -0.0609281 -0.00901195 -0.0456835 0.0122395 -0.00537491 -0.00922837
internal_weight=3453.88 3451 2390.83 18.5646 1060.17 1044.29 3.19649 0.676872 15.8764 2.30782 1041.09 829.376 6.5829 211.717 822.793 58.1475 6.82355 6.16964 51.3239 33.3425 28.8202 4.52234 27.601 9.01649 18.5845 203.495 18.3613 6.64853 185.133 171.603
internal_count=143531 95153 66390 3935 28763 27313 157 51 1450 266 27156 23508 1144 3648 22364 2670 205 198 2465 1483 1369 114 1335 515 820 3435 188 54 3247 3006
is_linear=0
shrinkage=0.1


Tree=209
num_leaves=31
num_cat=0
split_feature=31 31 25 24 32 6 35 19 10 15 21 19 9 2 0 35 35 35 0 8 15 36 35 10 34 24 14 4 18 24
split_gain=8.15036 2.09502 1.6854 1.52151 0.857901 0.685149 1.06983 0.897865 0.711749 0.663723 0.663581 0.660978 0.646665 1.63834 1.00154 0.788489 1.08889 0.918314 0.641001 0.632852 0.604552 1.1894 0.870698 1.45101 1.09991 0.665384 0.57241 0.557833 0.540952 0.540492
threshold=5.7059393912294212 6.4051489207289158 0.55492638194684651 26.387874106225663 89.034463651614104 7.7056124722590136 150.0004648291318 282.7457226570553 3.9999090474827423 2.7227650180997838 5.2549600100164158 202.26864343254479 1.4290011792994373 164.10231610678551 53.999946273192087 92.999479823858053 83.996252901905564 520.65047425830505 49.000898554218161 3.0004720400429199 1.086291348606766 52.738374698234956 84.997940868534258 2.5812078012965145 189.00023522664949 25.034273743403553 1.0000000180025095e-35 86.611778986003046 1470.7588847775216 26.11090568158102
decision_type=2 2 2 2 2 2 2 2 2 2 2 2 2 2 2 2 2 2 2 2 2 2 2 2 2 2 2 2 2 2
left_child=2 10 4 5 28 29 -7 8 -8 -5 18 -10 13 14 -6 16 -16 -17 -2 20 21 22 25 -24 -25 26 -20 -22 -1 -4
right_child=1 -3 3 9 12 6 7 -9 11 -11 -12 -13 -14 -15 15 17 -18 -19 19 -21 27 -23 23 24 -26 -27 -28 -29 -30 -31
leaf_value=0.052958726226490921 -0.048753233077238008 0.066672030178093436 0.001335046694575535 -0.066802109639796631 -0.066774780981572329 -0.067147075840965548 -0.066984596986153222 -0.067016997694105115 -0.067359273727629232 0.021434298511904627 -0.066758418611582049 0.08156223525972045 -0.066792612232101742 -0.066794045081204512 -0.066794452208967445 -0.06693081323689852 0.15738717237005942 0.12059962056997087 0.062252183086758964 -0.06682626037878843 -0.016999074274471362 -0.066702434272551528 -0.066941867853212808 -0.042990406580151214 0.0327156963351833 -0.066785337047807133 -0.067013520473040475 0.048096698437075674 -0.066867383082675841 0.065848467229048677
leaf_weight=1.1184374004005793 2.1273918392471378 5.7599467016116241 3.6107243782971654 7.3230840731121116 0.98794767457002164 3.033455096767284 0.52445630497823037 1.084419447564869 0.34554164602013804 0.96480849547515379 1.3704155403756875 2.1679435594269307 33.451865850925969 6.6793394365449785 0.27827766796690434 0.80171831646293845 0.97855061020527501 0.38725642611825606 4.8811647320981271 1.0880085251701519 1.6671870563586697 2.2507203438217394 2.8650267320335834 2.5663361574697756 7.6091335036180681 0.50698859833937593 0.36841903917957086 6.2572151160857175 0.56813001293630794 2.0280583553831093
leaf_count=230 6754 48378 1578 5095 910 702 116 231 57 922 3064 93 43370 6042 174 449 57 9 840 1865 2179 6637 3906 3038 3226 603 390 1882 504 230
internal_value=-0.0251212 0.0109551 -0.0465046 -0.0231518 -0.0573846 -0.00153039 -0.0220724 0.011096 0.0389792 -0.0565304 0.00139178 0.0610892 -0.0600937 -0.0379353 0.0182009 0.0525256 0.107751 -0.00585099 0.00429334 0.0080475 0.0108593 0.00199575 0.0102215 -0.00407806 0.013622 0.0426147 0.0531802 0.0344014 0.0125946 0.0245381
internal_weight=105.652 39.318 66.334 21.0825 45.2515 12.7946 7.15582 4.12236 3.03794 8.28789 33.558 2.51349 43.565 10.1131 3.43375 2.4458 1.25683 1.18897 32.1876 30.0602 28.9722 21.0478 18.7971 13.0405 10.1755 5.75657 5.24958 7.9244 1.68657 5.63878
internal_count=143531 82762 60769 9024 51745 3007 1199 497 266 6017 34384 150 51011 7641 1599 689 231 458 31320 24566 22701 18640 12003 10170 6264 1833 1230 4061 734 1808
is_linear=0
shrinkage=0.1


Tree=210
num_leaves=31
num_cat=0
split_feature=31 31 17 34 18 24 3 2 27 34 9 36 25 34 34 4 6 18 19 32 35 35 4 32 34 32 0 36 25 36
split_gain=4.4436 1.40688 1.06895 1.0673 3.28382 2.96874 2.68835 2.70049 2.40785 3.76444 5.89702 5.14199 5.91992 3.52216 3.63553 3.36411 4.14727 4.25801 5.87469 3.80627 3.57407 6.0069 4.35462 4.1859 5.57695 3.48848 3.35578 3.10929 5.40253 3.33417
threshold=5.6000049957114308 5.4500000000000011 1.998619439161651 235.00264384652891 3765.4182539085996 18.54093363382022 44.179225916429466 179.66084408353672 12.000085134999152 240.00969086663636 2.9286167823336728 54.99988060034547 0.53624001190200266 251.000606508701 253.0007037603076 91.106681862771396 2.1837266571135996 1805.1963718257955 312.3205146630649 123.19616083205597 110.00460653423687 196.71152603435939 87.400106364239505 139.99929640976464 249.00135238630807 148.69926820497909 56.991849314161819 49.648067014835028 0.60522873693713419 45.99965788492775
decision_type=2 2 2 2 2 2 2 2 2 2 2 2 2 2 2 2 2 2 2 2 2 2 2 2 2 2 2 2 2 2
left_child=1 -1 3 -3 5 -5 -7 8 15 10 -10 12 -12 26 -15 16 25 18 20 -20 22 -22 -18 24 -23 -8 -11 28 29 -16
right_child=-2 2 -4 4 -6 6 7 -9 9 13 11 -13 -14 14 27 -17 17 -19 19 -21 21 23 -24 -25 -26 -27 -28 -29 -30 -31
leaf_value=0.066673511920754922 -0.066673751596515965 0.00095182042240772406 0.067390587732657298 -0.086423446020617967 0.070554477597921647 0.070667431991314575 0.054668935511987343 0.06103546624762099 0.00025294346049179275 -0.0090304414835530502 -0.20128393759835939 -0.016328987557109039 -0.055442892649114811 -0.077951855039052012 -0.034421339456375794 -0.02097609609908339 -0.017429619952892994 0.021433011419372452 -0.14303620882810616 -0.030616298922376772 0.038172816869686585 -0.13141425495321168 -0.14071782111547115 0.046071802851084746 -0.0061081299661914258 -0.056721696565608194 0.043362991974370386 -0.032943068177486878 0.10053548744838697 0.033569100203029993
leaf_weight=3.2009338255011235 9.9032625738768711 3015.6496592297917 2.3764484367566174 4.4873745068907729 5.7519869720563284 4.685909417923539 25.153997991990767 6.0039278499316415 15.101602060487492 29.410421020933427 5.4219830059446412 6.8519035055069244 5.7190439710393548 9.7997169912559894 18.748974745394666 56.005775275989436 16.281921453133695 56.430825106916018 5.1854751594364625 7.1843748353421688 31.278580835671164 6.2116274931468096 3.4766128259361713 5.0337733514606944 8.2948720641434175 3.1652985434047869 20.920641070173588 38.329039108706638 5.367784082889556 11.721979477442799
leaf_count=23514 91434 25126 790 43 56 36 567 54 63 176 30 42 34 53 86 303 106 246 29 32 141 33 19 17 38 28 109 244 19 63
internal_value=0.000214949 0.00040789 0.000346051 0.000299568 -0.00447432 -0.00553657 -0.00463318 -0.00552176 -0.00654351 -0.0156142 -0.0458234 -0.0844956 -0.126419 -0.0081699 -0.020708 0.000243923 0.00733076 0.000242131 -0.0141745 -0.077743 -0.00303305 0.0109988 -0.0391228 -0.0324994 -0.0597637 0.0422186 0.0127474 -0.0131444 0.00802998 -0.00826586
internal_weight=3443.16 3433.25 3430.05 3427.68 412.025 406.273 401.786 397.1 391.096 167.393 33.0945 17.9929 11.141 134.299 83.9675 223.703 167.697 139.378 82.9472 12.3698 70.5774 50.8189 19.7585 19.5403 14.5065 28.3193 50.3311 74.1678 35.8387 30.471
internal_count=143531 52097 28583 27793 2667 2611 2568 2532 2478 919 169 106 64 750 465 1559 1256 661 415 61 354 229 125 88 71 595 285 412 168 149
is_linear=0
shrinkage=0.1


Tree=211
num_leaves=31
num_cat=0
split_feature=31 3 4 2 18 32 34 25 4 7 19 0 33 32 24 11 34 27 36 18 0 32 24 11 19 35 19 10 2 4
split_gain=1.13874 1.03596 5.83218 3.11593 3.92868 5.17924 5.94191 4.66853 4.60807 3.85715 7.90049 7.4066 6.12906 3.72557 3.62466 4.31341 4.7629 6.85171 3.53734 3.91186 3.65345 3.40297 3.78183 3.35558 3.91544 4.40021 4.42973 5.26634 5.25415 3.77861
threshold=6.4051489207289158 57.02762567839715 86.000013014365834 154.62727619485506 1329.9291432631378 131.00012132789215 276.37756224554079 0.6432645682840995 98.800093658196047 2.9999957838943483 234.18627460000002 61.000083557896062 73.000059847391114 97.000379502481408 25.615517172557421 4.9999776490670191 184.00204804189488 3.9855558493695336 54.99988060034547 1234.1490240000003 78.997381413730892 146.58575731792871 26.387874106225663 3.027839799034481 412.71747876419619 118.00239311196896 250.54171431769012 2.9999970915648553 150.40004821761059 84.000069401083678
decision_type=2 2 2 2 2 2 2 2 2 2 2 2 2 2 2 2 2 2 2 2 2 2 2 2 2 2 2 2 2 2
left_child=1 2 -1 4 7 6 8 9 14 11 18 -3 13 -13 15 16 17 -6 20 -20 21 22 -11 24 25 26 28 -28 -7 -25
right_child=-2 3 -4 -5 5 23 -8 -9 -10 10 -12 12 -14 -15 -16 -17 -18 -19 19 -21 -22 -23 -24 29 -26 -27 27 -29 -30 -31
leaf_value=-0.00021062361969671273 -0.066669016594351718 -0.0048251666035724339 -0.03222182647817675 0.0002431811102291162 -0.023572183180803997 -0.10195202183050289 0.16622923490005395 -0.049587293709947057 0.077640908750277654 0.091902911266403556 -0.089662129719454975 0.19320165619480675 0.1128574256728431 -0.056346252097441429 -0.011837828700674071 -0.0078597859028096944 0.012801577320782083 0.20480424730207225 -0.078577875533013139 0.16120508876586997 0.12884472794348653 -0.045641797356772811 0.0031659537741574022 -0.0083712211800493971 -0.095982640257980048 0.051872220205916579 0.054954661127530002 -0.093913760392908552 0.12112510144640375 0.070312248137607336
leaf_weight=921.0060667682701 2.5214693661691845 30.225558817808633 60.663855257931573 2128.7225052889189 1.890926001316984 1.4468926117988328 2.2650528302183366 18.853968660783721 7.7151073148052083 6.8340564306709046 10.941667455808782 0.70093851280398922 12.809283973736454 4.0836809007741977 89.58756485417689 14.24125395718147 6.5554904246746446 4.3035444993074634 6.9824893248514845 0.75382489834009891 2.8134781083281259 8.1558222370877029 16.158532996654685 7.3412694657017701 2.8197265416165456 25.490472832127125 3.3862394795432902 7.9676633326525916 3.9064001645310782 36.193296685880341
leaf_count=31392 48378 609 1283 56089 56 19 62 361 128 155 134 10 260 252 1650 287 219 68 254 33 66 136 288 112 54 282 67 66 68 693
internal_value=0.000508969 0.00055814 -0.00218881 0.00165292 0.0106264 0.0186985 0.00571909 -0.00392693 0.00279406 0.0046425 -0.0140335 0.0252011 0.0767848 -0.0197879 -0.00215926 0.0299652 0.0722145 0.13509 0.00581161 -0.0552135 0.0197128 0.00985541 0.0295411 0.0372487 0.0181056 0.0257292 -0.0141576 -0.0495146 0.0608316 0.0570438
internal_weight=3447.34 3444.82 981.67 2463.15 334.424 215.111 126.559 119.313 124.294 100.459 52.6399 47.8195 17.5939 4.78462 116.579 26.9912 12.75 6.19447 41.6982 7.73631 33.9619 31.1484 22.9926 88.552 45.0174 42.1977 16.7072 11.3539 5.35329 43.5346
internal_count=143531 95153 32675 62478 6389 3831 2470 2558 2408 2197 1066 1131 522 262 2280 630 343 124 932 287 645 579 443 1361 556 502 220 133 87 805
is_linear=0
shrinkage=0.1


Tree=212
num_leaves=31
num_cat=0
split_feature=31 31 25 24 15 32 9 2 0 36 35 15 37 32 32 19 7 27 3 23 14 14 6 27 35 25 33 24 3 14
split_gain=7.38049 1.81563 1.75371 1.2175 1.04542 0.827579 0.631787 1.54125 0.909698 0.68161 0.722641 0.758903 0.629466 0.629057 0.685947 0.605339 1.13461 0.63484 0.593832 0.908921 0.779365 0.569763 0.844416 0.714546 0.627124 0.902614 0.636138 0.605967 0.54043 0.527617
threshold=5.7540138656154616 6.4051489207289158 0.55362742704479029 26.387874106225663 2.7227650180997838 89.034463651614104 1.4290011792994373 164.10231610678551 53.999946273192087 48.716036483643627 92.999479823858053 1.9999886207342505 0.65633933431381253 129.55164074018975 155.00184831982781 304.10435192458704 1.9332162593255282 5.0000396871054411 70.500015046060753 0.50886432027327289 0.8258887615922258 0.21917930324472343 0.10852433939914986 4.0002507619988021 95.002007045838994 0.53449894034967416 73.000059847391114 24.88119041150858 58.48230588739753 0.41889093104098984
decision_type=2 2 2 2 2 2 2 2 2 2 2 2 2 2 2 2 2 2 2 2 2 2 2 2 2 2 2 2 2 2
left_child=2 12 5 13 -5 -1 7 8 -7 10 -10 -12 18 15 -15 16 -4 -17 20 -20 21 22 -2 -24 27 -26 -27 -25 -23 -21
right_child=1 -3 3 4 -6 6 -8 -9 9 -11 11 -13 -14 14 -16 17 -18 -19 19 29 -22 28 23 24 25 26 -28 -29 -30 -31
leaf_value=0.012097437411502649 -0.048937731176898175 0.066671359019074908 -0.066957530788995578 -0.066791569291697467 0.030984341598895671 -0.066767775756346417 -0.066783639221610944 -0.066785056843498197 0.13026995621474705 -0.066828992251937225 -0.06694838094656394 0.11818346159748071 -0.057119750958515063 -0.066965758798098352 0.020847132533484386 0.02832978420845338 0.048662099181038532 -0.067130645433151212 -0.066717189429361418 -0.06675534804209006 -0.066731653642247854 -0.033102962117881989 -0.066754380934392135 0.051773279012146234 -0.066908567267994268 -0.04201902203750732 0.035656287700071301 -0.058078247943683041 0.053388843996864888 0.050317455736864913
leaf_weight=1.6600823258340813 2.3887637766456633 5.0410002888384033 1.0170192555597184 7.0678457870926632 1.2936721421210675 0.92199026990419808 31.337061142319726 6.2070908728856011 1.0690737553231886 0.41254283577654849 0.53842691664976872 0.376085852538381 1.70148516633344 2.5371450524507959 1.3698422288362051 1.2183506401925117 5.1300556057612994 1.62694151593314 2.6006402058628728 0.50871017002646146 1.2120535301946791 0.83573516727483266 1.0005604733087228 6.1982217446857231 1.5568188704419297 1.3555223236326126 4.7454686949786264 0.54642262232664496 5.3280684159472003 1.5823496297234667
leaf_count=735 4928 48378 474 5496 986 918 44818 6133 100 318 253 26 2976 1221 207 180 738 510 6985 815 3583 1074 2080 2053 2673 943 1484 581 1464 401
internal_value=-0.0248512 0.0109428 -0.0453915 -0.0219414 -0.0516639 -0.0571164 -0.0599283 -0.0373747 0.0176424 0.050122 0.0744452 0.00918557 0.0020416 -0.00267489 -0.0361774 0.0118812 0.0295331 -0.0262546 0.00541282 -0.0272496 0.0115017 0.01546 0.00638262 0.0149619 0.0206389 0.0010556 0.0183983 0.0428736 0.0416616 0.0218361
internal_weight=100.385 36.6018 63.7832 21.2609 8.36152 42.5224 40.8623 9.52521 3.31812 2.39613 1.98359 0.914513 31.5608 12.8994 3.90699 8.99237 6.14707 2.84529 29.8593 4.6917 25.1676 23.9556 17.7918 15.403 14.4025 7.65781 6.10099 6.74464 6.1638 2.09106
internal_count=143531 80418 63113 9812 6482 53301 52566 7748 1615 697 379 279 32040 3330 1428 1902 1212 690 29064 8201 20863 17280 14742 9814 7734 5100 2427 2634 2538 1216
is_linear=0
shrinkage=0.1


Tree=213
num_leaves=31
num_cat=0
split_feature=31 31 28 5 32 33 35 24 0 4 33 35 34 19 34 18 18 36 36 35 33 0 2 34 35 18 7 19 34 35
split_gain=4.08639 1.28278 1.05128 1.04168 1.16084 2.35283 2.38705 2.07662 3.93067 1.86128 1.52121 5.01153 5.6536 4.31607 4.26789 4.22299 4.2753 3.81702 8.44139 7.54217 3.77884 3.65288 4.13706 4.03054 3.58331 3.5562 4.81616 3.11918 5.29109 3.091
threshold=5.6000049957114308 5.4500000000000011 293.98036325777645 8.9996338175482613 91.01827667847715 63.000262052035247 79.998284296398978 24.502141486017027 51.999839803316064 56.940759752874271 61.999958221051976 116.00121266877871 192.73986619192181 197.27128269570227 196.77142724755126 2525.5699042390647 2464.0214409067989 60.120275969224579 56.87484742378124 74.997734305866246 62.000653997712064 48.99402928402781 148.6557698810191 228.93159887273831 213.00667480694514 2100.3729923129126 2.7636397301600062 218.31303009260998 135.00044214731199 86.99941833397051
decision_type=2 2 2 2 2 2 2 2 2 2 2 2 2 2 2 2 2 2 2 2 2 2 2 2 2 2 2 2 2 2
left_child=1 -1 3 4 5 7 -7 9 -9 -3 11 12 15 -14 -15 16 17 18 25 27 -12 -13 -23 24 -24 26 -6 -20 -29 -28
right_child=-2 2 -4 -5 10 6 -8 8 -10 -11 20 21 13 14 -16 -17 -18 -19 19 -21 -22 22 23 -25 -26 -27 29 28 -30 -31
leaf_value=0.066672937468606239 -0.066673333534765539 -0.055472441991342429 0.054724854788351332 0.041045059853036199 -0.0051890835948165161 -0.096952538369841981 0.026042636181969295 0.071792512445992343 -0.13924525813000305 0.057545413110279567 0.033566280613381481 0.066038176658980402 0.043304074009485792 -0.17387789762919609 -0.059217800234782264 0.060267153002570399 -0.15616568842468895 0.047669551067944599 -0.21469224114143728 -0.32852778275871763 0.00012003065260498663 0.07241581342153379 0.021611254183317542 -0.090564798701064667 -0.089541905378602141 0.060010964179318484 -0.020928281037220369 -0.21168729370069778 0.06954005007513929 -0.16387494369676137
leaf_weight=2.9170696010478414 9.1107377951238941 1.5891284439712858 3.5495230301748952 6.2553477089386424 34.232270561624318 3.0756190000101915 3.2403680611168966 1.7391923801042133 1.7918488723225889 17.551684658101294 34.139417717466131 11.495015508611685 3.2384440321475294 3.9885920453816679 17.443471953331027 7.8808792964555314 2.1433916058158493 9.0027117687859555 1.08355754893273 1.5176679048454387 3211.1204899816657 6.4975678641349068 17.908857815666131 5.7720576822757712 3.4607410011813036 6.4742676782188928 2.68954640533775 0.97034107334911857 2.1542991630267352 3.4570632483810186
leaf_count=23514 91434 30 661 100 550 72 52 27 16 547 460 160 66 36 199 179 32 227 26 32 24619 49 175 30 25 103 23 6 57 24
internal_value=0.000209822 0.00038756 0.000331113 0.000274691 0.000200025 0.0201263 -0.0338508 0.0351635 -0.0352999 0.0481623 2.94676e-05 -0.0101235 -0.023013 -0.0642976 -0.0805565 -0.00878918 -0.0173294 -0.0124971 -0.022799 -0.137416 0.000471878 0.0173714 0.000741187 -0.0164173 0.00361034 -0.00879174 -0.0198234 -0.0684926 -0.0177937 -0.101326
internal_weight=3437.49 3428.38 3425.46 3421.91 3415.66 28.9878 6.31599 22.6719 3.53104 19.1408 3386.67 141.411 96.2765 24.6705 21.4321 71.606 63.7251 61.5817 52.579 5.72587 3245.26 45.1342 33.6392 27.1417 21.3696 46.8531 40.3789 4.2082 3.12464 6.14661
internal_count=143531 52097 28583 27922 27822 744 124 620 43 577 27078 1999 1560 301 235 1259 1080 1048 821 121 25079 439 279 230 200 700 597 89 63 47
is_linear=0
shrinkage=0.1


Tree=214
num_leaves=31
num_cat=0
split_feature=33 20 3 2 19 0 2 35 18 27 33 33 35 34 35 34 19 0 32 19 21 18 18 6 4 3 18 11 35 29
split_gain=1.01864 2.96492 1.93527 2.38543 1.51895 2.05259 1.2979 2.91273 1.27528 1.22026 1.21748 4.42361 3.78609 3.58991 5.77501 5.3635 4.34092 4.09589 3.91351 4.29218 4.28464 3.73846 4.22642 4.36056 3.34873 3.24747 3.09617 3.43998 7.2589 5.52934
threshold=54.500508989173404 151.99749946036584 59.463391945365785 157.41002240993325 485.2180428962414 51.999839803316064 139.41817403117145 97.00087311084252 1554.8319285079758 8.988106285691261 61.999958221051976 62.384099598516933 34.793176328422319 192.00019337024847 99.000327270889201 219.86560187218174 503.99781942451494 42.999750144024269 96.006404224366449 433.95951600494578 8.2405834145428081 2157.5830765782189 1196.3232159976753 7.9999628160976615 64.310073999886995 79.901321907911338 1031.1963566025959 2.5134349865227779 87.99990904748276 1.0000000180025095e-35
decision_type=2 2 2 2 2 2 2 2 2 2 2 2 2 2 2 2 2 2 2 2 2 2 2 2 2 2 2 2 2 2
left_child=1 2 4 8 6 -6 7 -1 9 -4 13 12 -12 18 15 16 26 -16 -2 20 -20 22 -19 -24 -22 -21 -15 28 29 -28
right_child=10 -3 3 -5 5 -7 -8 -9 -10 -11 11 -13 -14 14 17 -17 -18 21 19 25 24 -23 23 -25 -26 -27 27 -29 -30 -31
leaf_value=-0.068008057549982417 -0.032991147938180428 0.31275885583272761 0.028802810881694799 -0.037056607652017653 -0.068771858498046776 0.14967204236551865 -0.069237653977927971 0.35749653535224868 -0.0058591585436426636 0.18256369166029518 0.1837968013174289 0.00060747618421583998 -0.039226807816715857 -0.074324807254233974 -0.07418053011790586 -0.04015824229277571 0.29252199765406711 0.085859104666287711 0.013072145260523558 -0.075948649796733395 0.20756842695724878 0.12114316904544442 0.071600044608768135 -0.05744370755136971 0.027447445036855523 0.26047124791009252 -0.075246134453081023 0.13708821763103118 0.2511941244519742 0.25199080147061714
leaf_weight=0.505493926939386 27.822140542117268 0.26218466427962894 0.84071197759112659 3.9142206224059919 0.8649805244313018 0.8556776322038786 11.108025237452237 0.23597697944933316 1.1808263455641279 1.3368583423834934 0.77781439558384491 3243.4774128725257 35.601295120584837 1.1369673594999827 5.5277607050338728 3.392944495779374 1.0730458628531767 4.7572760443436044 55.757732445683359 6.8178909550369999 2.0906155704069525 3.2499753330957892 3.5460791717741786 10.011723901574442 2.0387176566982816 0.29953990844660427 3.5595396271382915 8.4561421653670532 1.2020035020359499 0.60396817676155468
leaf_count=45 1571 23 37 438 33 21 1037 16 43 26 32 131199 1845 73 198 233 24 217 4300 440 20 150 427 139 358 23 156 329 33 45
internal_value=0.000475036 -0.0214269 -0.0256307 0.0159929 -0.047938 0.0398596 -0.060687 0.067411 0.0778223 0.1232 0.000610147 0.000218537 -0.0344584 0.00969737 0.0324515 0.0740636 0.0982375 0.00261709 -0.00146473 0.0116259 0.0203512 0.0223026 0.00476353 -0.023692 0.11864 -0.0617903 0.0843007 0.0973492 0.0347197 -0.0277764
internal_weight=3442.31 21.105 20.8428 7.27262 13.5702 1.72066 11.8495 0.741471 3.3584 2.17757 3421.2 3279.86 36.3791 141.344 46.5174 19.4246 16.0317 27.0928 94.8266 67.0045 59.8871 21.5651 18.3151 13.5578 4.12933 7.11743 14.9586 13.8217 5.36551 4.16351
internal_count=143531 1719 1696 544 1152 54 1098 61 106 63 141812 133076 1877 8736 2024 893 660 1131 6712 5141 4678 933 783 566 378 463 636 563 234 201
is_linear=0
shrinkage=0.1


Tree=215
num_leaves=31
num_cat=0
split_feature=31 25 31 24 15 32 9 2 0 36 6 35 19 5 21 35 0 10 36 12 27 24 8 25 25 18 24 34 6 3
split_gain=6.63328 1.6839 1.62719 1.14516 0.969244 0.808451 0.616246 1.44995 0.822211 0.599907 0.593268 0.971824 0.798308 0.633168 0.583557 0.581841 0.686033 0.561613 0.531936 1.26904 0.808652 0.532157 0.522848 0.50942 0.57782 0.48174 0.471258 0.79484 0.715668 0.460258
threshold=5.7540138656154616 0.55362742704479029 6.4051489207289158 26.387874106225663 2.7227650180997838 89.034463651614104 1.4290011792994373 164.10231610678551 53.999946273192087 48.716036483643627 7.7056124722590136 150.0004648291318 282.7457226570553 7.6498365563513113 5.2549600100164158 92.999479823858053 54.000010499587837 3.9999090474827423 52.738374698234956 3.9276554430766191 3.8806240660641929 29.157118454730043 3.0004720400429199 0.4322195366615687 0.4196509227118364 2989.8608175787958 26.11090568158102 143.00089919311782 7.3859397712966377 70.060773223968809
decision_type=2 2 2 2 2 2 2 2 2 2 2 2 2 2 2 2 2 2 2 2 2 2 2 2 2 2 2 2 2 2
left_child=1 5 14 10 -5 23 7 8 -7 15 26 -12 13 -13 18 -10 -17 -15 20 -20 -2 22 25 24 -1 -22 27 -3 -29 -6
right_child=2 3 -4 4 29 6 -8 -9 9 -11 11 12 -14 17 -16 16 -18 -19 19 -21 21 -23 -24 -25 -26 -27 -28 28 -30 -31
leaf_value=-0.067017512455510506 -0.066767286391674702 0.067486018433798603 0.066670776947618929 -0.066783486186430679 0.066568180336802563 -0.066761453568747339 -0.066776476829096529 -0.066777508829959961 0.11806837314586045 -0.066817735029516684 -0.067105938809880777 -0.067094733252579059 -0.066976118702571627 -0.066960971989314555 -0.066752458113542759 0.11212945709996686 -0.06692927767215634 0.074705963780780968 -0.066702305182453334 0.048762032851227315 0.022147719745026034 -0.066910865529869773 -0.066860129159579368 -0.067201516239338371 0.094493188159798847 -0.066855151935665616 0.060417032872363934 -0.057705543808500952 0.075799975435976968 -0.06677840933842849
leaf_weight=0.30489764411686227 1.300194528754228 1.1923373705285505 4.4117847671150221 6.5966514923602508 0.90887287322402677 0.86086616657121195 29.221940176474163 5.7938054965634365 1.1001237356103959 0.38490704177092983 2.8574945858163119 0.50031740832128058 1.0216506637298151 0.32171400278457474 1.1962096501229087 0.37099697119992914 0.5055357253550028 2.1496211278572446 2.8477262075975878 1.429796146796434 21.758257616427738 0.78211629152065043 0.72095390270987891 0.551216942443716 0.80990378074056935 0.62562818016158317 1.9849557511988676 2.0431350573308014 0.49973566760309029 0.36191568105277838
leaf_count=265 2921 157 48378 5496 149 918 44818 6133 100 318 748 112 251 79 2940 8 271 87 9712 623 12126 1617 1023 397 73 1078 268 1613 15 837
internal_value=-0.0246971 -0.0447986 0.00988749 -0.0214569 -0.051378 -0.0567539 -0.0597249 -0.0368705 0.0169012 0.047399 -0.00273102 -0.0225817 0.00927863 0.0354949 0.00171696 0.06964 0.00885825 0.056264 0.00449669 -0.0281074 0.0100338 0.0142142 0.0169604 0.011437 0.0503201 0.0196601 0.0210433 0.00011936 -0.0314685 0.0285916
internal_weight=95.4153 60.3426 35.0727 20.4384 7.86744 39.9042 38.2382 9.01624 3.22243 2.36156 12.571 6.8508 3.9933 2.97165 30.6609 1.97666 0.876533 2.47134 29.4647 4.27752 25.1872 23.887 23.1048 1.66602 1.1148 22.3839 5.72016 3.73521 2.54287 1.27079
internal_count=143531 63113 80418 9812 6482 53301 52566 7748 1615 697 3330 1277 529 278 32040 379 279 166 29100 10335 18765 15844 14227 735 338 13204 2053 1785 1628 986
is_linear=0
shrinkage=0.1


Tree=216
num_leaves=31
num_cat=0
split_feature=31 31 16 11 11 36 3 22 19 10 10 6 9 2 33 35 25 25 4 4 2 4 25 24 24 34 32 24 18 18
split_gain=3.76027 1.16722 1.02563 1.02135 11.3527 3.41182 2.90033 2.8126 2.79075 2.62226 9.69551 4.93107 5.00736 5.18592 4.17434 4.56257 4.0836 4.02764 3.98665 3.91721 3.83898 5.19744 4.4917 6.34851 4.488 3.75844 3.40926 5.92215 3.51178 4.85182
threshold=5.6000049957114308 5.4500000000000011 1.9999120663773577 7.9999025157879391 5.0002277014888366 72.000744394553166 44.179225916429466 8.9991807487128703 249.60338296909785 5.0000803547617982 5.9998872388027653 0.99995336598937867 2.9929295703187844 170.08661171045483 71.972743727671869 97.00087311084252 0.53035585057680212 0.43702044781098537 82.608938740929474 91.200069471245357 166.17833432190733 81.640099857952649 0.51490642613497406 20.50213552645042 23.912984869486952 164.67196627616315 162.00092129381133 22.535018136951798 1456.7665088794993 1051.2302981187688
decision_type=2 2 2 2 2 2 2 2 2 2 2 2 2 2 2 2 2 2 2 2 2 2 2 2 2 2 2 2 2 2
left_child=1 -1 3 4 9 7 8 -5 -7 26 -11 12 13 18 15 17 20 -13 -12 -18 21 -16 23 25 -25 -22 -3 -28 29 -29
right_child=-2 2 -4 5 -6 6 -8 -9 -10 10 11 14 -14 -15 16 -17 19 -19 -20 -21 22 -23 -24 24 -26 -27 27 28 -30 -31
leaf_value=0.066672353222483341 -0.066672942298955915 0.0015843644200527257 0.062482637560288136 0.0013174097389019113 -0.1000412335937772 0.07167067717189532 0.068944707503231881 0.033833944856087511 -0.14301532554902172 -0.092189077231125738 0.067394562348046597 -0.09042655520920094 0.010054954142511245 0.067800340840078091 -0.0082739058079886255 -0.050617998856889751 0.044062796151618566 0.025667377408174315 -0.29917774501561278 0.0033993801050945065 -0.14874385611295082 0.049979854071119947 -0.070155273031389784 0.020610144087298461 -0.033713868196638665 -0.035420167715708793 -0.10319467644443325 0.023220473425193719 0.015192847034355167 -0.11557952473990725
leaf_weight=2.6532746164812115 8.3859079262110736 1966.1897109061247 2.6521688229404381 1008.5086185512482 11.489403696730731 1.0723277414217585 12.792855037958359 27.321717603481375 1.3908602003939448 13.279256237437947 0.3446260867640375 3.5528671247884658 2.3981895438046195 0.6572159839561208 51.614976098528132 34.964036348741502 35.447999050375074 18.807762111886404 2.1324863008921966 71.422765116672963 4.5925047863274804 21.77819612971507 15.790357667719944 41.728222078527324 23.928776077460498 8.0680706463754159 8.2905989456921798 4.4079227321781236 21.094215279910713 5.8750180611386895
leaf_count=23514 91434 16402 819 8402 219 36 313 367 28 109 44 38 225 89 207 141 119 102 59 239 21 75 58 159 87 34 44 22 98 27
internal_value=0.000208183 0.000371973 0.000320561 0.00027234 -0.000879212 0.00286652 0.0498124 0.00217509 -0.0495536 -0.000395708 -0.00837598 -0.00507563 -0.0987061 -0.181923 -0.00351392 -0.0280566 0.0016138 0.00722128 -0.248179 0.016887 -0.00813099 0.00901192 -0.0215005 -0.0116907 0.000811689 -0.0765273 0.000998784 -0.0280263 -0.00816507 -0.056081
internal_weight=3432.63 3424.25 3421.59 3418.94 2367.86 1051.09 15.256 1035.83 2.46319 2356.37 350.508 337.229 5.53252 3.13433 331.697 57.3247 274.372 22.3606 2.47711 106.871 167.501 73.3932 94.1079 78.3176 65.657 12.6606 2005.86 39.6678 31.3772 10.2829
internal_count=143531 52097 28583 27764 18618 9146 377 8769 64 18399 1806 1697 417 192 1280 281 999 140 103 358 641 282 359 301 246 55 16593 191 147 49
is_linear=0
shrinkage=0.1


Tree=217
num_leaves=31
num_cat=0
split_feature=7 7 31 32 32 34 0 33 36 2 18 8 32 19 10 18 0 35 18 24 18 25 37 32 2 18 24 18 34 25
split_gain=0.979914 19.3936 4.56702 3.98415 3.86198 2.88733 5.13853 2.70049 7.09132 6.7174 5.55814 11.7612 3.79117 3.55511 6.03178 6.25833 5.06218 4.18746 3.97249 4.55382 3.94296 4.00656 3.52401 4.3008 4.2213 3.54282 4.80377 4.79412 3.22137 3.29114
threshold=1.9991072473805913 1.0000092959755851 5.6465386223893175 120.22234807923563 120.96743654601582 291.04424081531926 51.999839803316064 71.972743727671869 50.420494162983438 173.80034612800117 2100.3712698129125 7.9747254713304363 137.99994918850351 347.88033076887183 5.1189211006311153 2377.1898163263672 50.999802467406582 90.999662265305659 943.59205921725152 18.212102479873142 1061.1184016763698 0.5450627969530194 0.08841337813198781 126.00008835272251 151.50027966827432 1196.3232159976753 22.159876895194746 1316.4924096793054 165.00087783699976 0.44153413004479075
decision_type=2 2 2 2 2 2 2 2 2 2 2 2 2 2 2 2 2 2 2 2 2 2 2 2 2 2 2 2 2 2
left_child=1 5 -3 -2 -5 -1 -7 8 9 13 11 -11 -10 18 17 -16 -17 -15 -6 -20 21 -21 24 -24 -22 26 -26 -27 29 -25
right_child=3 2 -4 4 7 6 -8 -9 12 10 -12 -13 -14 14 15 16 -18 -19 19 20 22 -23 23 28 25 27 -28 -29 -30 -31
leaf_value=0.00015663161463903239 -0.0080440944663217329 0.093884323150882409 -0.0011234342967028253 0.10071838418907027 -0.026451012557284267 -0.01909986652985779 0.16359569685627207 0.00013391618850029701 -0.0035130801342764446 0.16016295960870686 0.053414237589739927 0.80677451635633113 -0.071574687069656723 0.058385291385592931 -0.0032181180454258201 -0.091969769659602851 0.24036793468364259 -0.063053775946176657 0.18599715851676479 -0.073424570302782474 -0.025731676690430302 0.16900717286909525 0.18427875049500614 0.28612786732372997 0.24798385580824928 -0.088159337607991328 0.017022967583022634 0.039597269303786709 0.087508808227724416 -0.082033984008437866
leaf_weight=1108.6377032541095 565.71270923274278 28.180885785070132 6.1667670595052178 3.9242120238814087 9.8230140214000112 3.2008433261435121 2.9661294613761129 1560.2395752159428 37.526150386929658 1.5526167083880853 2.6698714278536499 0.34353623824790691 10.466734135752629 3.4921713792719009 5.2928795194384275 0.56488987308694083 2.4296897370659281 15.191445580559956 2.1136786082279277 0.8295429557801971 14.789076585431756 3.8249791043854202 2.9762235484267867 0.26966783404350136 1.7878346627112471 3.2491520422227032 1.814542954914941 30.598576962704101 5.5934465210521012 2.4380479437531903
leaf_count=39563 23540 634 11763 1208 908 134 106 54223 3391 121 161 12 875 271 293 4 146 910 28 136 637 377 376 1 50 296 239 2084 469 575
internal_value=0.000433719 0.00281649 0.0768267 -0.000762239 0.0016275 0.0005362 0.0687712 0.00140141 0.0137894 0.027608 0.146394 0.277313 -0.0183566 0.0225428 -0.0088596 0.0621461 0.177677 -0.0403555 0.0331155 0.0414405 0.0369585 0.1258 0.0304481 0.0811436 0.019504 0.0373676 0.131647 0.0273335 0.0441664 -0.0453679
internal_weight=3438.67 1149.15 34.3477 2289.51 1723.8 1114.8 6.16697 1719.88 159.638 111.645 4.56602 1.89615 47.9929 107.079 26.9711 8.28746 2.99458 18.6836 80.1078 70.2848 68.1711 4.65452 63.5166 11.2774 52.2392 37.4501 3.60238 33.8477 8.30116 2.70772
internal_count=143531 52200 12397 91331 67791 39803 240 66583 12360 8094 294 133 4266 7800 1624 443 150 1181 6176 5268 5240 513 4727 1421 3306 2669 289 2380 1045 576
is_linear=0
shrinkage=0.1


Tree=218
num_leaves=31
num_cat=0
split_feature=31 25 31 24 15 32 9 2 0 37 6 35 19 5 36 24 3 23 14 2 5 7 10 34 18 14 6 19 27 10
split_gain=6.11428 1.59452 1.49486 1.06899 0.915814 0.80743 0.601736 1.3652 0.742876 0.571035 0.531585 0.913949 0.728701 0.565086 0.53078 0.510513 0.507586 0.839004 0.690504 0.499303 0.713791 0.585869 0.491309 0.469164 0.467049 0.464357 0.770478 0.63171 0.823563 0.707556
threshold=5.7540138656154616 0.55362742704479029 6.4051489207289158 26.387874106225663 2.7227650180997838 89.034463651614104 1.4290011792994373 164.10231610678551 53.999946273192087 0.65633933431381253 7.7056124722590136 150.0004648291318 282.7457226570553 7.6498365563513113 48.716036483643627 22.951085190077077 70.500015046060753 0.50886432027327289 0.8258887615922258 152.84793558907407 4.8533461903305239 2.1822110498596516 3.9999090474827423 152.81831224599333 1998.856532950756 0.21917930324472343 0.10852433939914986 201.1761240090529 11.337147305050204 1.5288296652266897
decision_type=2 2 2 2 2 2 2 2 2 2 2 2 2 2 2 2 2 2 2 2 2 2 2 2 2 2 2 2 2 2
left_child=1 5 9 10 -5 23 7 8 -7 16 -3 -12 13 -13 15 -10 18 -18 19 20 -2 -22 -15 -1 -19 26 -21 -28 29 -29
right_child=2 3 -4 4 -6 6 -8 -9 14 -11 11 12 -14 22 -16 -17 17 24 -20 25 21 -23 -24 -25 -26 -27 27 28 -30 -31
leaf_value=0.050125356391634679 -0.044394720934704909 0.020003643274773834 0.06667038685442539 -0.066775953378611946 0.028022765769873861 -0.066755399149428754 -0.066769749687606031 -0.066770439128451764 0.084872173085658864 -0.056954156518864756 -0.06707720013396494 -0.0670672699749391 -0.066956170906629905 -0.066942153050972827 -0.066809993093372308 -0.066876521264348607 -0.066714088837742602 -0.067110286175989048 -0.066725771782014165 -0.05503361625952008 -0.067336000158217099 0.06388670101079541 0.069576731277923673 -0.066940482815457919 0.047580925927722839 0.045767014429815157 0.051425335467890701 -0.067353895290459584 -0.066884576004479418 0.034058319031753249
leaf_weight=1.0895435103520856 3.013635739043834 5.5358228377044743 3.9961206321677301 6.1633132754650424 1.2209411924814046 0.80262304428469944 27.254479183106014 5.4080217221635394 1.7132302877544137 1.5792052543984016 2.6729884081687487 0.46756183529942141 0.95411822147070768 0.30035160529951133 0.36012375403515751 0.25464738284790644 2.375322237960062 0.46133996918797526 1.105455104709107 1.5426797662148626 0.44215089838689881 1.476128907073871 2.1552411487755307 0.49919777953255096 1.5412557727249803 5.6061769544030531 4.1173650493146834 0.80552797132986587 1.389008984682732 4.714916174983955
leaf_count=156 3685 2053 48378 5496 986 918 44818 6133 246 2976 748 112 251 79 318 133 6985 592 3583 3753 615 145 87 579 624 2083 1124 920 2229 2726
internal_value=-0.0242372 -0.0443296 0.00919638 -0.0211245 -0.0511016 -0.056416 -0.0595124 -0.0363476 0.0162065 0.0015838 -0.00280932 -0.0220892 0.00892541 0.0336932 0.0448092 0.0652356 0.00481711 -0.026518 0.0104828 0.0141764 -0.0140427 0.0336407 0.0528787 0.0133421 0.0211594 0.0218335 0.0111588 0.0204193 0.00194276 0.0192605
internal_weight=91.0185 56.8522 34.1663 19.4703 7.38425 37.3819 35.7931 8.53865 3.13062 30.1702 12.0861 6.55026 3.87727 2.92315 2.328 1.96788 28.591 4.37792 24.213 23.1076 4.93192 1.91828 2.45559 1.58874 2.0026 18.1757 12.5695 11.0268 6.90945 5.52044
internal_count=143531 63113 80418 9812 6482 53301 52566 7748 1615 32040 3330 1277 529 278 697 379 29064 8201 20863 17280 4445 760 166 735 1216 12835 10752 6999 5875 3646
is_linear=0
shrinkage=0.1


Tree=219
num_leaves=31
num_cat=0
split_feature=31 20 20 0 34 36 20 18 33 2 18 29 20 35 35 2 2 34 34 24 24 3 24 35 24 19 19 36 25 27
split_gain=3.46159 1.09979 1.40708 3.18098 4.67785 4.38889 3.36163 3.07581 1.83397 1.12263 1.53708 1.53667 1.10618 1.82257 4.10913 2.18172 7.4559 2.51523 2.84793 1.62188 1.04618 2.43816 1.98921 4.00043 3.6156 3.55059 3.80042 3.06309 3.50389 3.72541
threshold=5.6000049957114308 52.836653738322788 99.424750975037384 60.921207012778119 193.72437118047245 54.99988060034547 104.38925956619197 3198.7797528540614 48.279058621723912 152.40027250523326 2989.8608175787958 1.5000000000000002 35.15339674810145 140.00004415013547 141.00154666030929 168.57373634190876 168.70027117346567 186.9999036267196 178.7737114884099 31.510197555809114 27.664402924479184 90.601129529256085 27.996979712488208 68.999570942283455 28.067417206384608 191.13411093672931 199.90671180271613 38.946309135981757 0.59136984734217335 8.1479182721489494
decision_type=2 2 2 2 2 2 2 2 2 2 2 2 2 2 2 2 2 2 2 2 2 2 2 2 2 2 2 2 2 2
left_child=1 12 9 8 -5 -6 -7 -8 -4 10 11 -3 13 19 -15 -16 -17 18 -18 -1 21 -14 25 24 -24 -22 -27 -28 -29 -30
right_child=-2 2 3 4 5 6 7 -9 -10 -11 -12 -13 20 14 15 16 17 -19 -20 -21 22 -23 23 -25 -26 26 27 28 29 -31
leaf_value=0.065643038066858436 -0.066672573033331281 0.046261676804672004 -0.16201295358062603 0.067198684526080757 0.034187539282762441 -0.63370484608244382 0.06709849049803128 -0.38061134957107901 0.0577318134115333 0.051828862613111516 -0.1611818138734174 -0.16654110974108871 0.00069974693536128051 -0.48817556117763883 0.038286843216745997 -0.92994777299922371 0.06739100407707746 0.06724970128188662 -0.31946299597711209 -0.076949420894068116 0.054600606888439124 0.094381320144984029 0.091867367817847392 0.0012025312439762734 -0.044036904569504924 -0.1734940893319781 -0.061469167277706717 0.0082468127678074071 -0.0042378429703570026 -0.11891512331674266
leaf_weight=9.004964443483459 7.7239120998142416 2.5024095438348084 0.42312861068785323 0.89490892291360102 0.44520590475440236 0.28494204279559199 0.2359375815212843 0.43890698351606261 3.7090259718388552 12.706610015819022 0.5782026199667597 0.39256705212028453 2899.7826657273399 0.17918630197527718 4.1240690944687231 0.10052294711931598 0.3057570545497581 0.93714223868300905 0.50394558408152079 0.87519988630811063 5.7337272381264475 2.7808015602058722 2.0918249375026781 377.65618538539275 30.498035730692209 1.7381709430774197 15.45579209486459 30.582008142439008 6.1947316078294516 5.2198309593950398
leaf_count=4661 91434 671 19 244 103 17 94 17 2618 6539 14 16 32115 25 947 9 139 410 53 85 53 41 15 2507 295 12 97 226 30 25
internal_value=0.000197074 0.000348257 0.0223291 -0.0172351 -0.111498 -0.225318 -0.345693 -0.224084 0.0352302 0.0380574 -0.0123255 0.017405 0.000201803 0.0264083 -0.0163271 -0.00216827 -0.0924804 -0.0442879 -0.173381 0.053012 7.74269e-05 0.000789499 -0.00427224 -0.00169831 -0.0353137 -0.0205365 -0.027815 -0.0234076 -0.00939994 -0.0566793
internal_weight=3424.1 3416.38 22.6118 6.43206 2.2999 1.40499 0.959787 0.674845 4.13215 16.1798 3.47318 2.89498 3393.76 16.0308 6.15062 5.97144 1.84737 1.74684 0.809703 9.88016 3377.73 2902.56 475.17 410.246 32.5899 64.9243 59.1905 57.4524 41.9966 11.4146
internal_count=143531 52097 10352 3112 475 231 128 111 2637 7240 701 687 41745 6329 1583 1558 611 602 192 4746 35416 32156 3260 2817 310 443 390 378 281 55
is_linear=0
shrinkage=0.1


Tree=220
num_leaves=31
num_cat=0
split_feature=33 3 20 25 3 18 35 35 36 0 15 33 0 35 4 32 33 2 18 36 19 36 36 2 2 18 18 18 4 35
split_gain=0.96151 2.37914 1.98957 2.01957 1.57345 1.34945 1.87879 3.41287 1.27883 1.82047 1.22221 1.10148 5.42308 3.6913 3.65936 3.45958 3.357 3.05371 3.80874 4.46624 3.8157 2.73626 2.80713 2.6995 5.85225 5.89384 4.72318 6.11689 6.34314 6.53817
threshold=54.500508989173404 59.463391945365785 151.99749946036584 0.52514126097366332 70.96319866486462 2148.0573693280953 90.999662265305659 100.00163642172556 36.497183153045007 52.469356491661955 1.9999886207342505 69.96060304742123 26.015270228612923 276.00316721912412 107.22926069673797 90.135342219126883 69.000947649373231 141.70329284944205 1396.1894268571916 44.674542614159428 114.83412483487149 44.298031161794917 39.000022350932987 150.40004821761059 148.40096555500992 3436.9520408200965 1777.3030205687273 1735.998759633341 64.310073999886995 97.00087311084252
decision_type=2 2 2 2 2 2 2 2 2 2 2 2 2 2 2 2 2 2 2 2 2 2 2 2 2 2 2 2 2 2
left_child=1 5 3 -3 8 -1 -7 -8 -5 -10 -9 12 13 -2 16 -13 23 18 -17 21 -21 22 -20 24 25 -14 27 -25 -29 -30
right_child=11 2 -4 4 -6 6 7 10 9 -11 -12 15 14 -15 -16 17 -18 -19 19 20 -22 -23 -24 26 -26 -27 -28 28 29 -31
leaf_value=-0.069055471575251909 -0.061365044354219828 -0.06733760571592276 0.28813116501094171 0.15195146408476179 -0.075695580543174851 -0.068440447734444076 0.27733830639495244 -0.067410184456014294 -0.074257105987586544 0.094401840327458811 0.13293553909075392 0.22693776841534549 0.003696844681953076 0.32040557507716549 0.13411534191775004 -0.064362924974628644 0.082143910813240337 2.2406994444369738e-06 0.1383919143372663 0.18668815609384218 -0.062735043844570279 0.225728869018374 -0.076715119337239651 0.013700669532250957 -0.049550466314254228 0.36346265388276233 -0.0032162699818165941 0.33108218019343844 -0.022248993765649525 0.1293104187938057
leaf_weight=8.8674192129328748 14.703482982793499 2.1559761042553864 0.27414488181966579 1.3890386521343314 0.85019472532803764 2.0101705990964538 0.56312197085935656 1.0847252331077468 0.99192961892185882 1.8036850201315244 0.42333562251587853 0.6700602714154219 57.854217726347997 0.25770352842664657 2.2287331714032907 16.160664599370651 5.6862686050917537 2826.6260172640941 1.3482940449175647 0.68647345912177105 5.7571199539088411 1.2033107131719587 1.1029469520362907 231.52473720785201 27.330815472621907 0.45897654089640028 204.15919722128456 0.96873967772626102 4.9579934383073105 6.6830997627257602
leaf_count=873 2575 252 12 43 63 192 17 73 31 155 8 27 2790 13 204 303 2570 102202 30 3 172 4 35 15306 1685 13 13172 35 300 373
internal_value=0.000404614 -0.0212335 0.0237289 0.0136487 0.0483279 -0.0471543 0.000429548 0.0672708 0.0735258 0.0345589 -0.0111701 0.000534135 0.00460255 -0.0547891 0.00624242 -0.000259734 0.00571429 -0.000313097 -0.0342575 0.0139219 -0.0361625 0.102229 0.0416035 0.00490033 -0.0113675 0.00652852 0.00800821 0.0173948 0.0852205 0.0647606
internal_weight=3430.78 20.4137 7.46497 7.19082 5.03485 12.9488 4.08135 2.07118 4.18465 2.79561 1.50806 3410.37 556.814 14.9612 541.853 2853.55 539.624 2852.88 26.2588 10.0981 6.44359 3.65455 2.45124 533.938 85.644 58.3132 448.294 244.135 12.6098 11.6411
internal_count=143531 1719 556 544 292 1163 290 98 229 186 81 141812 39036 2588 36448 102776 36244 102749 547 244 175 69 65 33674 4488 2803 29186 16014 708 673
is_linear=0
shrinkage=0.1


Tree=221
num_leaves=31
num_cat=0
split_feature=31 25 31 24 32 36 9 2 0 21 0 9 8 4 34 4 19 6 35 32 33 33 7 24 32 34 25 25 33 32
split_gain=5.57236 1.4765 1.40335 1.1875 0.77519 0.592359 0.59023 1.28879 0.668755 0.531781 0.503446 0.510836 1.14492 0.764937 1.26073 0.678996 0.552175 0.546528 0.583426 0.49704 0.63148 0.471833 0.632707 0.462889 0.512184 0.460672 0.448183 0.502058 0.448181 0.438573
threshold=5.7059393912294212 0.55492638194684651 6.4051489207289158 26.387874106225663 89.034463651614104 29.002370547613442 1.4290011792994373 164.10231610678551 53.999946273192087 5.2549600100164158 49.000898554218161 2.3744363541604039 2.2437889817111163 85.100024652001352 152.00089695574863 79.176957590136951 167.0481096799833 1.4469561112096274 395.88813684390612 129.55164074018975 94.873634984021777 81.278115699933608 1.9991072473805913 24.626796200703637 109.35866938369388 105.38733740048988 0.4322195366615687 0.4196509227118364 48.279058621723912 124.00041072864339
decision_type=2 2 2 2 2 2 2 2 2 2 2 2 2 2 2 2 2 2 2 2 2 2 2 2 2 2 2 2 2 2
left_child=1 4 9 19 26 -5 7 8 -6 10 28 17 -13 14 15 -14 -15 18 -12 23 -21 22 -10 25 -25 -3 27 -1 -2 -24
right_child=2 3 -4 5 6 -7 -8 -9 21 -11 11 12 13 16 -16 -17 -18 -19 -20 20 -22 -23 29 24 -26 -27 -28 -29 -30 -31
leaf_value=-0.067048067115987833 0.082023574234972974 0.073435526324906672 0.066670046339271011 0.046887796101939848 -0.066750384512788835 -0.063763144300379854 -0.066764472871308572 -0.06676506636412767 -0.066921735118081124 -0.066744521177893354 -0.066778738103812393 -0.066890739439797717 0.049065219194374177 -0.043468255915827661 -0.060819986504847448 -0.067166553208189123 0.028027206384519356 0.057820350584919161 0.059869359141746327 -0.066921402955622919 0.022568404311377428 -0.06687107201032215 0.13334788208004109 -0.066911357709309963 0.032197415185169574 -0.067019927292029255 -0.0671519701241554 0.08879072369164151 -0.066687197214902447 0.030261194746241102
leaf_weight=0.27851835964247473 0.23248518163746368 0.29229953547474163 3.6255639120790866 0.52646254457795194 0.75206710098791374 5.9716571137469145 25.27630403679359 5.0815647162344248 0.3261777372354121 1.1212153819578805 0.88086797844153142 2.2724448524386416 2.5442584964985175 1.1845467277744308 3.5220416667070822 0.6263172270846552 12.267347750756015 3.4477545968547929 0.61958305092412047 2.1094438660184092 1.2592215877593842 0.34139284853517882 0.88787197858619016 0.57103932587415318 6.0030048795852053 1.161123571302596 0.48420073457236856 0.80204737489111722 1.5797272643540052 0.77114754471040214
leaf_count=263 5 5 48378 111 910 5906 43370 6042 213 3064 2084 4540 746 1005 8348 675 6191 881 96 1180 117 181 106 278 863 564 398 73 6749 189
internal_value=-0.0237612 -0.04405 0.00787358 -0.0206835 -0.055996 -0.0547985 -0.0592154 -0.0358321 0.0152252 0.000837932 0.00343496 0.00681529 0.000396142 0.00798658 -0.0196401 0.0261047 0.0217315 0.0358961 -0.0144818 -0.00123106 -0.0334697 0.0417237 0.0603987 0.0122976 0.0235886 -0.0387728 0.0127976 0.0486229 -0.0476094 0.085431
internal_weight=86.8197 52.8955 33.9242 17.8943 35.0013 6.49812 33.4365 8.16022 3.07866 30.2986 29.1774 27.3652 22.417 20.1445 6.69262 3.17058 13.4519 4.94821 1.50045 11.3961 3.36867 2.32659 1.9852 8.02747 6.57404 1.45342 1.56477 1.08057 1.81221 1.65902
internal_count=143531 60769 82762 9024 51745 6017 51011 7641 1599 34384 31320 24566 21505 16965 9769 1421 7196 3061 2180 3007 1297 689 508 1710 1141 569 734 336 6754 295
is_linear=0
shrinkage=0.1


Tree=222
num_leaves=31
num_cat=0
split_feature=31 20 19 19 3 34 4 20 33 33 32 36 0 12 28 7 25 26 35 35 33 36 33 0 33 4 18 18 19 36
split_gain=3.18649 1.04372 1.1525 3.72147 2.53353 1.59509 1.19657 1.02381 2.36209 4.17738 4.98247 2.20034 2.10933 1.20112 1.18809 1.14868 1.1378 1.0741 1.04891 4.00074 1.01728 1.71717 1.29508 5.14172 3.90486 3.35861 3.12906 3.69586 3.73945 3.01879
threshold=5.6000049957114308 52.836653738322788 427.53347355691079 433.95951600494578 47.102267897943953 193.72437118047245 70.000306083895495 39.855311487785208 88.884901039751909 90.976745278078155 151.02678050451581 31.000434981961579 74.906241191447393 8.9998493402906981 39.199413699730549 3.9999698480228596 0.62856561641395048 0.99883975639068245 207.00612807045539 208.71679697618677 54.500508989173404 34.017182930486705 69.96060304742123 26.015270228612923 69.000947649373231 107.22926069673797 2766.7239539349525 2725.2778831031378 539.06473129057281 43.91719411515335
decision_type=2 2 2 2 2 2 2 2 2 2 2 2 2 2 2 2 2 2 2 2 2 2 2 2 2 2 2 2 2 2
left_child=1 7 -3 5 6 -4 -5 8 11 10 13 12 -1 -10 15 20 18 -18 -13 -20 21 -9 23 -22 25 26 27 28 -25 -28
right_child=-2 2 3 4 -6 -7 -8 14 9 -11 -12 16 -14 -15 -16 -17 17 -19 19 -21 22 -23 -24 24 -26 -27 29 -29 -30 -31
leaf_value=0.068363671497987763 -0.066672221191236655 0.033622770151989861 0.067049756130376906 0.06731620185713294 0.055914760815024972 -0.33504934032045286 -0.19921321133516345 -0.053852823601025918 0.052699129229177924 0.036310477228355557 -0.55162043650041115 0.06443705337080266 -0.21538953951408024 -0.21104427675300494 0.058635447913092734 0.061645797719968178 -0.090838040463119871 0.067875106609014399 -0.44717249904629669 0.031456131197898411 0.05453843244230059 0.035925394603372823 0.00066944893584683005 -0.0058233637554395779 -0.10171202462904697 -0.13003523600948255 -0.010972314223597755 -0.11902004091439858 -0.11684918692043933 0.04543188039735388
leaf_weight=0.43610566943926332 7.1131226990423775 17.565800405820486 0.12390986901300394 0.22305493868771042 3.0747305782351759 0.48404305506846868 0.68794421845086617 2.4685271917260279 0.35839664224476953 1.5383321006520416 0.31995128567359643 12.74323720760731 0.65612325730762677 0.33320993604866089 3.4582200206859843 3.0191437964022034 1.1213151534029737 0.6880421051828306 0.1915223802425311 1.9811725546096566 14.268721108011958 15.555648677756833 2808.1436252968633 471.64468628269242 4.2548751084614187 2.1573218390694811 16.146712502122682 2.9391752607843946 3.0532477992237537 23.011953557892411
leaf_count=83 91434 8586 69 81 1560 43 13 21 118 427 11 6192 26 6 1265 264 27 109 5 519 1386 624 22680 7129 90 12 190 43 20 498
internal_value=0.000188967 0.000328329 0.0219604 -0.0226354 0.0125173 -0.253096 -0.133954 0.000186946 0.0225399 -0.0674809 -0.225322 0.0354229 -0.102092 -0.0743701 5.18559e-05 -8.32086e-06 0.0444032 -0.0304844 0.0534873 -0.0107348 -6.36604e-05 0.0236297 -0.000191306 -0.00468847 -0.00630369 -0.00552144 -0.00500166 -0.00722965 -0.00653748 0.0221741
internal_weight=3419.76 3412.65 22.1595 4.59368 3.98573 0.607953 0.910999 3390.49 20.3674 2.54989 1.01156 17.8175 1.09223 0.691607 3370.12 3366.66 16.7253 1.80936 14.9159 2.17269 3363.64 18.0242 3345.62 537.477 523.208 518.953 516.796 477.637 474.698 39.1587
internal_count=143531 52097 10352 1766 1654 112 94 41745 7523 562 135 6961 109 124 34222 32957 6852 136 6716 524 32693 645 32048 9368 7982 7892 7880 7192 7149 688
is_linear=0
shrinkage=0.1


Tree=223
num_leaves=31
num_cat=0
split_feature=29 34 19 0 34 2 4 36 19 25 24 18 25 19 4 33 25 34 22 18 25 34 0 32 29 20 10 24 0 25
split_gain=0.922896 2.26294 2.50513 2.62715 2.51856 3.17919 3.53442 2.86458 4.25844 5.67311 4.84573 6.23921 4.58524 4.59279 3.46782 3.14347 6.31123 2.96992 2.72362 2.56182 3.83199 2.42518 2.41086 2.86582 2.43847 2.6161 2.38956 2.37328 2.28877 2.23814
threshold=1.0000000180025095e-35 170.79520952955184 301.11679673315172 79.999163643624442 238.00050580986172 160.70007607392017 75.200145239974873 39.248253998612377 335.05826525000003 0.48535098307312602 25.100567050283459 3436.9520408200965 0.4399761572979124 333.62402541895472 90.500047821143099 65.000433917784264 0.4322195366615687 209.7748400866025 0.99999578389434796 3509.138427789881 0.49854089513373584 242.00023969021822 35.002683528989259 143.00033384240854 1.5000000000000002 52.835884892710332 2.9479822491493062 29.820787258999228 39.998853084363198 0.47943484182104246
decision_type=2 2 2 2 2 2 2 2 2 2 2 2 2 2 2 2 2 2 2 2 2 2 2 2 2 2 2 2 2 2
left_child=-1 22 -3 4 7 -6 -7 15 9 12 -10 26 13 -9 -11 -4 -17 -16 -14 20 -8 -22 27 24 29 -26 -12 -2 -20 -24
right_child=1 2 3 -5 5 6 19 8 10 14 11 -13 18 -15 17 16 -18 -19 28 -21 21 -23 23 -25 25 -27 -28 -29 -30 -31
leaf_value=0.00073428763723924935 -0.060174058367581856 -0.030958499086123061 0.27354435315092929 0.19159367283244966 -0.052207311167996651 0.52955948735156366 -0.017428396076386771 -0.075194189800457126 -0.062649906495704857 -0.052788252111760671 0.060245244109566137 0.20621517735593012 0.061151338451548826 0.245411218208934 -0.072568934514701144 0.58819823636969659 -0.059677622435567727 0.15103193221679057 0.38530826962486564 -0.08811076273728663 0.35946672134875324 0.11668179580143906 0.058829822662791291 -0.082649652084766226 0.03048960860145046 0.18048304164564555 -0.051637295794558238 0.10818177958411175 0.17512162775853909 -0.0011538235628328866
leaf_weight=3268.1998760316965 6.4892252157405883 50.532685522455722 0.29950586039922455 0.69747217985422949 2.6650836613625852 0.16702569843255322 2.2895379853653139 1.9599303134382382 13.855751063230857 6.2555493055115203 3.1752585906142468 1.6579553808624039 1.6823910801176678 0.57876914866574214 0.86180874202545998 0.1518137266029943 15.694710835581644 1.9116518146365704 0.65375412983485182 0.95972893907673995 0.46160535111630441 3.7854625931140617 9.7771101236285229 2.3299712219049971 2.5523696517884664 2.1358750331673946 4.7866310798563063 0.96137186282066966 2.4962880339262483 17.099717388216959
leaf_count=120953 694 8188 64 20 256 22 99 97 1411 545 282 164 177 5 272 5 898 128 28 56 52 321 1142 554 580 406 550 52 91 5419
internal_value=0.000372416 -0.00706922 -0.0141452 -0.00147329 -0.0035028 0.0418721 0.0745901 -0.0118683 0.00252064 0.0416187 -0.0247934 0.0297324 0.106713 -0.00210302 -0.0115228 -0.0474047 -0.0534708 0.0815515 0.163878 0.064453 0.0868529 0.14307 0.0130537 0.0243751 0.0322751 0.0988238 -0.00701774 -0.0384506 0.218743 0.0206667
internal_weight=3427.13 158.926 117.58 67.0477 66.3502 10.3284 7.66336 56.0218 39.8757 16.4001 23.4756 9.61985 7.37113 2.5387 9.02901 16.146 15.8465 2.77346 4.83243 7.49633 6.53661 4.24707 41.3456 33.895 31.5651 4.68824 7.96189 7.4506 3.15004 26.8768
internal_count=143531 22578 13731 5543 5523 806 550 4717 3750 1343 2407 996 398 102 945 967 903 400 296 528 472 373 8847 8101 7547 986 832 746 119 6561
is_linear=0
shrinkage=0.1


Tree=224
num_leaves=31
num_cat=0
split_feature=31 25 31 24 32 20 9 2 0 37 6 35 25 36 3 23 14 4 24 10 23 27 3 34 4 34 11 4 14 32
split_gain=5.13486 1.45172 1.28019 1.12071 0.733217 0.590508 0.581433 1.21955 0.605853 0.514886 0.484795 0.855048 0.641327 1.17773 0.481364 0.769091 0.630784 0.487566 0.922714 0.612179 0.605723 0.588433 0.54758 0.46827 0.465418 0.919355 0.609557 0.531533 0.441251 0.437072
threshold=5.7059393912294212 0.55492638194684651 6.4051489207289158 26.387874106225663 89.034463651614104 43.437201893199436 1.4290011792994373 164.10231610678551 53.999946273192087 0.65633933431381253 7.7056124722590136 150.0004648291318 0.55562332862926389 50.420494162983438 70.500015046060753 0.50886432027327289 0.8258887615922258 91.005977121632398 25.373967279007907 5.2394656778819835 0.88505764692895428 4.1146271544822337 65.828267861133028 172.00056567859312 84.300023921980127 152.00089695574863 1.0000102589804476 79.176957590136951 0.41889093104098984 164.01557144262543
decision_type=2 2 2 2 2 2 2 2 2 2 2 2 2 2 2 2 2 2 2 2 2 2 2 2 2 2 2 2 2 2
left_child=1 4 9 10 -1 -5 7 8 -6 14 -3 -12 -13 -14 16 -16 17 18 20 23 21 -2 24 -19 25 27 -27 -23 -17 -28
right_child=2 3 -4 5 6 -7 -8 -9 -10 -11 11 12 13 -15 15 28 -18 19 -20 -21 -22 22 -24 -25 -26 26 29 -29 -30 -31
leaf_value=0.01243260696960212 -0.066728269291371642 0.021583904813509754 0.066669739393830404 0.022243432972032517 -0.066745011014649053 -0.066768795392738917 -0.066758753574738011 -0.066760020237577503 0.039316314756159702 -0.056670847207913114 -0.067067793978813295 0.095653566945125418 -0.067001971168845195 0.060813671843670737 -0.066709729490584693 -0.066745309544340423 -0.066717881236945303 -0.032772465453658813 -0.059341920430811185 -0.066807074536281194 -0.06683858827957008 0.059135737198369669 -0.066932085080004949 0.05567658822181535 0.04893627072461907 0.06705358298401122 -0.06685491812829393 -0.067303229306696341 0.045783640929553081 0.062489862568758436
leaf_weight=1.5086184414794832 0.77210119657685616 5.1422503170069849 3.2967835293966337 0.86815655684040294 0.7024054822504725 5.2661746951889654 23.570292205200531 4.7514545950543834 2.309239313024591 1.4725637334195187 2.364135286603414 0.70732987613882903 1.62979826679657 1.2926941003934187 2.2683498900587429 0.45639482178376045 1.0387923211783334 0.67604032867529795 2.027687934038112 0.52846669605060004 0.8970580315653941 3.0205783726705673 0.64016926204931301 5.222860319983738 5.6370020548783941 0.5264321684080645 2.1874041167793625 0.37360567070572859 1.4734993119200224 0.2966829341239644
leaf_count=734 2586 1808 48378 1175 910 4842 43370 6042 689 3132 702 13 413 71 7486 850 3821 546 2775 627 1804 560 1272 921 1654 155 5344 358 432 61
internal_value=-0.0231841 -0.0433198 0.00756806 -0.0198489 -0.0556624 -0.0541714 -0.058941 -0.0352048 0.0145796 0.000966642 -0.00094243 -0.0202679 0.0102133 -0.0104658 0.00399323 -0.0272307 0.00949066 0.0129619 0.00380246 0.0363026 0.0127243 0.0180292 0.0231894 0.0455399 0.0279805 0.00953664 -0.0306923 0.0452183 0.019172 -0.0514068
internal_weight=82.925 50.1125 32.8125 17.2705 32.842 6.13433 31.3334 7.7631 3.01164 29.5157 11.1362 5.99396 3.62982 2.92249 28.0431 4.19824 23.8449 22.8061 16.3787 6.42737 14.351 13.454 12.6819 5.8989 12.0417 6.4047 3.01052 3.39418 1.92989 2.48409
internal_count=143531 60769 82762 9024 51745 6017 51011 7641 1599 34384 3007 1199 497 484 31252 8768 22484 18663 16569 2094 13794 11990 9404 1467 8132 6478 5560 918 1282 5405
is_linear=0
shrinkage=0.1


Tree=225
num_leaves=31
num_cat=0
split_feature=31 17 34 10 25 3 24 32 2 18 2 18 34 34 35 35 35 34 0 27 25 0 35 35 3 24 19 0 25 25
split_gain=2.94231 1.00565 0.973837 4.50409 0.990241 3.58777 3.73967 2.83745 2.40351 6.18234 2.80637 1.76365 1.72498 2.40981 2.6268 2.01764 1.84736 1.69726 1.52997 2.31952 4.51281 2.85375 2.78074 2.49779 1.87317 1.77911 1.58512 1.4566 4.64793 1.25931
threshold=5.6000049957114308 1.998619439161651 99.324308117898298 4.9999488137370776 0.39850792303535865 42.701258518073352 19.348202151715537 87.032436999122282 160.1000172813477 1925.8672278742806 162.20032675993335 583.2594015885046 161.84959058360405 171.65012115410983 74.000738646592239 37.004429654343859 83.996252901905564 244.00027883703544 42.999750144024269 29.906148927560775 0.37361293488445263 37.961821577729481 68.999570942283455 75.001742655236711 43.505829351523417 21.778967813951706 315.66355486719948 19.07323963502148 0.39575644081262068 0.46283885849595824
decision_type=2 2 2 2 2 2 2 2 2 2 2 2 2 2 2 2 2 2 2 2 2 2 2 2 2 2 2 2 2 2
left_child=1 2 3 -1 5 6 7 -4 12 -10 -11 -7 -9 14 -14 -15 -16 -17 19 21 -21 24 -23 -24 -13 -20 -25 28 -26 -6
right_child=-2 -3 4 -5 29 11 -8 8 9 10 -12 18 13 15 16 17 -18 -19 25 20 -22 22 23 26 27 -27 -28 -29 -30 -31
leaf_value=0.058136135310177132 -0.066671905824160757 0.06728699097855044 -0.21568224462654872 -0.19109177560162424 -0.0044429314961303094 -0.18119256681622584 -0.30606869379387597 0.051523412305285045 0.07500351205572478 -0.40442618199589131 -0.098033359929258462 -0.15861576102206068 0.069827752480962388 -0.19584546739382161 -0.20854394349702174 0.070049372802645546 -0.046491838541839053 -0.14853175212886674 0.05505108485061852 -0.25720165501000741 0.069343561600893583 0.068791390596675495 -0.25733783915799185 0.045625443310772264 0.067525473380438947 -0.1394599325690784 -0.14270641528425138 0.059619913547330629 -0.56673165807587089 0.00092415491484413464
leaf_weight=1.5628335782821516 6.5704132487753659 2.2404092409051364 0.69086205409258283 1.3528030481174935 517.02550815177528 0.39204764526948466 0.46129429112624976 5.3326234991036463 1.0291987432137824 0.63032308809488291 0.56862166065548081 0.43713240470243064 0.87666530248679775 0.36816395603091212 1.4225664638142919 3.6384709603589727 1.391625060336082 0.39367864808446018 20.329698542162081 0.88166719541913952 0.81389824578945991 1.2606662489924922 0.81428399932337958 0.91797486742143497 0.43455747703410352 0.48136886887368646 0.8708838508973713 11.874281752207024 0.15738393599895062 2830.6333917342708
leaf_count=34 91434 2861 26 30 14820 20 3 301 63 24 22 33 57 18 11 256 31 7 1359 18 63 96 20 45 80 18 28 1063 8 30682
internal_value=0.000182478 0.000311321 0.000267279 -0.0575011 0.000316757 0.0134487 -0.0252775 -0.0173518 -0.00859767 -0.104782 -0.259114 0.0298547 0.00736746 -0.0217343 -0.0813229 0.028247 -0.128409 0.0487082 0.0319615 0.0110064 -0.100455 0.0222778 -0.0531136 -0.112151 0.0448532 0.050552 -0.0460616 0.0519879 -0.101109 9.52411e-05
internal_weight=3415.86 3409.28 3407.04 2.91564 3404.13 56.4699 16.8041 16.3428 15.6519 2.22814 1.19894 39.6658 13.4238 8.09117 3.69086 4.40031 2.81419 4.03215 39.2738 18.4627 1.69557 16.7672 3.86381 2.60314 12.9034 20.8111 1.78886 12.4662 0.591941 3347.66
internal_count=143531 52097 49236 64 49172 3670 819 816 790 109 46 2851 681 380 99 281 42 263 2831 1454 81 1373 189 93 1184 1377 73 1151 88 45502
is_linear=0
shrinkage=0.1


Tree=226
num_leaves=31
num_cat=0
split_feature=35 18 25 37 0 19 33 9 9 31 33 34 3 21 2 34 2 31 35 18 3 0 34 3 27 24 24 4 36 32
split_gain=0.924443 1.34547 1.489 2.32543 2.01554 3.10114 1.45545 0.937608 10.0239 2.64081 2.60528 2.58406 4.12866 2.78253 2.72505 4.6637 3.84049 5.75893 4.70376 5.13807 5.45718 6.74733 5.83713 4.26717 3.66048 3.38288 3.48123 6.66166 3.26911 3.25386
threshold=31.009378038955244 847.66039853524603 0.41105684048410845 0.99994764460092833 30.0021227740543 318.10448295506961 79.260247107980902 1.0001023725258471 1.946228422261286 5.6118259625383446 111.25000000000001 274.40099765133289 46.300613062218105 0.98245723513998096 153.80011440864348 151.00006720498317 165.52816780183977 5.5272553982133719 101.0009019484761 1403.1390434233542 59.242087477188427 62.999880890554181 198.77391628627922 44.801171463053819 18.652586627447302 22.750089900562006 23.151286461375737 82.202585456019534 48.512444983651669 175.7334470406457
decision_type=2 2 2 2 2 2 2 2 2 2 2 2 2 2 2 2 2 2 2 2 2 2 2 2 2 2 2 2 2 2
left_child=1 -1 3 6 5 -4 -3 11 9 -9 -10 13 -13 14 15 -2 29 23 25 24 21 22 -21 -18 -20 -19 27 -27 -22 -16
right_child=7 2 4 -5 -6 -7 -8 8 10 -11 -12 12 -14 -15 16 -17 17 18 19 20 28 -23 -24 -25 -26 26 -28 -29 -30 -31
leaf_value=0.13648289364188224 0.16883124159749874 -0.067637153804249908 -0.069202832031461214 0.32245781459924733 -0.070929471536133493 0.21161322380352701 0.09895049274629715 0.090917466333604119 0.00095755599169692273 -0.018524769356157999 -0.062171463931431838 0.18778571589596274 -0.064771056126720669 -0.032741581199476004 -0.015350627720459382 0.017550636571593753 0.37095284093076664 -0.037355724922385106 -0.060022091008086989 0.13056048135651246 0.0049755451923155728 -0.043733073953648817 -0.023790110633625808 -0.066324870810902881 0.014667230920170572 -0.031856296519480007 -0.005882681988659523 0.22846847349895519 0.02980766054529603 0.092106969413514261
leaf_weight=0.48581778254447172 2.1929618566318849 1.2313739657620315 0.91294187898165435 0.25551096180788579 8.1086688712966843 0.69084696815116331 0.91355144880799333 15.56132375757443 2658.4813197533058 2.5687418285706363 6.5533816927199942 0.68836205775733006 10.845191700573194 28.253108413395239 193.74901604576007 28.803315378412663 0.22674431651830573 39.020990641347453 16.924591758996034 11.628278921343737 234.29985396201118 4.347704625750338 3.1041403637827889 14.134478067997405 10.716688003813031 2.0747177119919793 53.465911421411874 1.8680916058328874 68.519342691713973 2.859485375629446
leaf_count=29 52 157 78 17 323 24 13 211 122264 5793 115 5 300 1957 3112 330 2 715 254 110 3329 64 57 2315 125 23 722 37 983 15
internal_value=0.000343132 -0.026695 -0.0332396 0.0372854 -0.0506699 0.0517613 0.00331468 0.000443002 0.00130645 0.0754112 0.00080232 -0.00274059 -0.0496976 -0.00198439 -0.000721215 0.0282536 -0.00208833 0.00290852 0.00491566 0.0103099 0.0138627 0.0657337 0.0980386 -0.0594208 -0.0310646 -0.0146373 0.000804482 0.0914848 0.0105943 -0.0137878
internal_weight=3423.49 12.5987 12.1129 2.40044 9.71246 1.60379 2.14493 3410.89 2683.16 18.1301 2665.03 727.723 11.5336 716.189 687.936 30.9963 656.94 460.332 445.97 349.541 321.899 19.0801 14.7324 14.3612 27.6413 96.4297 57.4087 3.94281 302.819 196.609
internal_count=143531 641 612 187 425 102 170 142890 128383 6004 122379 14507 305 14202 12245 382 11863 8736 6419 4922 4543 231 167 2317 379 1497 782 60 4312 3127
is_linear=0
shrinkage=0.1


Tree=227
num_leaves=31
num_cat=0
split_feature=6 31 2 36 27 12 6 0 32 10 7 15 33 33 31 34 19 6 19 18 35 34 19 19 2 24 9 32 19 19
split_gain=4.76731 1.29603 0.965826 1.23334 1.10182 0.965 1.55575 0.858129 0.869722 0.842855 0.7375 0.695688 0.682278 0.599138 0.584279 0.545813 0.835923 0.535454 0.704313 0.653238 0.719311 0.636705 0.555315 0.5104 0.501321 0.492431 0.489419 0.484366 0.442048 0.425149
threshold=7.8272931572193762 6.4051489207289158 167.84217823337818 46.664616589050858 4.1740386207645743 3.9276554430766191 2.5099404652738149 67.774561256850987 130.23415487154276 3.9999090474827423 1.9715083798388366 2.1181368959606091 48.279058621723912 56.001023890234727 5.5525643806091418 251.000606508701 204.60150782664911 0.78032293620562065 485.2180428962414 1010.9852736542058 79.998284296398978 201.71397721514941 497.40499230133247 316.87176748798242 144.04980483922671 22.783469424661813 4.8489326935677939 129.55164074018975 539.06473129057281 202.26864343254479
decision_type=2 2 2 2 2 2 2 2 2 2 2 2 2 2 2 2 2 2 2 2 2 2 2 2 2 2 2 2 2 2
left_child=1 2 3 4 -1 6 28 12 9 -9 -11 -7 -2 -4 -12 -14 29 21 19 26 -21 -6 -23 -16 -22 -8 -19 -27 -5 -17
right_child=7 -3 13 5 17 11 25 8 -10 10 14 -13 15 -15 23 16 -18 18 -20 20 24 22 -24 -25 -26 27 -28 -29 -30 -31
leaf_value=-0.066778549101009957 0.056176553638426531 0.066669458752492333 0.079993164410824172 -0.066753544955188218 0.049741066558967123 -0.066736461906315395 -0.067211269406951088 -0.064600868712156964 -0.064732138894739832 -0.065701390400209975 -0.02216051816860197 0.069048728758355105 -0.064546364232850623 -0.054142125057007273 0.087739366490548809 -0.065739587905246588 -0.06550952455646375 0.063462428924061384 0.076167612594643372 0.036525112033040319 0.055793098746912684 -0.066736031756786676 0.055726886131111909 -0.064002165576453204 -0.057259744379414904 0.042225621704456366 -0.026339740631292036 -0.067042390812805427 0.029087441025795066 0.10406542863915356
leaf_weight=1.481512797006874 0.51062497059320122 2.701679328652971 0.35743063197332858 7.087660691526251 8.4332790444805159 0.48390941955949474 0.62691193225691666 1.4016437378268145 3.033689533272991 0.72639961852837576 0.91630594477101146 1.7130086014858532 24.863261762688129 4.8713194612228108 2.1208075685281078 0.19063217053007875 1.151993291414328 1.9093346900899617 1.2410149531715422 1.446029717719284 0.43843949236179458 0.96414309178544388 0.6011532120173797 0.24754012318953744 3.7225114072898577 3.2532560332401776 0.88967057070112776 0.46348046638013318 0.51630269129600481 0.65090317073190818
leaf_count=3506 222 43644 129 26510 4441 1281 949 1266 2510 492 263 233 28709 18912 454 135 839 111 209 325 59 2141 77 224 3440 999 428 567 449 7
internal_value=-0.0227553 -0.000391105 -0.00486455 0.0010812 0.0163816 -0.0217723 -0.0329728 -0.0497331 -0.0218698 0.00215355 0.0254806 0.0391397 -0.0583325 -0.0449728 0.0456454 -0.0605097 -0.0101639 0.0226529 0.00584541 -0.00453658 -0.0242326 0.0388693 -0.0197041 0.0718793 -0.0453474 0.0147715 0.0349186 0.0285998 -0.060246 0.0655997
internal_weight=79.0159 43.202 40.5004 35.2716 21.1271 14.1445 11.9476 35.8138 8.44639 5.4127 4.01105 2.19692 27.3674 5.22875 3.28465 26.8568 1.99353 19.6456 9.647 8.40599 5.60698 9.99858 1.5653 2.36835 4.16095 4.34365 2.79901 3.71674 7.60396 0.841535
internal_count=143531 108410 64766 45725 14737 30988 29474 35121 5209 2699 1433 1514 29912 19041 941 29690 981 11231 4572 4363 3824 6659 2218 678 3499 2515 539 1566 26959 142
is_linear=0
shrinkage=0.1


Tree=228
num_leaves=31
num_cat=0
split_feature=31 34 18 2 0 24 3 18 6 36 34 4 27 24 2 27 4 24 18 18 3 34 7 19 34 35 2 25 36 33
split_gain=2.72464 0.969794 2.88911 2.37429 3.82984 2.20142 2.55075 2.0289 2.48696 3.81964 3.59837 4.82715 4.21611 3.64552 5.04461 4.90026 4.5811 5.16018 3.39827 4.99565 3.38719 2.55866 2.41383 3.42043 3.6953 3.24648 2.86912 3.73098 3.10503 2.52156
threshold=5.6000049957114308 235.00264384652891 3765.4182539085996 179.66084408353672 30.0021227740543 18.54093363382022 44.179225916429466 2725.2778831031378 1.3865816092077552 60.120275969224579 267.64531951003949 93.331351491534647 14.999246317151824 24.849072257247961 145.30075088197415 17.999502555035505 85.400072460919347 22.384884172033406 1336.0919644232042 2067.2789628959085 51.300118661893684 276.37756224554079 2.9999957838943483 139.60343387596689 276.37756224554079 201.00140018873498 151.68000206995603 0.55629386150747295 49.648067014835028 75.000159006282558
decision_type=2 2 2 2 2 2 2 2 2 2 2 2 2 2 2 2 2 2 2 2 2 2 2 2 2 2 2 2 2 2
left_child=1 -1 3 5 -5 -3 -7 8 9 10 11 13 20 14 -8 -16 17 -17 -13 -20 -12 -14 29 -24 26 -26 27 -25 -29 -10
right_child=-2 2 -4 4 -6 6 7 -9 22 -11 12 18 21 -15 15 16 -18 -19 19 -21 -22 -23 23 24 25 -27 -28 28 -30 -31
leaf_value=0.00091875350693935379 -0.066671600128257291 -0.074483404758981617 0.068051299305188037 -0.13302672409938177 0.092702178482284778 0.070719981720983816 -0.21411865875331781 -0.029958154412881601 -0.00089390574953032123 0.068726902027692188 -0.15229813153995198 0.094924973635792498 -0.19640753078469667 0.078021787771623496 0.073869416311917069 -0.1192759534209092 -0.16188466645831656 0.09038399801772351 -0.11275880970995263 0.065438340125564751 0.029248297952695165 -0.058163590632631081 0.07820338369517818 -0.091955815110550912 -0.016572834972306875 0.075324489353491925 0.0013678373711666441 0.022698031162725864 -0.063790258036174483 -0.026182275829241892
leaf_weight=2996.2750739457042 6.0864215200804201 4.6630974458603296 5.4495095831880453 0.88713821760757028 4.9209253227600129 4.3570772443199521 0.96653678547591582 32.953958869220514 66.039918844413478 10.546619555316282 1.183444504677025 1.5312816223377002 1.9577291596579005 13.255426733740022 8.2646858117514039 1.8618356859296898 2.1342959587709629 3.1771083187049953 6.1599502470198768 2.1128289772386779 7.8088338224188192 4.2349098199701984 5.6845429933600817 8.3720698710603774 5.9855853613698882 10.745363481342791 78.147836218748125 10.722759580181448 6.7729144683107725 97.857129714655457
leaf_count=47688 91434 108 117 27 92 52 4 355 421 884 16 39 33 325 436 54 33 55 78 71 184 63 23 36 28 37 271 36 24 507
internal_value=0.000175932 0.000295421 -0.00427376 -0.00525102 0.0582238 -0.00617849 -0.00536768 -0.00622107 -0.00402084 0.0136288 0.0029955 0.0189128 -0.0383717 0.0390205 0.00750599 0.0213815 -0.0390928 0.0129169 -0.0419185 -0.0672481 0.00535556 -0.101868 -0.00798421 0.00239746 -0.00117135 0.0424477 -0.0081875 -0.0370547 -0.0107833 -0.0159927
internal_weight=3411.12 3405.03 408.755 403.306 5.80806 397.498 392.835 388.478 355.524 65.1955 54.6489 39.464 15.1849 29.6599 16.4045 15.4379 7.17324 5.03894 9.80406 8.27278 8.99228 6.19264 290.328 126.431 120.747 16.7309 104.016 25.8677 17.4957 163.897
internal_count=143531 52097 4409 4292 119 4173 4065 4013 3658 2275 1391 1095 296 907 582 578 142 109 188 149 200 96 1383 455 432 65 367 96 60 928
is_linear=0
shrinkage=0.1


Tree=229
num_leaves=31
num_cat=0
split_feature=11 11 31 36 36 19 3 24 19 2 31 31 2 18 0 18 4 35 33 33 33 35 3 19 18 34 34 2 19 32
split_gain=0.929983 5.64565 4.36531 2.91088 2.74649 5.02692 2.64251 3.36053 2.55807 2.34982 5.57041 5.91246 5.0064 10.1865 3.51802 7.77035 3.15897 2.96129 4.68385 6.80262 6.28029 5.81093 5.24711 5.94198 7.14572 6.39651 5.24544 4.26938 5.09804 4.00317
threshold=7.9999025157879391 5.2161109077871108 5.6118259625383446 72.000744394553166 71.000413355419241 465.27474786170899 44.179225916429466 20.792301788645041 283.94307937660886 156.04575633335023 5.5999934808113094 5.5000361346034827 155.85758439628708 2402.8867850039346 27.009328575640399 1553.6736647163295 85.100024652001352 86.99941833397051 86.99891188830621 89.38499599050003 74.443472957637852 59.001718755988115 50.900237893713104 382.93705084364461 1756.5633213580879 193.72437118047245 200.69732062576929 154.75868585652958 206.91653785566481 175.7334470406457
decision_type=2 2 2 2 2 2 2 2 2 2 2 2 2 2 2 2 2 2 2 2 2 2 2 2 2 2 2 2 2 2
left_child=1 -1 -3 4 9 8 7 -5 -6 10 11 14 16 -14 15 -2 -12 18 20 -20 21 -16 23 24 25 27 -21 28 -23 -19
right_child=3 2 -4 6 5 -7 -8 -9 -10 -11 12 -13 13 -15 17 -17 -18 29 19 26 -22 22 -24 -25 -26 -27 -28 -29 -30 -31
leaf_value=0.0010111552044534439 0.28098977313656992 0.097795093487223941 -0.012094383202149863 -0.018958732404101744 0.11218068122456507 0.41869923632762651 -0.066260315415186705 0.24988498688626135 -0.077585705818524447 -0.0065778170503085071 -0.051835132511590012 0.07941826340702679 -0.0078343238890458185 0.51130281207169626 -0.016625838266490514 -0.070089087468196185 0.0057887813870885867 0.00029913350943608624 0.1415440680542959 -0.028354826782373201 -0.019956585273411251 0.19817036104399557 0.015314390714064235 0.24240291960743063 -0.073485073771594814 0.00090065575450945534 0.12214465434516153 0.26978119531479361 0.043672865592767243 -0.094074799301299222
leaf_weight=2354.5695827582058 1.3910798208162298 10.628108919307126 5.4783013410960839 1.9197041851693932 1.9651383811487901 0.40416719921995525 11.979057053651557 0.6135536145629884 1.1124933030951067 518.97982550395318 33.797703922602523 10.821257417206651 1.4506419454301056 0.5111599961601313 18.682499102524162 1.1529063437010334 13.240488733521486 321.9366834890061 6.9799632395406688 7.9063836211280414 43.504360273989732 3.6569123803747114 21.214747412006545 2.1734208758934974 3.0083730183359867 4.9764182801263805 3.2751917716086609 2.0008975227246983 5.1346721186164359 4.5583354809459697
leaf_count=91045 39 241 10818 268 113 11 1356 18 55 21588 6808 214 246 24 627 56 6046 2639 33 47 411 82 257 67 142 72 19 31 126 32
internal_value=0.000318029 0.00141477 0.0604182 -0.00216207 -0.00153776 0.0871278 -0.0466372 0.0461551 0.0435845 -0.00183738 0.00297356 0.00637118 -0.0290871 0.12743 0.00462064 0.121885 -0.0356149 0.00395625 0.0172137 0.0640824 0.0090566 0.0298001 0.0503703 0.0858681 0.0677496 0.0946942 0.0157279 0.137943 0.107937 -0.00101846
internal_weight=3419.02 2370.68 16.1064 1048.35 1033.84 3.4818 14.5123 2.53326 3.07763 1030.35 511.374 462.374 49 1.9618 451.553 2.54399 47.0382 449.009 122.514 18.1615 104.352 60.8479 42.1654 20.9507 18.7773 15.7689 11.1816 10.7925 8.79158 326.495
internal_count=143531 102104 11059 41427 39785 179 1642 286 168 39606 18018 4894 13124 270 4680 95 12854 4585 1914 99 1815 1404 777 520 453 311 66 239 208 2671
is_linear=0
shrinkage=0.1


Tree=230
num_leaves=31
num_cat=0
split_feature=6 31 2 36 27 12 6 0 32 32 19 34 27 33 6 34 19 0 7 0 35 7 3 19 18 34 25 18 19 19
split_gain=4.42582 1.17787 0.887545 1.1198 1.00956 0.886499 1.45508 0.840652 0.868628 0.860708 0.984081 0.87776 0.6455 0.644389 0.587097 0.575111 0.81289 0.548411 0.534016 0.48922 1.15589 0.696912 0.623267 0.479777 1.32867 0.590634 0.455656 0.451827 0.527231 0.422015
threshold=7.8272931572193762 6.4051489207289158 167.84217823337818 46.664616589050858 4.1740386207645743 3.9276554430766191 2.5099404652738149 65.887446033823934 130.23415487154276 123.91667010143162 122.52307268048567 194.0012485302598 6.6522492208573327 48.279058621723912 1.4469561112096274 251.000606508701 204.60150782664911 64.913235596685141 2.1500681715983454 62.749714459335685 80.998615930357587 2.3440332356306492 58.000126183164944 352.56578554415853 1226.6397781247322 190.67816862486814 0.61629084990022776 1278.2573038147227 315.66723140572577 539.06473129057281
decision_type=2 2 2 2 2 2 2 2 2 2 2 2 2 2 2 2 2 2 2 2 2 2 2 2 2 2 2 2 2 2
left_child=1 2 3 4 -1 6 29 13 9 10 -9 -11 -7 -2 -4 -15 -17 -16 -13 23 22 26 -21 24 -6 -25 -22 -8 -29 -5
right_child=7 -3 14 5 19 12 27 8 -10 11 -12 18 -14 15 17 16 -18 -19 -20 20 21 -23 -24 25 -26 -27 -28 28 -30 -31
leaf_value=-0.066771458897302904 0.05164201297717496 0.066669203440604979 -0.066758448149802099 -0.06674792101444825 0.055701738718048233 0.067477187355460475 -0.067553894323730199 0.090834482388671367 -0.064451099456899891 -0.064805248794873566 -0.064698904026544102 0.082349937543275464 -0.066810475669058816 -0.065759042600732731 -0.066713010879577414 0.070906280870700264 -0.065369489780066806 0.056087837299258307 -0.065157925410437731 0.065284997760612182 -0.016414347871756763 -0.057518559545800645 -0.066930546693377266 -0.066745155706615766 -0.051237026415410017 0.070110440295728896 0.064081247178127437 0.0423750865715612 -0.067006980906948607 0.027413792128047815
leaf_weight=1.3846604575210246 0.51547317356198874 2.4553358132106942 3.4769991575940358 6.6211144370881794 3.1101178696462757 1.6457589653873577 0.58581824679276895 0.48643797172917258 3.3628931581733923 0.66752415024529943 2.4848672746156808 2.0898352114345475 0.45744514513535239 22.172279687931226 0.60018384124487034 0.76793717632244707 1.0179290019459584 0.9228372581928852 0.27808584134982073 3.1780623748200001 2.0631764967110944 2.8200294109337847 0.40159517265601596 0.33978416234094755 1.8547042757563756 4.3853756304561102 1.0668541782615646 3.1437263299594638 0.51250400597200485 0.51283575173511042
leaf_count=3506 222 43644 17227 26510 979 432 619 61 2968 557 2154 252 1082 27792 1646 131 792 168 192 324 1456 3382 333 614 3380 648 115 1091 805 449
internal_value=-0.0223856 -0.000514456 -0.00473511 0.00103669 0.0156972 -0.0213735 -0.0324004 -0.04923 -0.0237582 -0.000976171 -0.0392362 0.0364755 0.0382697 -0.0589818 -0.0440797 -0.0613619 -0.00676979 0.00769515 0.0650268 0.0216386 0.00555068 -0.0214627 0.050452 0.0374605 0.0157527 0.0602692 0.0110221 0.0139791 0.0270427 -0.059979
internal_weight=75.3822 41.5389 39.0836 34.0836 20.6044 13.4792 11.376 33.8433 9.36964 6.00675 2.97131 3.03545 2.1032 24.4736 5.00002 23.9581 1.78587 1.52302 2.36792 19.2197 9.52972 5.95006 3.57966 9.68998 4.96482 4.72516 3.13003 4.24205 3.65623 7.13395
internal_count=143531 108410 64766 45725 14737 30988 29474 35121 6184 3216 2215 1001 1514 28937 19041 28715 923 1814 444 11231 5610 4953 657 5621 4359 1262 1571 2515 1896 26959
is_linear=0
shrinkage=0.1


Tree=231
num_leaves=31
num_cat=0
split_feature=31 3 4 35 36 33 36 34 18 32 31 31 1 36 32 0 0 27 2 2 33 2 10 3 36 32 35 36 34 0
split_gain=2.53684 0.975064 4.58418 2.98463 4.01282 3.02161 3.65392 3.25404 6.11836 4.32294 3.21306 20.6287 9.95147 4.95348 3.47508 3.30561 3.31438 5.35281 3.7096 3.02778 2.96152 5.42452 6.62588 3.98823 2.95045 3.67592 3.28061 3.54828 3.26806 3.044
threshold=5.6000049957114308 57.02762567839715 86.000013014365834 395.88813684390612 38.224101929854427 58.000757899732228 30.366662791564067 112.00194610166329 989.9620979914331 129.98606245577335 5.5999934808113094 5.5000361346034827 1.9999498421511459 37.558616644892119 87.032436999122282 32.00364764427696 33.9988963265262 9.7892699558685585 161.20013347406262 161.50006316065495 63.294421413131403 151.20050207551608 4.8134963263396191 52.100863180858262 54.782185280273701 122.99999494696074 142.00082096627884 44.674542614159428 166.69151999338985 63.962563388232972
decision_type=2 2 2 2 2 2 2 2 2 2 2 2 2 2 2 2 2 2 2 2 2 2 2 2 2 2 2 2 2 2
left_child=1 2 3 5 -5 -1 -7 8 -8 -10 11 14 13 -12 -9 20 17 -17 -19 -18 21 -16 -23 -24 25 -15 28 -28 -27 -30
right_child=-2 -3 -4 4 -6 6 7 10 9 -11 12 -13 -14 24 15 16 19 18 -20 -21 -22 22 23 -25 -26 26 27 -29 29 -31
leaf_value=0.034887245310512204 -0.066671346672326035 -0.00078606628647644888 0.030399123035046244 -0.11011546923195813 0.017896990726419346 0.059214548914436428 -0.30284189175691922 -0.16675839905304224 0.03445788538417488 -0.27329931583925354 0.05579748643022403 -0.10401078438975889 0.069901265808762006 0.029721935722733364 -0.35874833002249895 -0.0053350044845655456 -0.0022374157262580606 -0.07361389735973134 -0.28764235907013919 0.025897209432762192 0.039650309041385674 0.050471941852424068 -0.094851751480502372 -0.45646792173036793 -0.020916338266840702 -0.036572840955597284 -0.11470733020389368 -0.0099037665070188866 -0.026064293392203747 0.051718421357597744
leaf_weight=26.845925818539399 5.6682742046077683 2430.1957836719157 57.308090021782846 5.5182923648098932 4.4022711825673468 10.588699975218331 1.0061095772907709 1.2423603418283153 2.598237207239436 0.55367978563299391 16.001710797427222 19.515329289017245 25.697684532904532 42.64046468178276 0.4685215229910672 6.3537003417586657 557.08693865289388 1.9691658536612524 1.3754694770686908 41.071030185295967 35.331414910957392 5.2421537219415768 1.516824535836349 0.38174768476164889 55.770298521150835 12.174601004458962 5.4567874032072705 7.91799132572487 7.3303953544236746 16.041441641631536
leaf_count=1558 91434 31716 454 48 41 111 9 70 102 10 100 366 1431 511 32 188 8951 34 31 2593 2431 519 62 38 462 65 21 34 33 76
internal_value=0.000172117 0.000283567 0.00296502 0.00124131 -0.0533097 0.00184116 0.000827658 0.000112717 -0.0881386 -0.0196041 0.000539114 -0.00270271 0.012056 0.0029551 0.000329413 0.000648381 -0.00124587 -0.0592368 -0.161632 -0.000305622 0.0274628 -0.0291262 -0.00749887 -0.167562 -0.00278411 0.00826025 -0.0104461 -0.0526627 0.00543843 0.0273225
internal_weight=3405.27 3399.6 969.407 912.099 9.92056 902.179 875.333 864.744 4.15803 3.15192 860.586 671.555 189.031 163.334 652.039 650.797 607.856 9.69834 3.34464 598.158 42.9407 7.60925 7.14073 1.89857 147.332 91.5617 48.9212 13.3748 35.5464 23.3718
internal_count=143531 52097 20381 19927 89 19838 18280 18169 121 112 18048 15315 2733 1302 14949 14879 11797 253 65 11544 3082 651 619 100 1202 740 229 55 174 109
is_linear=0
shrinkage=0.1


Tree=232
num_leaves=31
num_cat=0
split_feature=3 4 34 18 18 32 3 0 0 2 19 32 10 35 35 36 24 31 31 1 36 36 32 18 0 36 3 35 1 31
split_gain=0.956877 4.79589 2.81478 6.63494 6.97697 4.41532 3.02529 3.27219 4.64896 6.87544 6.59242 7.61134 5.68798 5.00211 3.26126 4.07428 3.64317 3.04597 17.6188 6.63849 4.51017 3.62221 3.56852 8.18481 3.63289 4.19677 3.96596 3.80925 3.47297 3.25925
threshold=57.02762567839715 86.000013014365834 112.00194610166329 989.9620979914331 943.59205921725152 129.98606245577335 56.900201793421402 32.00364764427696 33.9988963265262 161.10038140327927 218.31303009260998 98.999564814449826 3.5951790569984623 84.997940868534258 395.88813684390612 38.224101929854427 21.648590151301061 5.5999934808113094 5.5000361346034827 1.9348846499484769 53.000019543440814 31.000434981961579 122.0001239706599 3158.0229077074969 63.823788690271932 48.67606442049415 48.100788271000688 211.8018873954131 1.9999498421511459 5.6587485556319281
decision_type=2 2 2 2 2 2 2 2 2 2 2 2 2 2 2 2 2 2 2 2 2 2 2 2 2 2 2 2 2 2
left_child=1 2 3 4 -1 -5 7 -4 9 -9 11 -11 -12 -14 17 -16 -17 18 21 20 22 -10 -19 24 25 26 -24 -26 -23 -21
right_child=-2 -3 6 5 -6 -7 -8 8 14 10 12 -13 13 -15 15 16 -18 19 -20 29 -22 28 23 -25 27 -27 -28 -29 -30 -31
leaf_value=0.070045646640907594 0.0013490164037376936 -0.030007886348181481 -0.025171506792234406 -0.036188909256150578 0.59717749115061936 0.26714794292727156 -0.059395454953366324 0.0023946727121957716 -0.071979184045449174 0.62745488302398478 -0.070627018816548884 0.10671940445683503 0.033843226640350485 0.35440213060821507 0.11987497026611896 0.09497882766123493 -0.095220210577046993 -0.036683827326794385 0.097758800532596238 -0.069478830999250132 0.016162682918153252 -0.069242750757498736 0.24844634646336342 0.22640642535208799 -0.031528992281522436 -0.054521545801434951 0.051770540874273886 0.07545647921887369 0.0016530651464515688 0.019485733499502483
leaf_weight=0.56872400727661332 2443.2739346855142 58.941438779274904 50.325935363071039 2.9574654550797281 0.44957523294760904 0.5727944674581521 8.7764114068468171 6.8426910305552138 6.9107412540979558 0.57165603576140689 1.3067532138338722 0.55146601664091577 0.94467772138887074 1.0042880762994171 5.0383857861979759 1.754263484435796 2.3644404421174841 48.22014909349673 19.013092102832161 24.878111065496345 68.645022905466249 6.9906910245081226 1.1897979858076704 1.5649561632853863 33.997110059117404 3.2429120663891799 7.4153709382972011 3.6891882163672554 596.47864883669172 4.9348188906478745
leaf_count=54 101627 2843 3887 301 17 87 442 208 86 14 62 29 32 18 178 61 53 2135 355 1521 2551 1783 24 36 1048 100 258 145 10686 12890
internal_value=0.000293986 -0.00236308 -0.000574861 0.0778942 0.302772 0.0130283 -0.00096853 -0.000397428 0.00107361 0.0650114 0.162861 0.371768 0.0907943 0.199025 0.000215719 0.0595661 -0.0142095 -0.000441311 0.00296036 -0.0112666 -0.00354793 7.42795e-06 -0.017171 0.00124238 -0.0058713 0.042428 0.078964 -0.021056 0.000831796 -0.0547529
internal_weight=3413.42 970.142 911.2 4.54856 1.0183 3.53026 906.652 897.875 847.549 11.2215 4.37884 1.12312 3.25572 1.94897 836.328 9.15709 4.1187 827.171 629.393 197.777 167.965 610.38 99.3195 51.0993 49.5344 11.8481 8.60517 37.6863 603.469 29.8129
internal_count=143531 41904 39061 459 71 388 38602 38160 34273 363 155 43 112 50 33910 292 114 33618 12910 20708 6297 12555 3746 1611 1575 382 282 1193 12469 14411
is_linear=0
shrinkage=0.1


Tree=233
num_leaves=31
num_cat=0
split_feature=6 31 36 12 27 0 32 32 19 4 2 35 7 35 32 5 35 20 18 33 33 34 34 19 20 27 5 27 6 24
split_gain=4.06636 1.07569 0.825566 1.71207 0.900672 0.81009 0.822746 0.793166 0.889851 0.813308 0.788843 0.686609 0.620268 0.620153 1.06593 1.42069 1.1887 0.940386 0.671142 0.642948 0.602446 0.580098 0.561443 0.743955 0.520829 0.515575 0.464898 0.448028 0.399928 0.340193
threshold=7.8272931572193762 6.4051489207289158 52.738374698234956 3.9276554430766191 3.8806240660641929 65.887446033823934 130.23415487154276 123.91667010143162 122.52307268048567 86.611778986003046 167.84217823337818 90.999662265305659 2.1822110498596516 249.00305810836116 119.42728820963303 2.4743345581448017 141.00154666030929 48.548129444002313 2100.3729923129126 73.000059847391114 48.279058621723912 189.00023522664949 251.000606508701 204.60150782664911 38.037551583886206 6.6522492208573327 5.5786248040029252 24.617048342452687 1.4469561112096274 25.615517172557421
decision_type=2 2 2 2 2 2 2 2 2 2 2 2 2 2 2 2 2 2 2 2 2 2 2 2 2 2 2 2 2 2
left_child=1 2 4 -4 -1 20 7 8 -7 -9 13 28 -11 14 16 -16 18 19 24 -15 -2 -17 -22 -24 -6 -5 -26 -21 -12 -23
right_child=5 -3 3 25 10 6 -8 9 -10 12 11 -13 -14 17 15 21 -18 -19 -20 27 22 29 23 -25 26 -27 -28 -29 -30 -31
leaf_value=-0.066751306142388375 0.047790671949387284 0.066668970119911228 -0.066735993006056565 0.070034473471435363 -0.066761854438753751 0.082791239551191165 -0.064206437982131409 -0.064953518030577723 -0.064475028615469096 0.083748765086024593 -0.066699579379034979 -0.066771238145587233 -0.064897275273167188 -0.066940302577092478 -0.06674442703703258 -0.067187099647160617 -0.066808829356874086 -0.066856627756088916 -0.066864352944992156 0.066590362632770184 -0.065643398128305816 0.047419693154443152 0.066779116766104138 -0.065191287866059641 0.053009107836655078 -0.066810997407562689 -0.067144038934020225 -0.066949038505461994 0.06265170431013993 -0.066820898974989149
leaf_weight=1.7852773719296262 0.51995700164116598 2.229644781076785 4.9936073951012068 1.5334165190688507 0.41330773436312362 0.49780620392630082 3.1606856297530612 0.63378554080009086 2.3344023256195214 1.9965305991136122 0.33363721796740653 2.4833022171114862 0.32664756526355621 0.42649461882137885 3.9794566813143311 0.64691176936321459 1.2798232775094209 0.75496592662057072 0.59532871861301906 5.4012768274988048 20.772295329017656 2.8260891640984487 0.77105798759111965 0.95775620140011597 8.0774066566100338 0.33556423061054363 0.33539486345216651 0.26349491842302075 0.84286743628399563 0.28715129850024812
leaf_count=5890 222 43644 26608 362 945 61 2968 578 2154 198 1885 9461 225 353 8105 445 2506 1104 1264 613 27792 359 131 792 2981 1024 268 205 183 205
internal_value=-0.0221407 -0.000817246 -0.00481967 -0.0361789 0.00218293 -0.0487022 -0.0231726 -0.000769511 -0.0385906 0.0354559 0.00643439 -0.0369581 0.0628486 0.0127146 0.0031727 -0.0250977 0.023619 0.0384165 0.0359029 0.0514643 -0.0586272 0.0189781 -0.0610864 -0.00633196 0.0428346 0.0454647 0.0482189 0.0603788 0.0259698 0.0368827
internal_weight=71.7953 39.8244 37.5948 6.86259 30.7322 31.9709 8.94986 5.78917 2.83221 2.95696 28.9469 3.65981 2.32318 25.2871 18.4409 7.73961 10.7013 6.84623 9.42144 6.09127 23.0211 3.76015 22.5011 1.72881 8.82611 1.86898 8.4128 5.66477 1.1765 3.11324
internal_count=143531 108410 64766 27994 36772 35121 6184 3216 2215 1001 30882 11529 423 19353 17078 9114 7964 2275 5458 1171 28937 1009 28715 923 4194 1386 3249 818 2068 564
is_linear=0
shrinkage=0.1


Tree=234
num_leaves=31
num_cat=0
split_feature=31 25 35 5 19 24 19 24 33 25 35 35 34 35 0 3 19 10 34 18 4 24 4 35 36 19 36 34 36 11
split_gain=2.34652 0.962234 3.93731 1.57098 1.36146 1.3156 3.7519 4.06161 3.81291 4.69866 3.96072 5.76761 2.99055 2.40592 2.38378 2.30856 2.20263 3.58985 2.03861 2.55771 1.77035 1.68135 2.20012 3.21704 3.18737 2.25401 1.8417 1.82305 2.43841 1.86302
threshold=5.6000049957114308 0.68151017018704951 133.00038525106223 7.9713708910364298 261.90093475719794 31.510197555809114 339.13083635750962 34.446614262157176 75.448251612506866 0.59787121578019364 187.1061544278501 174.10539419172022 172.70271260697433 122.00300015291575 42.000404794432178 98.110235944547227 393.1863314257925 3.9999090474827423 220.91540654181222 1396.1894268571916 114.67809300590449 31.214687203464894 103.80058581441556 67.999443882971377 40.12814125226496 305.22030619402744 35.403449283169969 211.79386408046236 34.724045637910372 1.3567437017565076
decision_type=2 2 2 2 2 2 2 2 2 2 2 2 2 2 2 2 2 2 2 2 2 2 2 2 2 2 2 2 2 2
left_child=1 5 3 4 -3 15 8 16 9 -7 11 14 -11 -14 -10 21 -8 -18 19 -16 -9 22 -1 -24 26 -26 -25 28 -23 -30
right_child=-2 2 -4 -5 -6 6 7 20 10 12 -12 -13 13 -15 18 -17 17 -19 -20 -21 -22 27 23 24 25 -27 -28 -29 29 -31
leaf_value=0.00034013268078138498 -0.066671060961855919 0.0076325205558686994 0.072838523032631025 0.022432575114588123 -0.083740713091245186 0.078488235092573327 -0.11681388737986431 0.10049103657463176 0.059231824215295215 -0.19650792120940197 0.082263468477562746 -0.15999626100325826 0.022620433956323446 -0.094567856018753726 0.017188497725901902 0.067876441328190498 0.055655916013862411 -0.0919840605738452 0.055966183529622675 -0.085338535756576628 -0.054935625844828785 0.10995506702336498 -0.18461595267453862 -0.031774025678699913 0.088100908311199461 -0.033958263067795195 -0.16569096611427403 0.096786728358927848 0.068282739835122258 -0.08179103040620736
leaf_weight=3283.0693340485377 5.2430559367012384 2.726076626073338 8.8111600070405967 6.2621243401081301 4.0581790744399768 2.3745097691498804 6.9970414440540498 2.1308903760509557 7.697981436656856 1.7595066188368926 7.6695728765043887 2.0692741464226847 2.7605338234207011 4.7948811098103761 4.8623233649341255 5.0639529056061283 2.6041931995787309 4.4802047025732463 3.3861204441564032 4.870391539800039 1.1169814371751274 1.6097980340564371 1.4131556654538133 2.3176344911262259 2.8126495588221587 3.2739898269064724 1.8440520156073033 3.7379144727456151 1.1875051710740083 2.7262545819685329
leaf_count=50797 91434 37 70 29 24 76 52 46 134 40 107 18 38 51 36 112 33 48 26 55 12 10 12 21 41 39 24 44 15 50
internal_value=0.000176295 0.000279668 0.0211936 -0.013686 -0.0470248 0.000143967 -0.0145845 -0.0537671 0.00148856 -0.0470838 0.0200705 -0.00077158 -0.079094 -0.0517506 0.015056 0.00040913 -0.0770177 -0.0377123 -0.0108659 -0.0341175 0.047038 0.000305725 0.000186122 -0.0431726 -0.0236688 0.0224456 -0.0911129 0.0428538 0.00635612 -0.0362559
internal_weight=3395.73 3390.49 21.8575 13.0464 6.78426 3368.63 59.5744 17.3293 42.2451 11.6894 30.5557 22.8861 9.31492 7.55541 20.8168 3309.06 14.0814 7.0844 13.1188 9.73271 3.24787 3303.99 3294.73 11.6615 10.2483 6.08664 4.16169 9.26147 5.52356 3.91376
internal_count=143531 52097 160 90 61 51937 772 191 581 205 376 269 129 89 251 51165 133 81 117 91 58 51053 50934 137 125 80 45 119 75 65
is_linear=0
shrinkage=0.1


Tree=235
num_leaves=31
num_cat=0
split_feature=25 35 18 36 5 18 34 24 19 24 33 25 35 35 34 2 32 25 0 3 19 10 19 18 27 2 32 36 34 34
split_gain=0.932792 3.89235 1.77684 1.75094 1.58379 1.53428 2.14149 1.36937 3.70903 4.04706 3.8147 4.67266 3.88752 5.74617 3.00559 2.8754 2.85982 2.6497 2.38507 2.29209 2.19249 3.57392 2.56913 2.65054 2.37782 2.16915 2.09202 1.88005 2.33475 2.77061
threshold=0.68151017018704951 133.00038525106223 450.55932981944676 70.592900522501751 7.9713708910364298 1211.6904510690676 236.00240517136695 31.510197555809114 337.7311704437148 34.446614262157176 75.448251612506866 0.59648858855009734 187.1061544278501 174.10539419172022 154.00099210387501 182.72182942084757 109.35866938369388 0.66925371513740972 41.002361553203095 98.110235944547227 393.1863314257925 3.5168346312690439 399.69389713907998 4690.4945540599401 24.000282139730764 176.09837613355327 145.50268688086473 35.887710346559842 216.93787385890874 190.99947454079805
decision_type=2 2 2 2 2 2 2 2 2 2 2 2 2 2 2 2 2 2 2 2 2 2 2 2 2 2 2 2 2 2
left_child=7 4 -3 -4 5 -2 -7 19 10 20 11 -9 13 18 -13 -11 -16 -18 -12 -1 24 -22 -23 25 -10 -24 27 -20 29 -29
right_child=1 2 3 -5 -6 6 -8 8 9 15 12 14 -14 -15 16 -17 17 -19 26 -21 21 22 23 -25 -26 -27 -28 28 -30 -31
leaf_value=0.00022731031331998106 -0.046956570758531463 0.11909806756713735 -0.091952024321967335 0.12682177671983713 -0.022011041643370279 0.095255849664950043 -0.093124688786607859 -0.077857465482717395 0.14143879919143906 -0.098723739047827636 -0.058527564177971204 0.25472751878898542 -0.080507667779164627 0.16017883587528692 -0.021505558005034422 0.1220528150811407 0.12631582600933097 -0.090207924656145744 -0.10852658366709325 -0.067174084335611658 -0.054655711808465679 -0.085741041823064676 0.17840566018385307 -0.12451049053237728 -0.022328170934821139 -0.092032015106473214 -0.11592073485154096 0.0048743973114801793 -0.033774918050171486 0.12522808554404397
leaf_weight=3317.1277458327131 1.3696761628252732 0.46377473101892874 8.0167632904631283 0.38332374803394564 6.2430548643351358 4.7684702341521188 0.690886210393728 2.3580132057195433 5.9740589132252371 2.4805884601955763 7.6827752430836069 0.88753909512524742 7.7178162605378011 2.0766430578296413 2.7948169041555939 0.77398157715469995 5.0439959793893649 0.63649733104102768 0.98171762365745863 5.0530628257947674 2.613442302275871 0.6858309937888406 3.0940748924094814 0.38424998200389371 1.041104445894234 0.32803361880905857 1.1719136761967082 3.74394351192859 3.346238635635018 3.9106509684734192
leaf_count=139027 171 6 610 5 38 274 21 117 200 207 296 116 516 98 82 20 310 47 35 291 214 18 181 34 44 32 51 261 99 110
internal_value=0.000261278 -0.0202934 -0.0714484 -0.0819687 0.0143936 0.0476745 0.0714161 0.000394601 0.0154019 0.0543077 -0.000559445 0.0479578 -0.019124 0.00155113 0.0796441 -0.04622 0.0613093 0.102054 -0.0142577 0.000124792 0.0774774 0.0383251 0.092419 0.12452 0.117135 0.152482 0.0115978 0.0240693 0.0359022 0.0663618
internal_weight=3403.84 21.9359 8.86386 8.40009 13.0721 6.82903 5.45936 3381.91 59.7279 17.3754 42.3526 11.7209 30.6317 22.9139 9.36285 3.25457 8.47531 5.68049 20.8372 3322.18 14.1208 7.10563 4.49219 3.80636 7.01516 3.42211 13.1545 11.9826 11.0008 7.65459
internal_count=143531 1125 621 615 504 466 295 142406 3088 950 2138 672 1466 950 555 227 439 357 852 139318 723 479 265 247 244 213 556 505 470 371
is_linear=0
shrinkage=0.1


Tree=236
num_leaves=31
num_cat=0
split_feature=6 31 36 6 25 27 31 2 0 9 19 35 33 33 35 2 34 19 26 24 24 3 6 19 21 19 7 8 32 19
split_gain=3.74768 0.982865 0.773862 1.06175 1.16397 1.06591 0.930115 0.787665 0.771033 0.774017 0.752568 0.71451 0.626283 0.585418 0.573736 0.550691 0.539075 0.673426 0.537553 0.450659 0.990239 0.449086 0.402322 0.704156 0.39417 0.373442 0.342055 0.386146 0.345914 0.331605
threshold=7.8272931572193762 6.4051489207289158 37.340031215501931 4.2236066430492576 0.57523483896344307 10.31553473076182 6.1709713836858766 167.73296347728893 65.887446033823934 1.9706109266399865 318.10448295506961 92.000345492101786 80.400560649614448 48.279058621723912 83.996252901905564 151.98005259153311 251.000606508701 204.60150782664911 0.78710754853055753 25.44591830078814 25.64946489937164 62.864468051409681 0.72203242405490109 485.2180428962414 0.39399405489718464 176.15482772807977 2.0792735336120765 2.6939500093056359 130.23415487154276 202.26864343254479
decision_type=2 2 2 2 2 2 2 2 2 2 2 2 2 2 2 2 2 2 2 2 2 2 2 2 2 2 2 2 2 2
left_child=1 2 7 4 6 12 -4 15 13 11 24 14 25 -2 -10 -1 -15 29 21 -11 -21 -8 -17 -24 26 -6 27 -5 -28 -18
right_child=8 -3 3 10 5 -7 18 -9 9 19 -12 -13 -14 16 -16 22 17 -19 -20 20 -22 -23 23 -25 -26 -27 28 -29 -30 -31
leaf_value=-0.066829470463817583 0.046196577897331462 0.066668769639136816 -0.056232391995853226 0.040361603874061534 -0.066756111634972165 -0.06678349259867071 0.063830553458582504 -0.066819609305583436 -0.065843767834492167 -0.064248330496443407 -0.066910636637858734 -0.037149317164092956 -0.066767918591540881 -0.065508783704081364 0.10464809235317529 0.052731011995292648 -0.06559759118493623 -0.064985509402680899 -0.066735311404383005 0.062112364686431977 -0.063236209884736216 -0.066838773688930195 -0.040501536974859302 0.082180729279449624 -0.066948398355258995 0.045426800126603696 0.064465294675708051 -0.067556902963552601 -0.015306395102283458 0.09634450369264741
leaf_weight=0.53638387832142864 0.52377607902236079 2.0346262525054035 10.314077096172701 0.79811627218077663 0.31633557582790572 1.5436546075179647 1.4741281529713881 0.91813565198572167 0.24060599488802692 3.5894907200981834 0.86478264315519471 1.0173209987096923 0.63584766846361152 19.427169793198122 1.098690769407767 5.3111788461974356 0.15971128077398933 0.89804323338466929 0.63189820328989288 1.1045772733868946 1.4675860271145209 0.32013523788918963 1.3846843491228358 0.70658541461125413 0.37234289468324266 4.7891227437394264 3.7380378824673244 0.56718008725874824 0.6360886187685536 0.60705743280050228
leaf_count=676 222 43644 44176 333 583 3228 384 2746 158 3755 1416 562 1435 27792 53 1971 125 792 1425 141 1515 815 1119 60 413 2399 431 694 462 6
internal_value=-0.0218736 -0.000942724 -0.00477901 -0.0131926 -0.0248969 0.00698594 -0.0431278 0.020871 -0.048194 -0.0227129 0.0204031 0.0260291 0.0268202 -0.0582355 0.0740191 0.0310126 -0.0608288 -0.00621681 0.0125824 -0.041355 -0.00940713 0.0405163 0.0381022 0.000949595 0.0327575 0.0384759 0.0392259 -0.00447059 0.0528648 0.0626134
internal_weight=68.0274 37.8933 35.8587 27.0017 20.0252 7.28496 12.7402 8.85697 30.134 8.51827 6.97655 2.35662 5.74131 21.6158 1.3393 7.93883 21.092 1.66481 2.42616 6.16165 2.57216 1.79426 7.40245 2.09127 6.11177 5.10546 5.73942 1.3653 4.37413 0.766769
internal_count=143531 108410 64766 58194 54445 7645 46800 6572 35121 6184 3749 773 4417 28937 211 3826 28715 923 2624 5411 1656 1199 3150 1179 2333 2982 1920 1027 893 131
is_linear=0
shrinkage=0.1


Tree=237
num_leaves=31
num_cat=0
split_feature=31 16 8 32 36 32 36 18 24 3 2 11 27 34 34 33 11 34 2 32 0 18 0 34 0 19 32 36 32 5
split_gain=2.17641 0.936568 0.911804 2.73079 2.31989 2.85373 3.84054 3.56098 2.34341 2.71971 2.83403 2.5212 2.44951 2.25106 3.92864 4.68611 3.41344 3.19885 2.8432 3.67623 1.92894 1.83172 3.19595 1.65907 2.10112 1.41267 2.16068 1.28222 1.73057 1.25029
threshold=5.6000049957114308 1.9999120663773577 1.9999927881542103 101.00011772603405 56.607614901338572 109.35866938369388 67.000133644185937 2058.1069431162109 21.226709953573231 60.583504793973482 156.52877356944626 1.7480891646051886 14.999246317151824 173.66836426716267 152.81831224599333 73.949346053499966 3.9999772414685011 204.00024404779711 162.10010841019502 139.00040512263686 58.513697037646445 1685.8828530027802 45.81703977325899 168.71054997190342 41.533303049221907 284.98936617687804 116.99996222422622 88.943561641962518 139.99929640976464 7.9713708910364298
decision_type=2 2 2 2 2 2 2 2 2 2 2 2 2 2 2 2 2 2 2 2 2 2 2 2 2 2 2 2 2 2
left_child=1 2 3 20 8 6 -6 -7 -5 11 -11 -10 -13 14 15 -12 17 18 -15 -20 -1 -19 -23 24 -16 -9 -27 -4 -29 -18
right_child=-2 -3 27 4 5 7 -8 25 9 10 13 12 -14 16 23 -17 29 21 19 -21 -22 22 -24 -25 -26 26 -28 28 -30 -31
leaf_value=0.072505013508537566 -0.066670802113141886 0.062642348135142731 0.00037464287262402199 0.056257986802128623 -0.19557979850390217 0.063814243708749899 0.07310875951927312 -0.17931554446200715 -0.1608626600404906 0.074999718604110796 -0.11804146319365985 0.043506958047220656 -0.093174519401328648 -0.096884741760063287 0.039553655339463839 0.072842714947617279 -0.018429179449782427 -4.7499998666832765e-06 0.084739364819975446 -0.080685166676175618 -0.11352616334140933 -0.19142383179262853 -0.029743020510527747 -0.19100700592737854 -0.11461492405035847 0.074976107801505792 -0.090478429112611947 0.074683258727581969 -0.054002693988126453 0.070603947894587016
leaf_weight=5.4185285391431526 4.8649771372379282 2.405144492553517 3307.3305438246971 5.0930562194771474 2.5024856097879815 2.8312731941186922 0.67559611833712541 1.045004750274529 2.1841373751522033 4.0023768450046182 1.9213473047857386 2.3338517780357506 2.9922124146032729 1.8079452077436196 1.2040307910210684 3.8898434212460415 2.0103450285314448 2.2606533440775811 5.3808918475842802 1.7903805149835532 0.62128220224258246 2.39375225877302 2.498890476206725 1.6405452150720519 3.3260296972584911 1.04917023343296 3.186339632688032 4.7427067475364302 1.3403704981683402 7.3219511053757742
leaf_count=236 91434 2735 47604 118 56 112 42 18 21 24 25 25 21 16 41 48 78 21 81 11 7 25 22 26 25 31 51 507 30 40
internal_value=0.000166435 0.000262432 0.000218106 -0.0109641 -0.0169107 -0.0581394 -0.138462 -0.0266701 -0.00829924 -0.0150149 -0.00498232 -0.070385 -0.0332815 -0.013531 -0.0492744 0.0097309 0.00328716 -0.0245593 0.0151855 0.0434395 0.053369 -0.0744491 -0.108846 -0.104843 -0.0736389 -0.0751855 -0.049494 0.000459008 0.0463281 0.0514246
internal_weight=3392.07 3387.2 3384.8 71.3819 65.3421 11.2899 3.17808 8.11179 54.0522 48.9592 41.449 7.5102 5.32606 37.4466 11.9818 5.81119 25.4648 16.1325 8.97922 7.17127 6.03981 7.1533 4.89264 6.17061 4.53006 5.28051 4.23551 3313.41 6.08308 9.3323
internal_count=143531 52097 49362 1221 978 310 98 212 668 550 483 67 46 459 165 73 294 176 108 92 243 68 47 92 66 100 82 48141 537 118
is_linear=0
shrinkage=0.1


Tree=238
num_leaves=31
num_cat=0
split_feature=8 32 21 9 0 25 24 32 25 36 36 10 2 24 32 33 4 32 25 22 32 18 35 19 6 27 33 36 35 10
split_gain=0.886499 2.68792 2.66712 3.0321 2.87953 3.33171 5.3587 3.2974 2.72306 2.56549 2.46345 2.43886 4.85992 3.57517 2.55861 3.01169 3.32609 3.3821 2.73174 2.39868 2.2601 2.74321 2.11433 2.07645 1.71723 1.58673 2.07307 1.48986 1.67751 1.2933
threshold=1.9999927881542103 101.00011772603405 8.9991807487128703 2.9929295703187844 35.002683528989259 0.45955179696368814 21.226709953573231 105.00010080844477 0.5926355491677423 65.508032018288603 55.652206520776737 3.9071877937763193 154.75868585652958 24.283738120554691 108.93391545908379 79.140031703320162 79.527091891117095 122.21156058751144 0.47028349220407623 8.0674797813505492 112.00027761310507 1909.8923637443893 146.00102485842024 324.47998923792903 7.765690038384327 17.999502555035505 78.999894475850638 43.288061102283216 118.00239311196896 1.9919886098198929
decision_type=2 2 2 2 2 2 2 2 2 2 2 2 2 2 2 2 2 2 2 2 2 2 2 2 2 2 2 2 2 2
left_child=1 19 3 4 5 6 -3 10 11 24 23 12 -9 25 -14 18 -17 -18 -16 -1 -15 22 -22 -6 27 26 -13 -5 -29 -10
right_child=-2 2 -4 9 7 -7 -8 8 29 -11 -12 13 14 20 15 16 17 -19 -20 -21 21 -23 -24 -25 -26 -27 -28 28 -30 -31
leaf_value=-0.070532035010907698 7.2358806556481169e-06 -0.069540979270194897 0.16792650053482233 -0.079072829342897652 -0.078631708965022584 -0.060464268140568989 0.2460111503580969 -0.073284489453584054 0.0027513228397399677 0.086178889035511144 0.22782895864206931 0.066669163151304167 -0.063440437725459306 -0.092020089518779713 0.34029168237117791 -0.088319446252163286 -0.038295692814977932 0.13502824329919091 0.12379860800685448 0.17479998613485515 -0.10182933670115486 0.11457325248540057 0.064433277171278724 0.15642325050726802 -0.057889714454020968 -0.08393374818996524 -0.061439884177075292 -0.063967510969677052 0.11914554752433007 0.14277561921368678
leaf_weight=5.555986968563956 3328.382680734072 1.1151656067122515 1.1512794441878202 1.0023389487450889 0.69893966631025184 6.5981674733284308 1.0401165795374252 2.5775759758325867 0.8550271803469508 1.8831616510960874 1.527101634590508 2.2726161386017356 1.1562847750192293 1.0649538488160013 0.71186963395666536 1.3359365008509483 1.5550983210650882 4.0784133306970034 3.2156553217755572 0.42932750761974592 1.3582607577118326 4.3886328224398312 1.750738667355108 0.81294763072946807 10.661996099937824 4.9541714162278367 2.8437223578712292 0.70559813528052506 1.7194592046434989 2.8861644833923492
leaf_count=320 140408 47 72 442 31 110 29 21 30 171 11 54 22 32 10 15 28 91 151 6 10 107 41 12 209 61 37 533 364 56
internal_value=0.000244564 0.0112299 0.0170557 0.014374 0.0267526 -0.0252041 0.0827412 0.0381101 0.0298867 -0.0234439 0.138244 0.0207893 0.0513466 -0.00320445 0.0779988 0.093007 0.053542 0.0871832 0.163038 -0.0529343 0.0442994 0.0636621 -0.00820359 0.0477582 -0.0380958 -0.0435953 -0.00453538 0.0234793 0.0658667 0.110774
internal_weight=3400.29 71.9067 65.9214 64.7701 48.7976 8.75345 2.15528 40.0441 37.0051 15.9726 3.03899 33.2639 14.6308 18.6331 12.0533 10.897 6.96945 5.63351 3.92752 5.98531 8.56259 7.49763 3.109 1.51189 14.0894 10.0705 5.11634 3.4274 2.42506 3.74119
internal_count=143531 3123 2797 2725 1006 186 76 820 766 1719 54 680 338 342 317 295 134 119 161 326 190 158 51 43 1548 152 91 1339 897 86
is_linear=0
shrinkage=0.1


Tree=239
num_leaves=31
num_cat=0
split_feature=6 31 0 2 36 27 6 32 10 12 6 7 33 6 34 19 35 0 35 7 3 31 36 6 19 24 19 18 34 19
split_gain=3.48259 0.904309 0.743941 0.711697 0.867569 0.819118 0.749143 0.699806 0.656771 0.632985 0.767716 0.556035 0.539691 0.497164 0.458017 0.596361 0.446683 0.429378 0.956552 0.58124 0.516696 0.41041 0.40247 0.600272 0.402222 0.397865 0.393846 1.10311 0.479406 0.400447
threshold=7.9472796658345706 6.4051489207289158 67.774561256850987 167.84217823337818 46.664616589050858 4.1740386207645743 0.39147199195459198 130.23415487154276 3.9999090474827423 4.8854817426460375 2.5099404652738149 1.9715083798388366 48.279058621723912 1.4469561112096274 251.000606508701 204.60150782664911 91.003054295085079 62.749714459335685 80.998615930357587 2.3440332356306492 58.000126183164944 5.5525643806091418 31.360858310870565 5.3143298827660539 539.06473129057281 22.783469424661813 352.56578554415853 1226.6397781247322 190.67816862486814 188.59562110101589
decision_type=2 2 2 2 2 2 2 2 2 2 2 2 2 2 2 2 2 2 2 2 2 2 2 2 2 2 2 2 2 2
left_child=1 3 12 4 5 -1 -6 8 -4 10 24 -10 -2 -5 -14 -16 -15 26 20 22 -19 -13 -20 -24 -8 -12 27 29 -28 -7
right_child=2 -3 7 13 6 17 9 -9 11 -11 25 21 14 16 15 -17 -18 18 19 -21 -22 -23 23 -25 -26 -27 28 -29 -30 -31
leaf_value=-0.066752554401684469 0.042801079081731717 0.066668595763091518 -0.063784004586344048 -0.066742212271316173 -0.066700574178547065 -0.010393157118514205 -0.06386939519546328 -0.063864601568594123 -0.065192334812758421 0.051510152658642921 -0.067079299736956408 -0.020865338822046837 -0.063964462465088925 0.051544889424943202 0.055267547930047234 -0.064815102778711456 -0.066731278984688766 0.060601889717474058 0.061732610587211717 -0.057614009799188771 -0.066904902341689734 0.063468669595637531 -0.06689177445830323 0.045314961245007265 0.043288863244296018 0.024922224431744758 -0.066734206102909768 -0.050066000317746863 0.065802414657347236 0.07427864326442378
leaf_weight=1.1756082008360014 0.52777189618064468 1.8701017161220068 1.1272670837824978 2.8707384793597148 2.7168119194284364 0.757919782148749 3.2011461990969097 2.375220794492634 0.58677126294605875 1.5431175510984756 0.54704572245464111 0.78270200967926973 19.162941715443598 0.84249081500456646 0.76959272880230745 0.89398610559146618 0.51417841168949963 2.8811984466610725 0.94716622732266875 2.4935073276083131 0.35721318390460499 2.1962040592043195 1.0898905030626336 0.84751627396326501 0.39331787310038624 3.3397436591658334 0.29295239261591621 1.6737930754825354 3.9906170973245025 2.1234773819651309
leaf_count=3518 222 43835 1246 17227 19811 685 7950 2460 488 527 995 261 28502 402 140 827 1453 324 120 3386 333 659 1346 113 134 1617 618 3386 649 297
internal_value=-0.0215149 -0.0010636 -0.0477565 -0.00472452 0.000626207 0.0140432 -0.0206638 -0.0196357 0.0027497 -0.00680428 -0.0188325 0.0237839 -0.0570643 -0.0431671 -0.0595951 -0.00926334 0.00671815 0.0194848 0.00359976 -0.0222551 0.0465372 0.0413101 0.00831024 -0.0178071 -0.0521438 0.0119735 0.0349703 0.0145003 0.0567383 0.0520067
internal_weight=64.892 36.4696 28.4225 34.5995 30.372 18.6309 11.7412 7.06817 4.69294 9.02437 7.48125 3.56568 21.3543 4.22741 20.8265 1.66358 1.35667 17.4553 8.61649 5.37808 3.23841 2.97891 2.88457 1.93741 3.59446 3.88679 8.83876 4.55519 4.28357 2.8814
internal_count=143531 108726 34805 64891 45809 14775 31034 5114 2654 11223 10696 1408 29691 19082 29469 967 1855 11257 5622 4965 657 920 1579 1459 8084 2612 5635 4368 1267 982
is_linear=0
shrinkage=0.1


Tree=240
num_leaves=31
num_cat=0
split_feature=31 35 2 19 34 19 19 33 19 36 24 11 11 34 2 4 36 19 25 24 18 34 24 18 36 36 18 24 19 19
split_gain=2.01924 0.903208 2.49225 3.12095 5.50669 4.68189 2.85912 2.81656 2.70117 3.56787 2.08686 1.92012 2.50277 1.46737 3.05319 2.26169 1.37871 1.1148 1.00505 3.49108 5.11743 3.69937 3.65871 5.84159 5.31598 4.91122 6.34199 5.24025 3.82621 4.29794
threshold=5.6000049957114308 37.004429654343859 166.27810343033465 267.26812107973319 202.74033956264529 273.4320414230022 382.93705084364461 78.999894475850638 201.1761240090529 43.288061102283216 21.954028107792439 4.9999776490670191 7.9999025157879391 152.81831224599333 158.50035773774513 79.682185266332127 60.872201027682145 184.53688950873973 0.46283885849595824 21.954028107792439 2283.85637453557 246.00027965216108 19.251813413303093 1107.885177185932 56.87484742378124 65.508032018288603 1885.781120730205 21.226709953573231 448.15905562533288 329.64873078492434
decision_type=2 2 2 2 2 2 2 2 2 2 2 2 2 2 2 2 2 2 2 2 2 2 2 2 2 2 2 2 2 2
left_child=1 2 3 8 5 -5 7 13 9 -1 -6 -11 -13 14 15 16 -7 -14 -3 20 22 -22 23 -20 -25 28 -27 -28 29 -24
right_child=-2 18 -4 4 10 6 -8 -9 -10 11 -12 12 17 -15 -16 -17 -18 -19 19 -21 21 -23 25 24 -26 26 27 -29 -30 -31
leaf_value=-0.23133230295702256 -0.066670556337830048 -0.0038343215836740678 0.071641629807150761 -0.2850776594355075 -0.25796284004964282 0.069049500828538127 0.074987325810695463 -0.081609799972345548 0.07552739925278884 0.072114882065382954 -0.07593042131903964 -0.21806172942923854 0.074120328457476528 0.068843927808997923 0.072813411924879612 -0.29214514403297465 -0.17900420494108565 -0.10480561213497544 0.079046352942041154 -0.00042642085093944516 0.04867614229942073 -0.076247960370106824 0.0076063636202193755 -0.1067477986160732 0.048977548223289202 0.00012027308825811813 -0.18813206429598961 -0.022533287170163258 -0.1036977229161624 0.042250581989627702
leaf_weight=0.66688705165552065 4.5152471466840316 550.42637887684759 6.5523677942619534 0.56024445189541694 1.1702232309980893 0.53443383875855788 4.6135833839616671 4.3085573439166183 8.3749437228761945 2.6844115493586287 1.3637111883872419 0.65304926941098562 1.0511552696334545 3.3323246474610642 1.4902279053712844 0.54403423238545656 0.38583636724797543 0.52071484427870007 3.2211626397329374 2476.1224975951918 42.917516621724644 2.5090605677978592 185.28584985444832 9.7811429417342861 2.8253255052550221 16.863968547044355 4.0288500294846008 3.634993226332881 2.7812201152410116 44.388256593723781
leaf_count=13 91434 18630 415 16 33 37 160 33 333 163 15 14 50 122 60 5 12 8 54 27562 723 35 2375 103 47 457 86 54 18 464
internal_value=0.000158196 0.000247376 0.0154156 0.0039935 -0.0231641 -0.00117668 0.0092812 -0.0193294 0.0396228 -0.0143024 -0.159997 0.0151791 -0.0535152 0.0233532 -0.0279544 -0.130506 -0.0349505 0.0148474 7.13913e-05 0.000840729 0.0107001 0.0417762 0.00552552 -0.041138 -0.0718471 0.00839954 -0.0341586 -0.109588 0.0128901 0.0143019
internal_weight=3388.11 3383.59 38.8067 32.2543 18.3032 15.7692 15.209 10.5954 13.9512 5.57622 2.53393 4.90933 2.22492 6.28686 2.95453 1.4643 0.92027 1.57187 3344.79 2794.36 318.237 45.4266 272.811 15.8276 12.6065 256.983 24.5278 7.66384 232.455 229.674
internal_count=143531 52097 1489 1074 493 445 429 269 581 248 48 235 72 236 114 54 49 58 50608 31978 4416 758 3658 204 150 3454 597 140 2857 2839
is_linear=0
shrinkage=0.1


Tree=241
num_leaves=31
num_cat=0
split_feature=34 18 2 0 18 0 19 19 27 36 24 3 0 4 33 4 4 4 35 36 36 24 5 32 32 32 2 6 36 34
split_gain=0.863506 2.64643 2.09473 3.95644 2.12491 2.54731 4.31788 3.22207 2.41473 2.76744 2.3972 3.20927 2.30032 2.27729 3.64673 3.30495 3.24087 2.55982 5.83869 3.32994 2.16547 2.55703 2.05083 2.00019 3.92062 1.93866 2.84981 1.83459 3.34947 2.80079
threshold=235.00264384652891 3509.138427789881 179.66084408353672 29.008397677782067 2725.2778831031378 60.000098808454382 323.21845544486729 309.89070084141036 8.1479182721489494 49.999960801469392 24.005191039053773 69.300049331513137 35.002683528989259 66.001102480520146 81.931470490797849 64.903414766912377 70.93342442052942 71.804550341152591 98.000015159117865 51.214236549068239 53.906288125394866 22.678808753684986 7.4685227086568755 132.50048798074263 134.00070714450391 122.50304543582946 168.36261103351708 1.0003830237901268 60.120275969224579 267.64531951003949
decision_type=2 2 2 2 2 2 2 2 2 2 2 2 2 2 2 2 2 2 2 2 2 2 2 2 2 2 2 2 2 2
left_child=-1 2 4 -4 13 7 -7 25 9 22 20 -12 -13 14 15 -2 -15 18 -18 -20 -10 -22 -9 -3 -25 -6 -27 28 29 -19
right_child=1 23 3 -5 5 6 -8 8 10 -11 11 12 -14 16 -16 -17 17 27 19 -21 21 -23 -24 24 -26 26 -28 -29 -30 -31
leaf_value=-0.00036214572625774136 0.058010279152071589 -0.083669085963808829 0.15595832999657624 -0.08888478756287066 -0.11429125040891364 0.12883827073899509 -0.099870751374126238 -0.083361439098310786 0.17452377457565948 -0.081987919612379584 -0.074893160306424025 -0.080810997097461618 0.096495142855239968 -0.054739768071043575 -0.077616941097266912 0.26019334090153096 -0.038597718203980877 -0.015889192412298175 0.090014186635497248 0.32192606098303722 -0.083396662247850611 0.14390764690751254 0.088401934160297457 0.1740516787575879 -0.059134895602180299 -0.11058366327320657 0.13087249213042684 0.0075329734100876792 -0.064846477834379579 0.035488245245709336
leaf_weight=2988.2958347228632 2.6551036231649046 5.8639611852831859 0.76532018641955701 4.7947557892730401 1.8425919791425323 1.1217273308830034 3.1255644201555697 0.86491073501383908 3.8837120996486183 2.2319722470219858 1.6991522519620028 0.82097421938306059 6.7299257294453128 9.2816712966068717 1.243237116756063 1.1624659141052687 2.3300051336755123 37.512225433931235 1.6130438071231767 1.004832331314901 0.86313771262211991 1.1600453487426419 3.5413304052617605 1.0436571110622028 2.3323469632978231 0.85219845963729302 1.1463242931695274 281.98307696248412 9.8787338641268416 14.795416546874547
leaf_count=128905 124 415 35 250 65 18 166 80 74 107 44 45 241 433 19 39 70 4477 26 39 36 23 31 28 100 19 62 4197 1958 1405
internal_value=0.000227126 0.00454158 0.00576712 -0.0551832 0.00662867 0.0322615 -0.0394678 0.0441452 0.0590282 0.00873209 0.0810561 0.0492761 0.0772175 0.00452115 0.0711335 0.119576 0.00358054 0.00513105 0.076547 0.17903 0.130823 0.0469343 0.0546861 -0.0483665 0.0129523 -0.0403032 0.0279122 0.00410436 -0.0114426 -0.00135689
internal_weight=3396.44 408.143 398.903 5.56008 393.343 29.8836 4.24729 25.6363 21.7952 6.63821 15.1569 9.25005 7.5509 363.46 5.06081 3.81757 358.399 349.117 4.94788 2.61788 5.9069 2.02318 4.40624 9.23997 3.376 3.84111 1.99852 344.169 62.1864 52.3076
internal_count=143531 14626 14083 285 13798 1011 184 827 681 218 463 330 286 12787 182 163 12605 12172 135 65 133 59 111 543 128 146 81 12037 7840 5882
is_linear=0
shrinkage=0.1


Tree=242
num_leaves=31
num_cat=0
split_feature=6 31 0 32 36 12 27 10 2 20 32 24 4 33 34 19 36 6 19 6 32 19 26 34 32 15 31 27 8 6
split_gain=3.23 0.817119 0.723735 0.69263 0.666047 1.45893 0.753333 0.643771 0.604702 0.569081 0.562506 0.741951 0.583667 0.517752 0.492957 0.568429 0.475478 0.582652 0.555846 0.694714 0.855374 0.85433 0.500458 0.478901 0.44714 0.440531 0.631148 0.433603 0.367729 0.345767
threshold=7.8272931572193762 6.4051489207289158 65.000039467642424 130.99970601123923 52.738374698234956 3.9276554430766191 3.8806240660641929 3.9999090474827423 165.96737605027548 35.474083307523465 123.91667010143162 19.14610204761421 86.500257069508152 48.279058621723912 251.000606508701 204.60150782664911 35.000283534817761 0.72203242405490109 485.2180428962414 5.0843250100493611 110.99995822105198 294.38754553539718 0.78271946404837656 223.0002360200215 106.71635352409423 1.9880253094637366 6.3000100808444772 6.6522492208573327 2.1826519695663875 4.2236066430492576
decision_type=2 2 2 2 2 2 2 2 2 2 2 2 2 2 2 2 2 2 2 2 2 2 2 2 2 2 2 2 2 2
left_child=1 4 13 7 6 -6 -1 -4 16 28 11 -9 -12 -2 -15 -16 17 -8 19 20 21 -18 25 -20 -23 26 -22 -7 -10 -11
right_child=2 -3 3 -5 5 27 8 10 9 29 12 -13 -14 14 15 -17 18 -19 23 -21 22 24 -24 -25 -26 -27 -28 -29 -30 -31
leaf_value=-0.066736694088822199 0.039701885826576716 0.066668420452495186 -0.063045460756977187 -0.063226391949677899 -0.066726336393942681 0.067150947050580376 0.056068228505482182 0.085512718481572547 -0.06670214863308381 -0.066772598086606669 -0.064665059191333557 -0.064421970379658786 0.073341745139211559 -0.065266446675137021 0.05779555098994156 -0.064657504060617252 -0.040229347936006354 -0.038175873555067727 -0.066865251821655022 0.035525301240805225 -0.066838234751872908 -0.06672463305015143 -0.057212542747962059 0.079594940932225799 0.077923128442710571 0.042093151023322596 0.062966116595047944 -0.066800994777028486 0.061696399707988694 0.0046239113684090885
leaf_weight=1.5043455266168191 0.53144107326807599 1.6960958955423837 1.2531638197433483 2.6553590431849443 4.1774947386966224 1.382323871606786 4.0494429709833701 0.44938957398699164 0.29150260338974365 2.5062657272555957 0.36436053860779827 1.2427568181519744 1.9282437141027911 17.051526251483669 0.72982110214434104 0.78881092085248383 1.2491061635755634 0.78280820368308912 0.26194921899514056 3.7868823103453897 1.4721485296850008 0.23880257028395169 4.0543161545883777 1.5115003674436591 2.0336218647425994 1.2478852302301673 0.50242957039154124 0.29284908086992789 0.94989658689883072 0.93001996629027406
leaf_count=5890 222 43644 1568 3007 26608 362 1003 102 1431 10706 353 1101 226 27631 131 780 2369 569 463 1072 2717 703 7071 80 350 636 65 1024 643 1004
internal_value=-0.0211156 -0.00103431 -0.0470935 -0.021622 -0.00449039 -0.03511 0.00205646 -0.000530602 0.00605702 -0.0264849 0.0191297 -0.0246033 0.0514085 -0.057619 -0.0604042 -0.00580926 0.0132403 0.040801 0.00509908 -0.00132864 -0.014253 0.0262049 -0.0338323 0.0579619 0.0627225 -0.00441661 -0.0338096 0.0437338 0.0315461 -0.0474494
internal_weight=61.9166 34.9217 26.9949 7.89327 33.2256 5.85267 27.3729 5.23791 25.8686 4.67768 3.98475 1.69215 2.2926 19.1016 18.5702 1.51863 21.1909 4.83225 16.3586 14.5852 10.7983 3.52153 7.27678 1.77345 2.27242 3.22246 1.97458 1.67517 1.2414 3.43629
internal_count=143531 108410 35121 6357 64766 27994 36772 3350 30882 13784 1782 1203 579 28764 28542 911 17098 1572 15526 14983 13911 3422 10489 543 1053 3418 2782 1386 2074 11710
is_linear=0
shrinkage=0.1


Tree=243
num_leaves=31
num_cat=0
split_feature=31 17 11 32 0 32 33 18 3 3 4 33 36 2 2 32 36 33 0 35 2 18 18 34 25 36 32 24 26 34
split_gain=1.87813 0.874111 0.862687 2.32051 2.69334 0.931437 2.24691 3.48868 2.19082 5.116 3.80543 1.84895 1.37873 1.36568 2.2879 1.94553 1.33243 1.25075 4.28417 3.3364 3.3205 5.00907 5.93413 4.85133 5.18326 5.28468 6.83702 4.74135 6.58804 7.3513
threshold=5.6000049957114308 1.998619439161651 8.9996338175482613 90.135342219126883 79.999163643624442 91.01827667847715 62.962086839168045 778.73221390000015 54.960383848025053 54.382791074473616 78.197568356251679 48.279058621723912 48.716036483643627 152.70011315467039 152.56237773554906 87.032436999122282 67.528348927210018 69.96060304742123 26.015270228612923 276.00316721912412 150.40004821761059 1777.3030205687273 1735.998759633341 200.00057598048122 0.47943484182104246 55.90522838887717 96.006404224366449 18.925958707951246 0.99883975639068245 139.00325026761365
decision_type=2 2 2 2 2 2 2 2 2 2 2 2 2 2 2 2 2 2 2 2 2 2 2 2 2 2 2 2 2 2
left_child=1 2 5 -4 -5 6 11 -8 9 10 16 12 -1 14 15 -13 -9 18 19 -7 -20 22 -22 27 -25 26 -26 28 29 -23
right_child=-2 -3 3 4 -6 17 7 8 -10 -11 -12 13 -14 -15 -16 -17 -18 -19 20 -21 21 23 -24 24 25 -27 -28 -29 -30 -31
leaf_value=-0.11273053853010102 -0.066670327774874569 0.067223449570756863 -0.22468914635924173 0.066895905343625814 -0.10724617605277771 0.060415490920975992 -0.26324512571697339 0.054315159265370408 0.072094966687507367 -0.3467135229348064 -0.24784806888778374 -0.069609634382712018 0.068377946794421343 0.066225700666436252 -0.15695501026216566 0.070773100200674052 -0.12003196523629836 0.00081291103230452162 0.012376299975951657 -0.2905630654764858 -0.015409656469291747 -0.3635161171430239 -0.085882425377387217 -0.073992021848181794 -0.18988477317601621 0.071700956348478492 -0.0095264717016229974 0.018587114528003084 0.005892838565029786 -0.068432362119489179
leaf_weight=1.3362934306933372 4.2008560501590173 1.9468094850162732 0.33548421502928061 6.7363085534670972 1.0230231289751825 12.476447795608689 0.58128789369220513 2.9864476801230926 2.2767760828646715 0.50934131920075731 0.57991457253956458 1.373827135561444 0.61323928782803694 11.819387280476802 0.74424274172633875 3.5080642736356822 0.51374940004461667 2809.4390685511826 83.737211280036718 0.27685251318325832 225.74938388731243 1.1314521255299013 12.616295547366461 14.287578925039268 2.2321401772278469 7.5096574541275904 35.999149668867176 125.88635840289498 8.7970689295834745 3.3260510748405068
leaf_count=27 91434 2861 8 322 51 2108 13 141 89 14 4 42 55 766 5 104 26 32864 1600 9 5342 16 264 541 34 225 382 3444 671 69
internal_value=0.000152486 0.000235529 0.000196927 0.0328033 0.0439363 0.000118613 0.0186722 -0.0280174 -0.0081033 -0.0478888 -0.0105849 0.0366006 -0.0557616 0.046922 0.00636891 0.0312676 0.028725 -3.03423e-05 -0.00446659 0.0527963 -0.00586757 -0.00935915 -0.0191397 0.00234615 -0.021415 -0.00499213 -0.0200567 0.0125973 -0.044292 -0.143334
internal_weight=3384.55 3380.35 3378.4 8.09482 7.75933 3370.31 26.8426 7.44752 6.86623 4.58945 4.08011 19.3951 1.94953 17.4455 5.62613 4.88189 3.5002 3343.46 534.026 12.7533 521.272 437.535 238.366 199.169 60.0285 45.7409 38.2313 139.141 13.2546 4.4575
internal_count=143531 52097 49236 381 373 48855 1286 287 274 185 171 999 82 917 151 146 167 47569 14705 2117 12588 10988 5606 5382 1182 641 416 4200 756 85
is_linear=0
shrinkage=0.1


Tree=244
num_leaves=31
num_cat=0
split_feature=5 18 32 6 32 2 18 11 34 18 18 4 36 18 25 33 0 35 2 18 18 34 25 36 32 36 24 26 34 2
split_gain=0.822196 4.21994 3.43037 1.17054 1.13166 2.20022 4.56615 2.63815 2.04801 2.56986 2.29358 2.12778 2.02376 1.8904 1.4585 1.13642 4.14931 3.35102 3.09682 4.4005 6.21562 4.90004 5.07422 5.27575 6.8108 6.02606 4.72555 6.63472 7.38004 4.4529
threshold=8.9996338175482613 833.86805492021347 94.000618493599362 8.0006175008074329 91.01827667847715 152.70011315467039 778.73221390000015 8.9996338175482613 238.00050580986172 1553.6736647163295 2334.3347996946295 78.197568356251679 33.000154623648299 1857.3329790622765 0.38433400474197849 69.96060304742123 26.015270228612923 276.00316721912412 150.40004821761059 1777.3030205687273 1735.998759633341 200.00057598048122 0.47943484182104246 55.90522838887717 96.006404224366449 51.214236549068239 18.925958707951246 0.0081520449059517292 139.00325026761365 151.20050207551608
decision_type=2 2 2 2 2 2 2 2 2 2 2 2 2 2 2 2 2 2 2 2 2 2 2 2 2 2 2 2 2 2
left_child=3 -2 -3 4 5 8 -7 12 9 -1 11 13 -8 -11 -15 16 17 -6 -18 20 -20 26 29 24 25 -24 27 28 -21 -23
right_child=1 2 -4 -5 15 6 7 -9 -10 10 -12 -13 -14 14 -16 -17 18 -19 19 21 -22 22 23 -25 -26 -27 -28 -29 -30 -31
leaf_value=-0.069465621824042104 0.3973812397748423 0.28577874563457156 -0.071842494941070145 0.09200870941082237 -0.059905397183811396 0.21180426485225576 0.054957398888342772 0.23004188266693282 0.18408465044504826 -0.068013986651611749 -0.069865216496457216 0.22540476640112109 -0.066378956896390007 0.22672679255171851 0.033044219248088882 -0.00040661251024232353 -0.011636293626391426 0.29305996778982929 0.014606171506628046 0.36564255845410609 0.086675909972017504 0.62792459829990255 0.093772637250992302 -0.07066544733238192 0.010483215995800205 0.46921386800946996 -0.017830802053944817 -0.0052901390222877629 0.069406593197253827 0.068523027421968766
leaf_weight=2.738923283808619 0.21513956150738422 0.28239540809227026 5.3441318457917077 1.3904267406342103 12.293354043558789 0.69232422504501556 1.5090965906601983 0.32971332747183524 0.71833497565239657 0.91560227514673975 1.1399472595148834 0.90519106955071027 15.423634379829307 0.65604964208250727 0.9544353436685924 2820.0038827752251 84.09649208474184 0.27499200549209568 229.89151278307691 1.1270245734503959 12.623950312214218 0.14373798432461526 1.6647654213593335 7.5114738954307532 36.077776526733942 0.57523395659882215 127.06240347329003 8.8184624899167829 3.3134181165842165 14.193034844694919
leaf_count=109 27 25 498 482 2508 48 35 8 11 59 46 5 1313 12 39 101981 4916 12 16529 28 748 12 64 617 1518 15 9910 888 116 952
internal_value=0.000210192 -0.0372737 -0.0538935 0.000274841 0.000237167 -0.0205521 -0.0400107 -0.05011 0.022965 0.00713249 0.0530275 0.0938552 -0.0555651 0.0467161 0.111943 0.000397949 0.00460214 -0.0521826 0.00595614 0.00929576 0.0183577 -0.00166585 0.0222091 0.0059662 0.0209884 0.190186 -0.0119028 0.0449064 0.144594 0.0741315
internal_weight=3392.89 5.84167 5.62653 3387.05 3385.65 25.9833 17.9548 17.2624 8.02848 7.31015 4.57123 3.43128 16.9327 2.52609 1.61048 3359.67 539.668 12.5683 527.099 443.003 242.515 200.487 60.166 45.8292 38.3178 2.24 140.321 13.2589 4.44044 14.3368
internal_count=143531 550 523 142981 142499 1685 1404 1356 281 270 161 115 1348 110 51 140814 38833 2520 36313 31397 17277 14120 3178 2214 1597 79 10942 1032 144 964
is_linear=0
shrinkage=0.1


Tree=245
num_leaves=31
num_cat=0
split_feature=6 31 0 32 36 12 27 10 2 20 32 34 4 33 34 19 36 6 19 6 32 19 26 35 7 15 32 24 22 31
split_gain=2.98119 0.75563 0.689293 0.650867 0.619035 1.36185 0.700444 0.595528 0.547162 0.521232 0.505032 0.689198 0.521413 0.486593 0.47813 0.518704 0.422451 0.521314 0.497488 0.617987 0.91019 0.657165 0.569252 0.440939 0.425264 0.408158 0.390073 0.383745 0.340114 0.336077
threshold=7.9472796658345706 6.4051489207289158 65.000039467642424 130.99970601123923 52.738374698234956 3.9276554430766191 3.8806240660641929 3.9999090474827423 165.96737605027548 35.474083307523465 123.91667010143162 135.00044214731199 86.500257069508152 48.279058621723912 251.000606508701 204.60150782664911 35.000283534817761 0.72203242405490109 485.2180428962414 4.2236066430492576 110.99995822105198 300.08751331886896 0.78271946404837656 208.71679697618677 2.7860422696671394 2.1181368959606091 106.71635352409423 25.615517172557421 4.623367505912797 6.4051489207289158
decision_type=2 2 2 2 2 2 2 2 2 2 2 2 2 2 2 2 2 2 2 2 2 2 2 2 2 2 2 2 2 2
left_child=1 4 13 7 6 -6 -1 -4 16 -10 11 -9 -12 -2 29 -16 17 -8 19 20 21 28 24 -20 -22 -7 -23 -21 -18 -15
right_child=2 -3 3 -5 5 25 8 10 9 -11 12 -13 -14 14 15 -17 18 -19 23 27 22 26 -24 -25 -26 -27 -28 -29 -30 -31
leaf_value=-0.066732081620765313 0.036752253545642169 0.066668281374810373 -0.062806637718154146 -0.062983026236193507 -0.066722274233085924 -0.066722469094514902 0.053387697752043141 0.082184355485323088 0.030429169291886202 -0.046592696447310594 -0.064538647904171159 -0.064236386901676726 0.069809449948355876 -0.066744447102074639 0.054628868385379149 -0.0644771549677427 -0.066900737339800898 -0.036643848525808764 -0.0668552658065244 0.035243885269975385 0.019529407218554663 -0.066721765753667325 -0.066804020504539596 0.07822951308831487 -0.066755678934594595 0.065996079007182268 0.077991033867929854 -0.066795164620720854 0.063437925582209953 0.06667019515902757
leaf_weight=1.4110359410697189 0.53422960508760908 1.5625222291564558 1.1743340177872585 2.4912088828368724 3.9225938539584595 0.28103400999316352 3.9681020120679085 0.44299694237088294 1.1999118514595455 3.2814017611417512 0.34085150951978027 1.1718259324607059 1.8946433197143049 15.779956656537252 0.72532430690625804 0.73732797284355911 0.81085293444811968 0.76755057258196746 0.24610630112692788 4.5746523307534508 1.9686525338274807 0.20849254060703959 3.3390028734829684 1.4074038925355123 0.80467050892548275 1.3205611993798809 1.7471660013052313 0.40085697151152988 0.26584591164464655 0.19109941426722876
leaf_count=5908 222 43835 1534 2951 26644 1113 1003 70 2074 11745 345 1114 224 25004 129 769 2267 576 457 987 1622 664 6900 89 1685 273 321 464 99 2443
internal_value=-0.0208446 -0.0012311 -0.0466189 -0.0211899 -0.00455424 -0.0349959 0.00181524 -0.000468989 0.0056856 -0.0259694 0.0185438 -0.0240686 0.0493251 -0.0572557 -0.0601364 -0.00541288 0.0126022 0.0387955 0.0047384 -0.00133886 -0.0167702 0.0280212 -0.0389915 0.0566353 -0.00550593 0.0427078 0.0625632 0.027023 -0.034719 -0.0651481
internal_weight=58.9722 33.4884 25.4838 7.51586 31.9259 5.52419 26.4017 5.02465 24.9907 4.48131 3.85032 1.61482 2.23549 17.9679 17.4337 1.46265 20.5094 4.73565 15.7737 14.1202 9.14468 3.03236 6.11233 1.65351 2.77332 1.6016 1.95566 4.97551 1.0767 15.9711
internal_count=143531 108726 34805 6238 64891 28030 36861 3287 30953 13819 1753 1184 569 28567 28345 898 17134 1579 15555 15009 13558 3351 10207 546 3307 1386 985 1451 2366 27447
is_linear=0
shrinkage=0.1


Tree=246
num_leaves=31
num_cat=0
split_feature=31 32 32 2 4 24 24 33 2 18 32 0 25 34 34 4 19 35 3 27 34 29 2 25 19 4 32 36 11 33
split_gain=1.74217 0.878359 2.67487 3.7536 4.71555 3.53042 2.94662 2.71749 2.66679 3.10378 3.08159 2.48704 3.83502 3.41467 3.60119 2.85343 3.90162 3.83103 2.44443 2.42483 4.68532 4.37982 3.86018 3.73693 4.44474 3.71547 4.56494 3.52214 3.96969 4.26683
threshold=5.6000049957114308 127.00014242377244 128.99932175856262 170.90134471125393 96.088223220309217 27.297160650120379 29.52726257746097 70.98901965902904 141.70329284944205 1336.0919644232042 142.50075675658346 40.999921602938777 0.45593731654029473 173.00149627795892 179.000753908116 80.554987539929655 295.55887280656316 123.00183959796456 66.922556103135278 2.996241270014838 244.00027883703544 1.0000000180025095e-35 159.50027849953236 0.5450627969530194 235.2634097718703 91.818138799343885 162.00092129381133 37.776277793111213 3.0001006990671555 74.945213805732266
decision_type=2 2 2 2 2 2 2 2 2 2 2 2 2 2 2 2 2 2 2 2 2 2 2 2 2 2 2 2 2 2
left_child=1 -1 3 4 5 7 -6 -3 9 -4 -11 12 -9 18 -15 -16 -17 -18 -13 20 21 22 25 24 -24 26 -10 28 -21 -30
right_child=-2 2 8 -5 6 -7 -8 11 19 10 -12 13 -14 14 15 16 17 -19 -20 27 -22 -23 23 -25 -26 -27 -28 -29 29 -31
leaf_value=0.0014539316852869551 -0.066670110896932394 -0.12001980784351581 0.080273199377165413 0.024369805485339818 0.10465350514387801 -0.12998974342996006 -0.02442323749871585 -0.17749894017140999 -0.018294759502626396 -0.055932799522748822 0.05920564430538882 0.068350399825158642 0.022721072465714764 -0.1552555917245676 0.034378440732009942 -0.11906641047930384 0.084196451599553079 -0.054470042618262673 -0.072026654335136817 0.030950166601224949 0.053654723199873113 0.064877253376204688 -0.12346407283981249 0.063572856478423784 0.0037728899950601152 -0.084713538613412492 -0.11294607042655894 -0.0026841658052333024 -0.044316143545312714 0.0089575851211827744
leaf_weight=2154.0027247937942 3.8960923159006589 3.5967417498759451 8.708663421377425 13.680414424794433 3.5705695966753401 4.6202276898038681 3.5044276658081799 2.5350775336410143 56.606680376080476 5.0270085754673328 4.3239445365834399 6.0118552624699104 1.5364491337677462 2.3554241362653583 5.827094123640566 5.068614288345997 2.9456587353706691 6.156508605396084 1.5629606028160195 71.764008431026014 9.1897668025703734 5.6739406734122886 3.27586846282066 8.093359522878016 16.957375276495441 13.486346284993486 5.5994788040297854 829.77435646965023 17.542029149073642 105.16138039830912
leaf_count=41411 91434 55 74 220 26 55 33 25 426 35 27 82 33 29 102 57 24 40 21 439 83 128 51 77 176 78 29 7470 154 637
internal_value=0.000161252 0.00023833 -0.00190062 -0.0219735 -0.0348356 -0.0474976 0.0407185 -0.0373601 -0.00081205 0.0373153 -0.002692 -0.0286157 -0.101943 -0.01864 -0.038303 -0.0245279 -0.0487505 -0.00959456 0.0393855 -0.0014144 -0.0149331 -0.0206792 -0.0253461 0.0061442 -0.0168274 -0.0371308 -0.0268148 0.000154703 0.0122679 0.00134142
internal_weight=3382.06 3378.16 1224.16 62.972 49.2916 42.2166 7.075 37.5964 1161.18 18.0596 9.35095 33.9996 4.07153 29.9281 22.3533 19.9979 14.1708 9.10217 7.57482 1143.12 118.883 109.693 104.019 28.3266 20.2332 75.6925 62.2062 1024.24 194.467 122.703
internal_count=143531 52097 10686 802 582 523 59 468 9884 136 62 413 58 355 252 223 121 64 103 9748 1048 965 837 304 227 533 455 8700 1230 791
is_linear=0
shrinkage=0.1


Tree=247
num_leaves=31
num_cat=0
split_feature=32 33 32 3 18 35 4 0 30 10 35 0 36 4 3 3 31 35 35 34 32 33 33 10 19 3 19 34 3 33
split_gain=0.854041 2.55594 4.53144 4.67055 5.62569 5.07619 6.08297 5.33067 4.4229 9.11275 4.1735 4.15051 5.40583 4.1067 4.1108 4.91882 4.55267 3.92668 3.52176 4.42929 4.3968 3.43758 3.41926 3.8574 4.10574 3.78144 3.34357 3.30168 6.69712 4.83911
threshold=127.00014242377244 77.987113384388365 144.52456009322273 70.96319866486462 2625.2312189495528 77.998741165372763 74.800159479368901 65.000039467642424 1.6168334387337113 1.000013926316009 184.86519105009822 53.999946273192087 41.700256176170178 78.197568356251679 49.720468212661089 52.100863180858262 5.5999934808113094 165.00221002474041 413.74535761891724 181.67429010992092 132.9999401526089 63.999870791547742 72.5000317772638 4.9338049491862366 342.02803705000002 58.800072883841558 199.90671180271613 193.72437118047245 75.500332030649304 71.126235031300823
decision_type=2 2 2 2 2 2 2 2 2 2 2 2 2 2 2 2 2 2 2 2 2 2 2 2 2 2 2 2 2 2
left_child=-1 2 3 4 5 -2 -7 11 27 -10 13 12 -8 -9 -15 16 -16 -14 19 20 -12 -21 23 24 26 -24 -17 29 -29 -5
right_child=1 -3 -4 8 -6 6 7 10 9 -11 18 -13 17 14 15 22 -18 -19 -20 21 -22 -23 25 -25 -26 -27 -28 28 -30 -31
leaf_value=-0.0010198075660362673 0.053598667187598592 0.00017265356883992055 -0.015548017544467172 0.11507639597042091 -0.066216567130552226 -0.047403848107333696 0.25110250537042922 0.12032883347111865 1.51989978742721 -0.017241916019622303 0.11853563108073153 -0.039093658258111778 -0.085883219509068964 -0.080695434350458131 0.17398296635481858 -0.078407912718231068 -0.085797514851307474 0.14025179629799378 0.14215865640944531 0.12122822674670071 -0.036966963422614588 -0.073030247111386934 -0.0087780064410082521 -0.051170081569208416 -0.042072747629215347 0.10306919835731132 0.11381219558238005 0.15899963128972883 -0.064091969738007182 -0.018578093294845357
leaf_weight=2159.5705085413974 31.679771618226368 1013.947753336286 46.478087286492155 4.1389888517205744 8.3352301387494645 16.704897525829438 1.1758535633380258 6.8797976838413879 0.063461402025494773 0.098319198759782012 3.7807313154571665 21.23814414860135 2.0017426529957452 2.7745314198164115 4.4888696430316477 1.0611156205777676 0.7939264617543812 1.2457460131372498 1.4981609081041813 0.99820059729608956 3.5029899045803177 10.421276112025224 4.3902877279542727 7.7232836018138178 3.8791399341316719 9.7044739842440304 6.1478093772748252 6.2224590669011368 1.7168999138430079 7.8404161744128942
leaf_count=96042 2097 29939 2779 559 591 571 33 368 29 254 359 1804 92 214 32 372 259 41 78 79 368 712 639 1028 292 1291 864 316 329 1100
internal_value=0.000178424 0.00228062 0.012131 0.0196759 0.0136289 0.0183128 0.00818834 0.0180987 0.0649748 0.58573 0.0327458 -0.0207398 0.0673838 0.0488386 0.0368319 0.0453706 0.134942 0.000862824 -0.00536723 -0.0171843 0.0437491 -0.0560497 0.0309907 0.00308796 0.0408809 0.0682306 0.0855184 0.0607452 0.110756 0.0276007
internal_weight=3390.5 1230.93 216.985 170.507 150.426 142.091 110.411 93.7061 20.0805 0.161781 68.0446 25.6615 4.42334 47.8432 40.9634 38.1889 5.2828 3.24749 20.2014 18.7032 7.28372 11.4195 32.9061 18.8113 11.0881 14.0948 7.20892 19.9188 7.93936 11.9794
internal_count=143531 47489 17550 14771 12184 11593 9496 8925 2587 283 6955 1970 166 5359 4991 4777 291 133 1596 1518 727 791 4486 2556 1528 1930 1236 2304 645 1659
is_linear=0
shrinkage=0.1


Tree=248
num_leaves=31
num_cat=0
split_feature=6 31 0 9 36 12 27 35 20 11 33 35 3 34 6 24 32 34 33 20 36 33 34 34 19 35 18 24 24 27
split_gain=2.80016 0.682771 0.665775 0.605972 0.575302 1.27412 0.653459 0.52874 0.523558 0.943478 0.590989 0.528237 1.32522 0.649637 0.799622 0.548337 0.522557 0.477387 0.476863 0.448789 0.426116 0.415883 0.462814 0.489012 0.414036 0.405572 0.385964 0.375463 0.769328 0.34859
threshold=7.8272931572193762 6.4051489207289158 65.000039467642424 1.9939837295098697 52.738374698234956 3.9276554430766191 3.8806240660641929 92.000345492101786 49.021441269523756 1.7877783249836849 70.98901965902904 249.00305810836116 59.127216395365629 152.00089695574863 5.7393584261367296 20.962450790934849 118.97672798603553 190.67816862486814 73.000059847391114 65.068665587878016 38.767407678451484 48.279058621723912 251.000606508701 255.00156803800016 125.88403432219003 83.996252901905564 979.63991597029997 25.44591830078814 25.64946489937164 24.309673044306251
decision_type=2 2 2 2 2 2 2 2 2 2 2 2 2 2 2 2 2 2 2 2 2 2 2 2 2 2 2 2 2 2
left_child=1 4 21 7 6 -6 -1 25 11 17 19 12 13 16 -15 -14 -8 -10 -13 24 -21 -2 -23 -24 -11 -4 -7 -5 -29 -20
right_child=2 -3 3 27 5 26 8 -9 9 10 -12 18 15 14 -16 -17 -18 -19 29 20 -22 22 23 -25 -26 -27 -28 28 -30 -31
leaf_value=-0.066728264172699461 0.0306415179795708 0.066668134208151167 -0.065395608094584057 -0.062950018206828898 -0.06671900445193589 0.064956503211561475 0.064898495154257871 -0.035407749867445486 -0.066967941886660609 0.067147896764255977 -0.058139663943593323 -0.066867826988568052 0.082555451199244859 -0.057160288894650149 0.051791670116938061 -0.064939532726214458 -0.066789264126872083 0.057961871097573725 0.056443706262817112 0.068701404334833557 -0.066813759656285429 -0.06511774196179429 0.053363158578285622 -0.064218920188649734 -0.066932815185034064 0.091854837829069114 -0.066767724244725629 0.057256237581010477 -0.061620061623794568 -0.066890305625996058
leaf_weight=1.316624338528533 0.52311921498767944 1.4187044065893122 0.19507234059892598 2.9051044296629698 3.6581523277473016 1.2659806188403306 3.6295531459636572 0.86183207607609791 0.35810970480724647 0.29200933595529965 3.8657891746825044 0.37224319768756586 0.27730807099033006 1.536774169278033 1.199322166128695 2.7676811603432725 0.32861229969239492 2.0968238348341401 4.7342606591573713 1.144722795968846 0.29102502004752739 14.9288515294802 0.70925342249938583 0.70556403647242405 1.0899207711063352 1.0301938702868936 0.26985735175912839 0.98890211756042878 1.2111662301667818 0.24082277502930072
leaf_count=5890 222 43644 159 3857 26608 145 585 575 828 18 11607 438 81 3650 209 7332 535 682 1022 255 1141 27631 138 773 2194 54 1241 143 1569 305
internal_value=-0.0204633 -0.00115735 -0.0462652 -0.0207906 -0.00428806 -0.034627 0.00188149 0.0246064 0.00561042 -0.0132787 -0.0327524 0.0170521 0.00318696 0.0280654 -0.00940302 -0.0515071 0.0539656 0.0397379 0.0423051 0.00207828 0.0412326 -0.057128 -0.0599373 -0.00527457 -0.0386008 0.0668193 0.0418116 -0.0393498 -0.00818671 0.0504736
internal_weight=56.2134 32.1543 24.0591 7.19227 30.7356 5.19399 25.5416 2.0871 24.225 9.1384 6.68347 15.0866 9.73925 6.69426 2.7361 3.04499 3.95817 2.45493 5.34733 2.81768 1.43575 16.8668 16.3437 1.41482 1.38193 1.22527 1.53584 5.10517 2.20007 4.97508
internal_count=143531 108410 35121 6357 64766 27994 36772 788 30882 16725 15215 14157 12392 4979 3859 7413 1120 1510 1765 3608 1396 28764 28542 911 2212 213 1386 5569 1712 1327
is_linear=0
shrinkage=0.1


Tree=249
num_leaves=31
num_cat=0
split_feature=31 18 35 34 34 35 4 3 0 11 2 32 27 25 34 25 19 19 36 19 19 5 4 24 18 18 19 19 25 0
split_gain=1.61954 0.869908 2.50233 2.98012 3.5179 2.2275 2.2245 1.98903 2.81769 3.34003 2.25587 2.10381 1.6253 2.05281 1.42737 1.04759 2.91061 5.12616 2.18221 1.86819 2.26417 2.45847 1.50431 1.08802 2.51669 4.81869 4.48371 4.37851 3.12061 3.66624
threshold=5.6000049957114308 660.19725192978228 116.00121266877871 253.0007037603076 184.68456906623371 330.6431888197381 98.800093658196047 50.900237893713104 46.999844280054923 2.9916750384456821 161.30020775955305 123.91667010143162 10.000604972925757 0.54895321273205588 175.70902925163617 0.66925371513740972 347.88033076887183 373.42894407573328 42.449496687684757 213.76649007094616 256.27598898453931 7.9713708910364298 114.67809300590449 27.543149256318411 1554.8319285079758 1584.5029406408739 282.7457226570553 293.24283429897088 0.54251182576190893 57.915500655997675
decision_type=2 2 2 2 2 2 2 2 2 2 2 2 2 2 2 2 2 2 2 2 2 2 2 2 2 2 2 2 2 2
left_child=1 2 3 4 7 6 -4 11 -9 -10 -11 14 -6 -14 -1 22 18 -18 -17 -20 -21 -22 23 -3 26 -26 -25 -28 29 -27
right_child=-2 15 5 -5 12 -7 -8 8 9 10 -12 -13 13 -15 -16 16 17 -19 19 20 21 -23 -24 24 25 28 27 -29 -30 -31
leaf_value=0.070929362095921933 -0.06666990676203309 0.00064900868483742599 0.057328651719373951 -0.16547968433641314 0.081506177208874236 -0.070816879775699199 -0.05801004193515568 0.073515669264993033 -0.10369319974811596 0.073987250482923969 -0.092640656060289872 -0.15632503666975042 0.077504684545248004 -0.080074081375273776 -0.13975485149415554 0.078895815940641323 -0.14924974073918323 0.038794549120051702 -0.05018637754088702 0.080901484034620497 -0.056980473687997163 0.054124696644951266 -0.094605139061904486 -0.0083378401938680458 0.076646381268433858 -0.029422155213044365 -0.13592192147033041 -0.029963767921473424 0.0041277382394998442 0.081105560137492649
leaf_weight=0.94658695128965253 3.6229538292864154 2830.7406922523187 18.820828717241973 1.1488628584811511 5.6364035295955528 1.7373038597725088 1.8352325723317324 2.9768964205104558 4.0884934470377612 2.7857472608811809 1.1470318895553644 2.2002101732578012 1.5475861016384445 1.7747981878856078 0.48701420115685323 7.4419419914229428 2.6065503514109869 3.266270504660497 3.582872435537868 5.4307537540153117 4.0856617640674813 3.8856656987045426 1.684724195380112 157.96181102450646 8.2262769962690054 50.027549430138606 5.3779081965549294 14.190726114429706 225.63991233936395 3.1926063385108128
leaf_count=53 91434 46194 216 12 131 24 20 123 44 51 21 21 66 20 16 56 13 30 36 38 26 17 26 1577 77 726 26 60 2358 19
internal_value=0.000154014 0.000225759 0.013716 -0.00820562 -0.000546427 0.0379345 0.0470811 -0.0307629 -0.00957 -0.0404052 0.0253887 -0.0949058 0.0488048 -0.00667297 -0.000642988 3.46648e-05 0.018544 -0.0446657 0.0337411 0.0139566 0.0311044 -0.00282167 -0.000135435 -8.71382e-05 -0.00457221 0.00121537 -0.0139314 -0.0590835 -0.00100982 -0.0227917
internal_weight=3378.1 3374.47 47.133 24.7396 23.5908 22.3934 20.6561 14.632 10.9982 8.02127 3.93278 3.63381 8.95879 3.32238 1.4336 3327.34 30.2997 5.87282 24.4269 16.985 13.4021 7.97133 3297.04 3295.36 464.617 287.086 177.53 19.5686 278.86 53.2202
internal_count=143531 52097 818 558 546 260 236 329 239 116 72 90 217 86 69 51279 216 43 173 117 81 43 51063 51037 4843 3180 1663 86 3103 745
is_linear=0
shrinkage=0.1


Tree=250
num_leaves=31
num_cat=0
split_feature=3 4 21 22 19 24 27 19 3 19 24 0 24 33 19 10 25 25 4 25 3 33 35 2 34 18 25 35 24 33
split_gain=0.828797 3.48098 2.68505 3.10368 3.09741 4.53615 2.82521 2.7851 2.5869 7.7052 8.45688 4.59704 3.90755 4.04404 3.64174 4.58863 6.49464 3.55208 5.58628 3.84244 3.54063 3.52075 3.40044 4.34786 3.80964 4.03284 3.31829 6.89155 5.20267 4.70678
threshold=57.02762567839715 86.000013014365834 0.47893101209888361 0.013036280275823155 210.35972350681371 24.719213296650835 4.4729558527437474 161.84842256262684 58.588680816230699 355.90972126104572 19.438095518170659 38.777319324144869 25.165673277488423 83.999999251841544 330.88140549836231 2.0720267350937926 0.51251059031041557 0.51055497950866802 78.300047693209223 0.52921901413107109 57.525601713312611 79.999655539144356 125.00010415666036 150.60047935229821 204.00024404779711 1605.0145635000001 0.45835962295801774 48.003110825861036 22.120581668973337 55.002018244502999
decision_type=2 2 2 2 2 2 2 2 2 2 2 2 2 2 2 2 2 2 2 2 2 2 2 2 2 2 2 2 2 2
left_child=1 -1 4 -4 5 -3 -7 -8 9 10 11 21 -11 -14 17 -16 -17 26 -19 -20 -21 -2 24 -24 -22 -26 27 28 -12 -28
right_child=8 2 3 -5 -6 6 7 -9 -10 12 14 -13 13 -15 15 16 -18 18 19 20 22 -23 23 -25 25 -27 29 -29 -30 -31
leaf_value=-0.0008123455793064958 0.20955355978957166 -0.040796078035663368 0.21140997611345652 -0.009513026055361435 -0.048004859243111708 -0.093069754400305543 0.011531817123320401 0.14269280994922551 0.00023900949809252663 -0.041099089639582018 0.090133467030169945 0.021053713459234149 -0.030024354364769093 0.12268118626191674 -0.015080710227384057 -0.013371261652929435 0.18082139756984181 0.23625906222449553 -0.053341827591733483 -0.033297481349592102 -0.062635830922880983 0.53422133512191072 -0.0072222941156503467 0.098452431195575604 0.089727547760494436 -0.087554330956960483 0.36251270469605668 -0.034674068466170847 0.51422017533843012 0.041916763863335815
leaf_weight=898.73319359206198 1.0200269718261545 10.146064728965941 0.99212212234851826 1.7711359350560087 36.279513900217353 1.0250713679724857 2.8743196887699014 3.7067277088226547 2256.2642358774592 31.99467995550367 1.6687855868804029 0.81214126076520177 3.6995619692188475 3.26452163245267 3.8719995376450225 2.54756313028156 5.3159703553392319 0.96668355506517301 13.260028442588007 14.075338326643758 6.7727130157982192 0.4966286604067135 6.3104042117756789 10.165264070083138 4.9513334360508452 1.7320302694133713 0.46238941326737304 13.269861316664899 0.34994047768486769 47.577288504930038
leaf_count=39061 56 429 162 596 1330 58 135 133 94134 1295 99 72 89 29 151 109 131 20 698 710 564 11 279 610 141 41 23 685 25 1655
internal_value=0.000165611 -0.00232964 -0.0263395 0.0698073 -0.0312566 0.00297128 0.0613541 0.0854073 0.00114645 0.0128739 0.0241334 0.213054 -0.0263236 0.0415587 0.0208328 0.0740303 0.117908 0.0156971 -0.00212884 -0.00615289 0.00806588 0.315866 0.0275169 0.0579776 -0.00977924 0.043784 0.0320891 -0.00848739 0.163648 0.0450025
internal_weight=3386.38 955.528 56.795 2.76326 54.0317 17.7522 7.60612 6.58105 2430.85 174.585 135.626 2.3288 38.9588 6.96408 133.298 11.7355 7.86353 121.562 58.2338 57.2671 44.0071 1.51666 29.9317 16.4757 13.4561 6.68336 63.3283 15.2886 2.01873 48.0397
internal_count=143531 41904 2843 758 2085 755 326 268 101627 7493 6080 139 1413 118 5941 391 240 5550 3063 3043 2345 67 1635 889 746 182 2487 809 124 1678
is_linear=0
shrinkage=0.1


Tree=251
num_leaves=31
num_cat=0
split_feature=6 31 0 9 25 36 3 24 30 15 35 4 22 35 33 18 34 18 34 19 33 19 35 24 24 34 33 31 36 14
split_gain=2.60765 0.633176 0.607712 0.56359 0.531607 0.946963 0.664136 0.608594 0.573973 0.510284 0.646701 0.829859 0.505369 0.484867 0.476005 0.465637 0.432799 0.520115 0.409199 0.462687 0.446267 0.374083 0.360366 0.333028 0.665881 0.325309 0.64944 0.321667 0.320101 0.310012
threshold=7.9472796658345706 6.4051489207289158 65.000039467642424 1.9939837295098697 0.57523483896344307 52.738374698234956 70.36437745792783 29.157118454730043 1.354193784451583 1.086291348606766 89.000947014036441 91.005977121632398 0.57035157030207395 92.000345492101786 67.339154551451159 1571.1232151183824 201.00059333699838 2100.3712698129125 251.000606508701 204.60150782664911 48.279058621723912 312.3205146630649 83.996252901905564 25.44591830078814 25.64946489937164 175.00445307774265 61.477563215816126 6.4051489207289158 45.173563853477226 0.32869256826046223
decision_type=2 2 2 2 2 2 2 2 2 2 2 2 2 2 2 2 2 2 2 2 2 2 2 2 2 2 2 2 2 2
left_child=1 4 18 13 5 6 8 12 9 10 14 28 16 22 15 -1 25 -18 20 -20 -2 -16 -4 -5 -25 26 -6 -22 -12 -30
right_child=2 -3 3 23 7 -7 -8 -9 -10 -11 11 -13 -14 -15 21 -17 17 -19 19 -21 27 -23 -24 24 -26 -27 -28 -29 29 -31
leaf_value=0.063736521480066297 0.029157220947442095 0.066668032881752479 -0.065306651530436313 -0.062651821345332717 0.070314416443898672 -0.066716294048422525 -0.05707767776040179 -0.063358583680575772 -0.066786580349997585 0.052849553844518088 -0.066790766344829208 0.041789824944167622 -0.06678755895369913 -0.035318009135293552 -0.06694561124562233 -0.066941616199632056 -0.066817438185649031 0.03918495220224838 0.05180318391365947 -0.064057455135549474 -0.066735094937146008 0.02503592813386539 0.087442085938363806 0.052163284897850826 -0.061195131099372892 0.056098588975618507 -0.047424008780183768 0.066670051107925274 -0.043951485581172824 0.02981753288767815
leaf_weight=2.8101715542943695 0.52231086444590147 1.3146832190141129 0.18229454779247989 2.7244142939816811 0.86640431450359212 2.8794198812074674 2.1110147421250067 0.90314571634007812 1.0932226694894769 2.1807244856954631 2.451145447907038 1.5942952484529085 0.58752244286188293 0.83261475571453036 0.75870685816880712 0.3019731863241758 0.91811152409991315 0.93353513728652615 0.7079502076958295 0.6717187267531699 13.798799978003441 1.059707695894758 1.0111766993704803 0.95132225509951274 1.1381427384440028 4.5131835521842731 1.0200848808872249 0.18314186586212677 1.4731270997235699 0.92889742432635092
leaf_count=530 219 43835 157 3788 97 24955 9558 3458 4366 1505 6111 429 1275 557 1603 635 1504 378 129 772 25004 1157 54 140 1542 1215 1617 2443 3125 1373
internal_value=-0.0202366 -0.00122846 -0.0459158 -0.0209952 -0.00426621 -0.0137387 -0.0046386 0.0148328 0.00291668 0.00853675 4.37158e-05 -0.0208047 0.0228223 0.0232508 0.0273062 0.0510567 0.0292029 -0.0133748 -0.0566472 -0.00460583 -0.0615975 -0.013342 0.0641108 -0.0396176 -0.00958365 0.041522 0.00664949 -0.0649877 -0.0413673 -0.0154239
internal_weight=53.423 30.6991 22.7239 6.83997 29.3844 19.6424 16.763 9.74199 14.652 13.5587 11.378 6.44747 8.83884 2.02609 4.93056 3.11214 8.25132 1.85165 15.8839 1.37967 14.5043 1.81841 1.19347 4.81388 2.08946 6.39967 1.88649 13.9819 4.85317 2.40202
internal_count=143531 108726 34805 6238 64891 55347 30392 9544 20834 16468 14963 11038 6086 768 3925 1165 4811 1882 28567 901 27666 2760 211 5470 1682 2929 1714 27447 10609 4498
is_linear=0
shrinkage=0.1


Tree=252
num_leaves=31
num_cat=0
split_feature=31 28 36 20 33 33 32 3 20 25 0 15 10 0 32 34 0 36 35 34 34 4 18 36 18 35 18 34 33 3
split_gain=1.50433 0.85825 1.60308 0.963345 2.195 3.15031 1.9012 1.17305 1.7436 2.22248 1.77095 0.919894 0.882271 0.850215 3.03658 2.75476 2.44926 2.3792 5.86161 4.02883 3.69652 3.25027 3.33479 4.33751 3.44851 6.57631 4.39891 2.94263 2.86315 2.56305
threshold=5.6000049957114308 39.199413699730549 33.29955939267159 39.855311487785208 88.884901039751909 90.976745278078155 151.02678050451581 64.600526746984215 18.322551372960209 0.49721482896288283 66.9997811292628 3.9992093724304478 3.9999090474827423 45.000189413644037 164.01557144262543 274.40099765133289 45.81703977325899 38.205052563042287 59.001718755988115 141.00009103412603 105.38733740048988 76.00017680331581 3158.0229077074969 35.403449283169969 2815.1739645209909 109.00001397338021 2989.8608175787958 202.00121258117844 76.956582811709794 62.974495525953294
decision_type=2 2 2 2 2 2 2 2 2 2 2 2 2 2 2 2 2 2 2 2 2 2 2 2 2 2 2 2 2 2
left_child=1 3 -3 4 7 6 11 -1 9 10 -9 -6 -11 14 15 17 -15 18 19 -5 -19 27 24 -24 -23 -26 28 -20 -27 -22
right_child=-2 2 -4 13 5 -7 -8 8 -10 12 -12 -13 -14 16 -16 -17 -18 20 21 -21 29 22 23 -25 25 26 -28 -29 -30 -31
leaf_value=0.061184357309911508 -0.066669718610530157 -0.070961504823257665 0.07227803349025512 -0.033606895258022178 0.049254712654574484 0.04121527968451185 -0.3387522659407099 0.06692201752610577 0.04887526220792713 -0.065976063316461206 -0.30411437207048481 -0.1863541102465037 0.067945336992421265 -0.083900615179201901 -0.072695556281309137 0.049095304165258674 -0.0009203957210260909 -0.17052885782487895 0.062210378253738929 -0.24539219923207467 -0.0017706975948156758 -0.0094750529685087084 0.074759971601282491 -0.031548978156175349 -0.22283539520088211 -0.012617494188363935 0.068239888186550524 -0.069801765586414002 -0.15150889122899056 0.0093839244647095782
leaf_weight=8.8332474581184233 3.3660947356152056 0.98515743362804542 3.7762250631203642 1.8897808942783734 0.30948110021199615 1.3142502175469415 0.47497562217176892 0.17130377262219498 3.7583837495294574 1.0457085213602111 0.51650430082372623 0.35671721152903046 0.92891410611991876 3.5625504144700235 5.3601353212725362 12.67786521830203 2289.6087652382703 1.2053936007941946 11.22071664915711 1.7119211453245951 354.32151601050282 145.90147410175268 10.0162693653474 6.2221058543473182 2.1822729819468796 3.0851731636430468 3.0529124742351996 1.9876309552746523 2.8601557931542629 492.05356112301888
leaf_count=4210 91434 82 2805 42 89 391 11 201 1506 159 5 21 280 39 33 172 23544 20 217 20 9454 1219 94 68 13 27 34 21 30 7290
internal_value=0.000148112 0.000214825 0.0426409 0.000154822 0.0234166 -0.0643328 -0.185889 0.0375415 0.00501545 -0.0568987 -0.211705 -0.0769025 -0.00297594 3.1811e-05 0.00238009 0.0027632 -0.00104931 0.00219716 -0.00791262 -0.13427 0.004465 -0.00547277 -0.00911683 0.0340253 -0.0135767 -0.067101 -0.0293319 0.0423448 -0.0794348 0.00471422
internal_weight=3374.76 3371.39 4.76138 3366.63 17.7095 2.45542 1.14117 15.2541 6.42081 2.66243 0.687808 0.666198 1.97462 3348.92 1055.75 1050.39 2293.17 1037.71 190.13 3.6017 847.58 186.529 173.32 16.2384 157.082 11.1805 8.99824 13.2083 5.94533 846.375
internal_count=143531 52097 2887 49210 6873 512 121 6361 2151 645 206 110 439 42337 18754 18721 23583 18549 1785 62 16764 1723 1485 162 1323 104 91 238 57 16744
is_linear=0
shrinkage=0.1


Tree=253
num_leaves=31
num_cat=0
split_feature=33 2 4 24 18 3 19 34 0 0 32 32 27 33 10 4 18 32 36 0 36 3 19 10 10 35 35 32 32 32
split_gain=0.754135 2.35078 3.27271 3.14676 3.1694 2.92383 2.44316 2.20376 2.15396 2.54662 4.2039 2.58395 2.57282 2.069 2.03209 2.01066 1.98366 1.96147 3.28358 4.58834 2.99141 3.21818 2.80253 2.19387 3.62444 2.78289 5.88993 4.11137 3.22924 3.07094
threshold=90.976745278078155 176.60129486023325 90.200015801486259 28.566477750585431 2541.1422625000005 94.202143989288274 258.53520072886801 200.69732062576929 32.00364764427696 35.999139025065851 132.26346746370621 117.97044967054346 19.977513599910438 91.501642649661861 3.454881748632153 63.102953788449526 2014.9677235626971 162.00092129381133 41.999974311694807 63.823788690271932 59.47222636487534 55.39971525132659 395.33258407223838 4.9999488137370776 4.0000495923495549 75.001742655236711 89.999633874816837 133.00025668848028 154.0100331569536 129.42720560760071
decision_type=2 2 2 2 2 2 2 2 2 2 2 2 2 2 2 2 2 2 2 2 2 2 2 2 2 2 2 2 2 2
left_child=-1 8 16 4 6 -5 -4 -7 -2 10 13 -11 -12 -10 -6 -13 -3 23 19 -19 22 -22 -20 24 25 -17 27 -27 -29 -28
right_child=1 2 3 5 14 7 -8 -9 9 11 12 15 -14 -15 -16 17 -18 18 20 -21 21 -23 -24 -25 -26 26 29 28 -30 -31
leaf_value=0.00071717004450259653 -0.048961284674234773 -0.038238786638490355 0.072315997757595882 0.12337669368451916 -0.096248821830071246 0.058443883074042573 -0.086619569150581499 -0.08584526245022224 0.060919658449512859 0.076718352002577483 0.037854652999863542 0.10926221358381616 0.15543111830989201 -0.086069540634698655 0.067811668442292417 -0.037454998953884287 0.070080195438302378 0.088821584792738578 -0.036125883869130127 -0.056874341666196038 0.11957538137829998 -0.020622217315895679 0.053295856957309179 -0.018905086457967471 0.086872777907576498 -0.051922707756469913 0.035281760921018507 0.11298191093639576 -0.038672084929667644 -0.012411947782350108
leaf_weight=2959.6279364273751 11.365651307060032 1.9402180536199001 1.1002559028092962 3.0252808473342148 0.94949793803425464 2.409131327727664 7.9969996496929525 1.8881046067708664 1.4186124191692195 3.7127439665982811 4.7130718161006371 1.4779619590008213 3.0755797660312965 2.946820572768047 3.6852391834418086 22.288020429967219 13.144745409828827 9.5638650779328582 20.56369037315563 2.7927094935785126 3.5504328247770891 3.0385492509903997 4.2248895374050326 153.95179464059584 4.441666636230365 2.5093299005711733 15.488809570846568 9.2722384438966383 1.6546400495772093 105.16794600281537
leaf_count=135279 256 43 63 53 16 88 126 120 23 28 73 19 47 61 96 369 189 143 374 92 50 140 58 2470 505 48 335 159 35 2173
internal_value=0.00015248 -0.00379517 0.0205964 -0.00487559 -0.0331064 0.0480659 -0.0673973 -0.00495338 -0.00607165 -0.00477469 0.0402533 -0.00627943 0.0842832 -0.0383032 0.0342013 -0.00713544 0.0561483 -0.00761529 0.0122288 0.0558928 -0.00496628 0.0549224 -0.0208851 -0.0103724 -0.00220422 -0.00473426 0.000704355 0.0635087 0.0900172 -0.00628947
internal_weight=3382.99 423.358 36.1395 21.0545 13.732 7.32252 9.09726 4.29724 387.219 375.853 12.1541 363.699 7.78865 4.36543 4.63474 359.987 15.085 358.509 43.7341 12.3566 31.3776 6.58898 24.7886 314.774 160.823 156.381 134.093 13.4362 10.9269 120.657
internal_count=143531 8252 794 562 301 261 189 208 7458 7202 204 6998 120 84 112 6970 232 6951 857 235 622 190 432 6094 3624 3119 2750 242 194 2508
is_linear=0
shrinkage=0.1


Tree=254
num_leaves=31
num_cat=0
split_feature=6 0 31 36 6 25 27 32 2 2 10 10 32 7 33 34 34 31 24 36 20 19 19 31 31 10 23 19 11 35
split_gain=2.42248 0.581377 0.580505 0.737357 0.961046 1.00639 0.617396 0.498701 0.479432 0.491073 0.446848 0.43353 0.420427 0.379909 0.366346 0.400532 0.419897 0.349294 0.337173 0.298361 0.315633 0.290827 0.285539 0.282871 0.280213 0.377002 0.306889 0.267719 0.264106 0.246987
threshold=7.8272931572193762 67.294750415009574 6.1000460646905657 37.340031215501931 5.2489237263514719 0.57110427157832511 10.31553473076182 130.99970601123923 167.73296347728893 155.4283708786302 3.9999090474827423 3.2992070718604043 132.9999401526089 1.9715083798388366 48.279058621723912 251.000606508701 255.00156803800016 6.4051489207289158 27.241128232179019 38.307425243346273 102.61089176376485 316.87176748798242 315.66723140572577 5.5525643806091418 6.4051489207289158 4.4709080205660019 0.72977237609998558 114.83412483487149 2.9916750384456821 192.65887367275033
decision_type=2 2 2 2 2 2 2 2 2 2 2 2 2 2 2 2 2 2 2 2 2 2 2 2 2 2 2 2 2 2
left_child=2 14 3 8 5 19 12 10 9 -1 -3 -6 18 -12 28 17 29 -16 -7 20 -5 23 -13 -15 25 26 -4 -27 -2 -17
right_child=1 7 24 4 11 6 -8 -9 -10 -11 13 22 -14 21 15 16 -18 -19 -20 -21 -22 -23 -24 -25 -26 27 -28 -29 -30 -31
leaf_value=-0.045896245182405836 0.079895997059220805 -0.0615543482612423 0.033060689757813948 -0.066752714505304775 -0.066830682383823337 0.047359540273549453 -0.066765428923347345 -0.061884641824090141 -0.066803756145322718 0.041651626266120768 -0.064115475965846949 0.050569112803407493 -0.066758753977767232 -0.016261878498225159 -0.065247900472776996 -0.066326832919970144 -0.063541756449864914 0.066669869677073029 -0.034370823336017674 -0.062432408821274724 0.08348267196285028 -0.063540625424716071 -0.066786293707649921 0.065447169638348637 0.066667906379927547 0.046536512557363907 -0.066763393462621598 -0.05484677407976446 -0.067268601003657377 0.076428365772343132
leaf_weight=0.743622433953539 0.33659880670893727 0.86718530690268325 4.8295583421531765 0.26235286633436583 0.42665547830256345 2.7599494135629365 1.0450928741629466 1.7886514629062729 0.57152116123506846 4.6291260475236413 0.45903183892005506 2.617253864758823 0.48943023084393633 0.55650149760185819 13.662850173082912 0.15412207645567721 0.68119816303442349 0.20370983360771866 0.61773704177358002 6.9560634703721007 0.29946730111441866 0.27077994217688672 0.22516556075061078 1.7753384550051121 1.1943330207304823 0.34043528467009299 0.32894769459380757 1.1087740581097021 0.19122702570894035 0.56731633265371784
leaf_count=980 22 1309 2954 838 903 1051 3074 2497 2481 2283 500 941 1277 192 25738 95 829 2896 1820 42727 68 311 625 477 43644 80 746 1918 200 55
internal_value=-0.0199309 -0.0454379 -0.00129411 -0.00972426 -0.0210819 -0.0337703 0.00143072 -0.0181136 0.0202719 0.0295344 0.00181365 0.0271638 0.0198608 0.0197621 -0.0553275 -0.0581588 -0.00723487 -0.0633099 0.0324121 -0.0567708 0.0133273 0.0345558 0.0412727 0.045947 0.0220917 0.0140346 0.0266951 -0.0310307 0.0265795 0.0459313
internal_weight=50.96 21.5145 29.4455 21.6434 15.6992 12.4301 4.91221 5.71749 5.94427 5.37275 3.92884 3.26907 3.86712 3.06165 15.797 15.2692 1.40264 13.8666 3.37769 7.51788 0.56182 2.60262 2.84242 2.33184 7.80205 6.60772 5.15851 1.44921 0.527826 0.721438
internal_count=143531 35121 108410 59068 53324 50855 7222 5286 5744 3263 2789 2469 4148 1480 29835 29613 979 28634 2871 43633 906 980 1566 669 49342 5698 3700 1998 222 150
is_linear=0
shrinkage=0.1


Tree=255
num_leaves=31
num_cat=0
split_feature=31 16 11 0 32 35 34 18 18 24 6 36 34 4 27 24 27 18 18 0 3 4 2 9 0 2 3 24 25 7
split_gain=1.39591 0.835452 0.815047 1.853 1.76609 0.911924 0.825705 2.48969 1.94424 2.36762 2.15342 3.09249 2.70632 4.06507 3.75839 3.52005 4.2965 3.30108 4.15791 2.61781 2.32611 2.21822 2.15898 2.84629 3.37037 2.94738 4.31696 5.86702 4.04023 3.90698
threshold=5.6000049957114308 1.9999120663773577 8.9996338175482613 79.999163643624442 90.135342219126883 562.88663738102923 235.00264384652891 3509.138427789881 2725.2778831031378 18.54093363382022 1.3865816092077552 60.120275969224579 267.64531951003949 93.331351491534647 14.999246317151824 23.151286461375737 19.977513599910438 2067.2789628959085 1336.0919644232042 62.999880890554181 51.300118661893684 82.202585456019534 147.1014244278438 1.0001023725258471 35.999139025065851 164.31074919525324 67.64224862202714 25.582858155592877 0.54439940419292843 1.9991072473805913
decision_type=2 2 2 2 2 2 2 2 2 2 2 2 2 2 2 2 2 2 2 2 2 2 2 2 2 2 2 2 2 2
left_child=1 2 6 4 -4 -6 -1 8 9 -8 11 12 13 15 20 16 19 18 -15 -11 -14 -16 -12 24 -24 26 27 28 -25 -29
right_child=-2 -3 3 -5 5 -7 7 -9 -10 10 22 -13 14 17 21 -17 -18 -19 -20 -21 -22 -23 23 25 -26 -27 -28 29 -30 -31
leaf_value=0.0006628378891013198 -0.066669536301818141 0.062585874491513732 -0.13616691958925572 -0.088992248057970846 0.076585868023474932 -0.063548295620019415 -0.076512392459060038 0.048190588242166252 -0.029724229377600921 0.085930459836872308 0.02296617866001837 0.066003393671178662 -0.11173445141246081 0.093145377675829588 -0.0024493386407059624 0.058705727509256928 -0.1222947742965078 0.066460564536585595 -0.10263125889683507 -0.097020648742723564 0.030946422689390598 -0.12961309544653901 -0.043108429219814746 -0.014226392090161584 0.019604197381120608 -0.037578226077526679 0.026951772577266931 -0.10393901548925014 0.033374371268770846 -0.030231702627677621
leaf_weight=2955.6201509377388 3.1246772624717769 2.1452131113073838 0.46650989967747492 1.0868925554532323 5.8355499574536225 0.5045255534678289 4.3665914824159691 8.880717769974579 30.214779052093945 3.1126032914035049 23.627462803688104 9.7788245019510196 1.3347823276053512 1.3147569984830605 2.0047552994656135 21.288997987561743 2.6867408794460061 2.3932104004707071 6.2025657875383331 1.0445878162099687 7.9364786907826783 4.3444784575840458 10.167348446979302 73.495165617667226 54.539017521645292 43.010007868091634 28.842666534299497 9.681203903994172 23.543017124160542 27.964387447340414
leaf_count=44880 91434 2735 8 49 312 7 93 160 309 191 110 809 14 30 23 533 70 72 80 55 173 71 56 456 198 209 121 58 101 114
internal_value=0.000137874 0.000199865 0.000160097 0.0322558 0.051617 0.0654344 8.46375e-05 -0.00416884 -0.00535233 -0.00332192 -0.00242998 0.0142831 0.00485849 0.0192483 -0.0301877 0.0386498 -0.0237369 -0.0358265 -0.0683905 0.0399599 0.0104047 -0.0894614 -0.00602589 -0.00855133 0.00975013 -0.014285 -0.00815857 -0.0156775 -0.00267768 -0.0491868
internal_weight=3370.56 3367.43 3365.29 7.89348 6.80659 6.34008 3357.4 401.775 392.894 362.68 358.313 63.4428 53.664 38.0435 15.6205 28.1329 6.84393 9.91053 7.51732 4.15719 9.27126 6.34923 294.87 271.243 64.7064 206.536 163.526 134.684 97.0382 37.6456
internal_count=143531 52097 49362 376 327 319 48986 4106 3946 3637 3544 2121 1312 1031 281 849 316 182 110 246 187 94 1423 1313 254 1059 850 729 557 172
is_linear=0
shrinkage=0.1


Tree=256
num_leaves=31
num_cat=0
split_feature=2 32 0 33 2 35 31 31 1 31 1 34 32 34 10 32 35 8 18 36 19 4 32 32 2 18 18 35 35 36
split_gain=0.796795 4.55074 3.72103 4.27602 3.71036 3.67953 3.5361 27.0246 14.5565 5.96135 5.77972 5.50726 5.51103 6.33591 4.99293 4.98159 4.43924 4.3536 5.86723 5.78525 4.1818 4.07583 4.7762 3.92263 3.97475 3.82214 4.55247 3.79253 3.96753 3.71715
threshold=165.14439133185178 144.52456009322273 78.997381413730892 103.57881468704906 167.62160877822618 162.00427228574543 5.5999934808113094 5.5000361346034827 1.9999498421511459 5.6000049957114308 1.9999498421511459 185.00004199835135 105.9823372216328 197.00043852120442 3.9999090474827423 103.99967392014766 201.00140018873498 3.4173192651074462 1909.8923637443893 46.792118882171771 576.70143839226409 91.106681862771396 171.00263229213229 120.22234807923563 163.80001903151631 1918.1294279110045 1713.4069393851289 196.71152603435939 182.558111854169 48.67606442049415
decision_type=2 2 2 2 2 2 2 2 2 2 2 2 2 2 2 2 2 2 2 2 2 2 2 2 2 2 2 2 2 2
left_child=6 4 3 -3 -2 -5 7 10 11 -10 -1 14 13 15 20 16 -13 21 19 -19 27 22 -14 -23 -25 26 -26 28 29 -8
right_child=1 2 -4 5 -6 -7 8 -9 9 -11 -12 12 17 -15 -16 -17 -18 18 -20 -21 -22 23 -24 24 25 -27 -28 -29 -30 -31
leaf_value=-0.069835405315668883 0.0105793566787988 0.036360391403122118 -0.075166855432258095 -0.065994536734839362 -0.0027994753866116755 0.018625179644237055 -0.0060692017106333514 0.08777619810796515 -0.070090624560840142 0.013343529911869288 -0.00011463888847288383 0.034722029805327764 -0.0080083398669407776 0.017611709966919901 -0.023158491636892604 0.25269738028386929 0.29503034010065038 -0.063101759046237535 0.0032609373416280308 0.37959136296328866 0.12078273204969175 -0.019782905552270538 0.11025527067474623 0.063125899946749192 -0.024137572714662769 -0.079352409638925842 0.17933153613275599 -0.066427830559190451 0.16025382219022935 0.059317412440103384
leaf_weight=11.982680715340392 270.30679687994416 79.866689813353332 3.7978907462311318 8.302258273346526 889.16774864118452 13.485418784565807 40.474767917770805 35.347214673296548 47.996040476136841 10.42338674104303 1537.5662577142393 4.1879479744402515 169.95643566672788 14.366069483176032 159.114024966937 2.32949917867154 0.77662980920831604 0.40171565403215881 2.0711403532968689 1.1133279448404207 3.2357230928919298 13.210915633178955 3.4849381636759054 27.128205345826245 3.0407431522999087 4.4627999572585395 1.7225893125360014 6.7695339013480398 1.7697351280094142 11.072771274235491
leaf_count=2617 12085 2298 104 123 38313 212 4518 1008 2705 35634 22106 176 6987 618 6872 60 32 54 168 84 193 698 63 1635 125 228 58 1050 318 2389
internal_value=0.00014318 0.00212838 0.0220173 0.0256482 0.000319514 -0.0136194 -0.00104467 0.00131842 -0.00812311 -0.055204 -0.00065379 -0.00227968 0.00795929 0.0561498 -0.013707 0.132053 0.0754432 0.00335273 0.112659 0.262211 0.0100422 0.00159498 -0.00563208 0.0268843 0.0438428 -0.0128565 0.049444 0.00407877 0.0130308 0.0079763
internal_weight=3378.93 1264.93 105.452 101.654 1159.47 21.7877 2114.01 1584.9 529.109 58.4194 1549.55 470.69 248.253 21.6601 222.437 7.29408 4.96458 226.593 3.58618 1.51504 63.3225 223.007 173.441 49.5653 36.3543 9.22613 4.76333 60.0868 53.3173 51.5475
internal_count=143531 53135 2737 2633 50398 335 90396 25731 64665 38339 24723 26326 10986 886 15340 268 208 10100 306 138 8468 9794 7050 2744 2046 411 183 8275 7225 6907
is_linear=0
shrinkage=0.1


Tree=257
num_leaves=31
num_cat=0
split_feature=6 0 31 32 0 35 20 33 35 20 6 19 20 10 33 36 14 34 33 34 32 19 34 32 3 27 19 31 34 11
split_gain=2.27108 0.572879 0.531117 0.500773 0.455872 0.450404 0.864864 0.765775 0.619251 0.925515 0.723878 0.683425 0.594074 0.443356 0.419858 0.388117 0.384649 0.374763 0.404084 0.397625 0.366904 0.516683 0.414971 0.336625 0.32565 0.289483 0.275544 0.271147 0.267545 0.262665
threshold=7.9472796658345706 65.000039467642424 6.4051489207289158 130.99970601123923 41.533303049221907 249.00305810836116 48.548129444002313 81.931470490797849 102.00487427797906 87.915425788331234 5.7393584261367296 343.44187777476503 35.15339674810145 3.9999090474827423 73.000059847391114 38.767407678451484 0.65679734452300609 251.000606508701 48.279058621723912 255.00156803800016 123.91667010143162 125.88403432219003 194.0012485302598 125.71794433409427 42.701258518073352 24.309673044306251 539.06473129057281 6.4051489207289158 227.00636681565766 3.6190916957467256
decision_type=2 2 2 2 2 2 2 2 2 2 2 2 2 2 2 2 2 2 2 2 2 2 2 2 2 2 2 2 2 2
left_child=2 17 4 13 -1 7 14 8 11 10 26 12 -6 -3 -7 -11 28 18 -2 -19 21 -15 -22 -12 -9 29 -10 -20 -14 -16
right_child=1 3 -4 -5 5 6 -8 24 9 15 23 -13 16 20 25 -17 -18 19 27 -21 22 -23 -24 -25 -26 -27 -28 -29 -30 -31
leaf_value=-0.066683092490952278 0.026286838552373633 -0.061089643593328614 0.066667819146437005 -0.06132921903782669 -0.066745085365929394 -0.066842543483839764 -0.066794445088217733 0.063023808303676099 -0.065154865090442327 0.068106614618951344 -0.066850562959491058 -0.06686586807861726 0.039155894367019495 0.070815899725959169 -0.00021693014642413887 -0.066721561374623817 -0.066775408305751224 0.048601250703950702 -0.066726817905222197 -0.063475199282227113 -0.063908157181025715 -0.063275932774285393 0.063337399821868839 0.053825715002059932 -0.06676560250147863 -0.06687841241440444 0.019590508240722407 0.066669519317357734 -0.067197141894318774 0.064733617282735328
leaf_weight=1.1119787271582087 0.50441391857748641 0.94900972921277471 1.1075394298331946 1.9977966825335896 0.66742888832687519 0.34283190712267142 0.89990004512037547 0.20900515811172171 4.3604344005807425 1.3213941230178532 0.29975128331716394 0.90917844054547536 7.7931653355408308 0.40914002025238028 0.75342695298513707 0.25464587576334441 0.38199933173018585 0.668664608147991 12.077984127470696 0.60113452379209775 0.30252598746483261 0.96538052370124205 1.67693861391308 1.0100886595610061 2.5756441590092436 0.2095568308550354 0.42068660472068575 0.15432283695190641 0.24394026627942356 3.5868132546083871
leaf_count=15629 219 1534 43835 2951 3074 457 2326 83 15011 235 543 3687 5918 34 553 1367 2962 136 25004 765 324 1150 245 267 10930 278 303 2443 755 513
internal_value=-0.0194499 -0.044997 -0.00122065 -0.0199547 -0.00396961 -0.00131198 0.0233033 -0.00828523 -0.000601212 -0.0219808 -0.0396541 0.0157975 0.0240686 -0.000745376 0.039875 0.046322 0.0312679 -0.0562621 -0.0614269 -0.00445677 0.016329 -0.0233621 0.0438902 0.0262095 -0.0570241 0.0479162 -0.0576982 -0.0650439 0.0359279 0.0534588
internal_weight=48.7667 20.3073 28.4594 6.30079 27.3519 26.2399 5.79253 20.4474 17.6627 7.667 6.09096 9.99571 9.08653 4.30299 4.89263 1.57604 8.4191 14.0065 12.7367 1.2698 3.35399 1.37452 1.97946 1.30984 2.78465 4.5498 4.78112 12.2323 8.03711 4.34024
internal_count=143531 34805 108726 6238 64891 49262 4127 45135 34122 17726 16124 16396 12709 3287 1801 1602 9635 28567 27666 901 1753 1184 569 810 11013 1344 15314 27447 6673 1066
is_linear=0
shrinkage=0.1


end of trees

feature_importances:
HE_HbA1c=699
HE_TG=484
HE_chol=479
HE_sbp=448
age=434
HE_HDL_st2=391
waist_height_ratio=381
N_CHO=376
HE_dbp=346
N_EN=322
BMI=322
HE_ht=311
DI1_dg=291
N_SUGAR=269
DI2_dg=267
HE_wc=245
HE_wt=195
BD1_11=180
HE_HP=169
BD2_1=135
alcohol_risk_score=135
BS1_1=134
pa_aerobic=103
BS3_1=99
L_BR_FQ=71
HE_DMfh3=61
sex=60
HE_DMfh1=58
BE3_71=55
meal_regularity=46
HE_anem=45
smoking_status=28
BE3_81=21
family_dm_count=20
L_LN_FQ=18
HE_DMfh2=16
L_DN_FQ=15
total_MET_min_week=11

parameters:
[boosting: gbdt]
[objective: multiclass]
[metric: multi_logloss]
[tree_learner: serial]
[device_type: cpu]
[data_sample_strategy: bagging]
[data: ]
[valid: ]
[num_iterations: 3000]
[learning_rate: 0.1]
[num_leaves: 31]
[num_threads: -1]
[seed: 42]
[deterministic: 0]
[force_col_wise: 0]
[force_row_wise: 0]
[histogram_pool_size: -1]
[max_depth: -1]
[min_data_in_leaf: 20]
[min_sum_hessian_in_leaf: 0.001]
[bagging_fraction: 1]
[pos_bagging_fraction: 1]
[neg_bagging_fraction: 1]
[bagging_freq: 0]
[bagging_seed: 400]
[bagging_by_query: 0]
[feature_fraction: 1]
[feature_fraction_bynode: 1]
[feature_fraction_seed: 30056]
[extra_trees: 0]
[extra_seed: 12879]
[early_stopping_round: 0]
[early_stopping_min_delta: 0]
[first_metric_only: 0]
[max_delta_step: 0]
[lambda_l1: 0]
[lambda_l2: 0]
[linear_lambda: 0]
[min_gain_to_split: 0]
[drop_rate: 0.1]
[max_drop: 50]
[skip_drop: 0.5]
[xgboost_dart_mode: 0]
[uniform_drop: 0]
[drop_seed: 17869]
[top_rate: 0.2]
[other_rate: 0.1]
[min_data_per_group: 100]
[max_cat_threshold: 32]
[cat_l2: 10]
[cat_smooth: 10]
[max_cat_to_onehot: 4]
[top_k: 20]
[monotone_constraints: ]
[monotone_constraints_method: basic]
[monotone_penalty: 0]
[feature_contri: ]
[forcedsplits_filename: ]
[refit_decay_rate: 0.9]
[cegb_tradeoff: 1]
[cegb_penalty_split: 0]
[cegb_penalty_feature_lazy: ]
[cegb_penalty_feature_coupled: ]
[path_smooth: 0]
[interaction_constraints: ]
[verbosity: -1]
[saved_feature_importance_type: 0]
[use_quantized_grad: 0]
[num_grad_quant_bins: 4]
[quant_train_renew_leaf: 0]
[stochastic_rounding: 1]
[linear_tree: 0]
[max_bin: 255]
[max_bin_by_feature: ]
[min_data_in_bin: 3]
[bin_construct_sample_cnt: 200000]
[data_random_seed: 175]
[is_enable_sparse: 1]
[enable_bundle: 1]
[use_missing: 1]
[zero_as_missing: 0]
[feature_pre_filter: 1]
[pre_partition: 0]
[two_round: 0]
[header: 0]
[label_column: ]
[weight_column: ]
[group_column: ]
[ignore_column: ]
[categorical_feature: ]
[forcedbins_filename: ]
[precise_float_parser: 0]
[parser_config_file: ]
[objective_seed: 16083]
[num_class: 3]
[is_unbalance: 0]
[scale_pos_weight: 1]
[sigmoid: 1]
[boost_from_average: 1]
[reg_sqrt: 0]
[alpha: 0.9]
[fair_c: 1]
[poisson_max_delta_step: 0.7]
[tweedie_variance_power: 1.5]
[lambdarank_truncation_level: 30]
[lambdarank_norm: 1]
[label_gain: ]
[lambdarank_position_bias_regularization: 0]
[eval_at: ]
[multi_error_top_k: 1]
[auc_mu_weights: ]
[num_machines: 1]
[local_listen_port: 12400]
[time_out: 120]
[machine_list_filename: ]
[machines: ]
[gpu_platform_id: -1]
[gpu_device_id: -1]
[gpu_use_dp: 0]
[num_gpu: 1]

end of parameters

pandas_categorical:[]
